[0.231s] Invoking command in '/home/ambroise/hunav_ws/build/hunav_gazebo_wrapper': CMAKE_PREFIX_PATH=/home/ambroise/hunav_ws/install/hunav_msgs:/home/ambroise/hunav_ws/install/hunav_sim:/home/ambroise/hunav_ws/install/hunav_agent_manager:/home/ambroise/hunav_ws/install/people_msgs:/home/ambroise/hunav_ws/install/hunav_rviz2_panel:/home/ambroise/hunav_ws/install/hunav_gazebo_wrapper:/home/ambroise/hunav_ws/install/hunav_behavior_tree_generator:/home/ambroise/hunav_ws/install/hunav_evaluator:/opt/ros/humble LD_LIBRARY_PATH=/home/ambroise/hunav_ws/install/hunav_msgs/lib:/home/ambroise/hunav_ws/install/people_msgs/lib:/home/ambroise/hunav_ws/install/hunav_rviz2_panel/lib:/home/ambroise/hunav_ws/install/hunav_gazebo_wrapper/lib:/usr/lib/x86_64-linux-gnu/gazebo-11/plugins:/opt/ros/humble/opt/rviz_ogre_vendor/lib:/opt/ros/humble/lib/x86_64-linux-gnu:/opt/ros/humble/lib:/usr/lib/x86_64-linux-gnu/gazebo-11/plugins:/home/ambroise/hunav_ws/install/hunav_gazebo_wrapper/lib /usr/bin/cmake /home/ambroise/hunav_ws/src/hunav_gazebo_wrapper -DAMENT_CMAKE_SYMLINK_INSTALL=1 -DCMAKE_INSTALL_PREFIX=/home/ambroise/hunav_ws/install/hunav_gazebo_wrapper
[0.243s] -- Found ament_cmake: 1.3.14 (/opt/ros/humble/share/ament_cmake/cmake)
[0.358s] -- Override CMake install command with custom implementation using symlinks instead of copying resources
[0.364s] -- Found tinyxml2_vendor: 0.7.7 (/opt/ros/humble/share/tinyxml2_vendor/cmake)
[0.377s] -- Found ament_index_cpp: 1.4.1 (/opt/ros/humble/share/ament_index_cpp/cmake)
[0.377s] -- Found rclcpp: 16.0.19 (/opt/ros/humble/share/rclcpp/cmake)
[0.401s] -- Found rosidl_generator_c: 3.1.8 (/opt/ros/humble/share/rosidl_generator_c/cmake)
[0.402s] -- Found rosidl_adapter: 3.1.8 (/opt/ros/humble/share/rosidl_adapter/cmake)
[0.407s] -- Found rosidl_generator_cpp: 3.1.8 (/opt/ros/humble/share/rosidl_generator_cpp/cmake)
[0.414s] -- Using all available rosidl_typesupport_c: rosidl_typesupport_fastrtps_c;rosidl_typesupport_introspection_c
[0.424s] -- Using all available rosidl_typesupport_cpp: rosidl_typesupport_fastrtps_cpp;rosidl_typesupport_introspection_cpp
[0.448s] -- Found rmw_implementation_cmake: 6.1.2 (/opt/ros/humble/share/rmw_implementation_cmake/cmake)
[0.449s] -- Found rmw_fastrtps_cpp: 6.2.10 (/opt/ros/humble/share/rmw_fastrtps_cpp/cmake)
[0.464s] -- Found TinyXML2 via Config file: TinyXML2_DIR-NOTFOUND
[0.472s] -- Found TinyXML2 via Config file: TinyXML2_DIR-NOTFOUND
[0.487s] -- Found TinyXML2 via Config file: TinyXML2_DIR-NOTFOUND
[0.495s] -- Found TinyXML2 via Config file: TinyXML2_DIR-NOTFOUND
[0.505s] -- Using RMW implementation 'rmw_fastrtps_cpp' as default
[0.545s] -- Found gazebo_ros: 3.9.0 (/opt/ros/humble/share/gazebo_ros/cmake)
[0.573s] -- Found DART: /usr/include (Required is at least version "6.6") found components: dart 
[0.599s] -- Found Protobuf: /usr/lib/x86_64-linux-gnu/libprotobuf.so (found version "3.12.4") 
[0.601s] -- Looking for ignition-math6 -- found version 6.15.1
[0.605s] -- Searching for dependencies of ignition-math6
[0.607s] -- Looking for OGRE...
[0.613s] -- Found Ogre Ghadamon (1.9.0)
[0.614s] -- Found OGRE: optimized;/usr/lib/x86_64-linux-gnu/libOgreMain.so;debug;/usr/lib/x86_64-linux-gnu/libOgreMain.so
[0.621s] -- Looking for OGRE_Paging...
[0.622s] -- Found OGRE_Paging: optimized;/usr/lib/x86_64-linux-gnu/libOgrePaging.so;debug;/usr/lib/x86_64-linux-gnu/libOgrePaging.so
[0.622s] -- Looking for OGRE_Terrain...
[0.622s] -- Found OGRE_Terrain: optimized;/usr/lib/x86_64-linux-gnu/libOgreTerrain.so;debug;/usr/lib/x86_64-linux-gnu/libOgreTerrain.so
[0.622s] -- Looking for OGRE_Property...
[0.622s] -- Found OGRE_Property: optimized;/usr/lib/x86_64-linux-gnu/libOgreProperty.so;debug;/usr/lib/x86_64-linux-gnu/libOgreProperty.so
[0.622s] -- Looking for OGRE_RTShaderSystem...
[0.622s] -- Found OGRE_RTShaderSystem: optimized;/usr/lib/x86_64-linux-gnu/libOgreRTShaderSystem.so;debug;/usr/lib/x86_64-linux-gnu/libOgreRTShaderSystem.so
[0.622s] -- Looking for OGRE_Volume...
[0.622s] -- Found OGRE_Volume: optimized;/usr/lib/x86_64-linux-gnu/libOgreVolume.so;debug;/usr/lib/x86_64-linux-gnu/libOgreVolume.so
[0.623s] -- Looking for OGRE_Overlay...
[0.623s] -- Found OGRE_Overlay: optimized;/usr/lib/x86_64-linux-gnu/libOgreOverlay.so;debug;/usr/lib/x86_64-linux-gnu/libOgreOverlay.so
[0.728s] -- Looking for ignition-math6 -- found version 6.15.1
[0.728s] -- Looking for ignition-transport8 -- found version 8.2.1
[0.728s] -- Searching for dependencies of ignition-transport8
[0.749s] -- Found Protobuf: /usr/lib/x86_64-linux-gnu/libprotobuf.so (found suitable version "3.12.4", minimum required is "3") 
[0.762s] -- Config-file not installed for ZeroMQ -- checking for pkg-config
[0.768s] -- Checking for module 'libzmq >= 4'
[0.784s] --   Found libzmq , version 4.3.4
[0.835s] -- Checking for module 'uuid'
[0.853s] --   Found uuid, version 2.37.2
[0.894s] -- Looking for ignition-msgs5 -- found version 5.8.1
[0.894s] -- Searching for dependencies of ignition-msgs5
[0.917s] -- Looking for ignition-math6 -- found version 6.15.1
[0.924s] -- Looking for ignition-msgs5 -- found version 5.8.1
[0.924s] -- Looking for ignition-common3 -- found version 3.14.0
[0.924s] -- Searching for dependencies of ignition-common3
[0.924s] -- Looking for dlfcn.h - found
[0.924s] -- Looking for libdl - found
[0.936s] -- Searching for <ignition-common3> component [graphics]
[0.936s] -- Looking for ignition-common3-graphics -- found version 3.14.0
[0.937s] -- Searching for dependencies of ignition-common3-graphics
[0.937s] -- Looking for ignition-math6 -- found version 6.15.1
[0.938s] -- Looking for ignition-fuel_tools4 -- found version 4.4.0
[0.938s] -- Searching for dependencies of ignition-fuel_tools4
[0.983s] -- Checking for module 'jsoncpp'
[0.997s] --   Found jsoncpp, version 1.9.5
[1.038s] -- Checking for module 'libzip'
[1.055s] --   Found libzip, version 1.7.3
[1.093s] -- Looking for ignition-common3 -- found version 3.14.0
[1.093s] -- Looking for ignition-math6 -- found version 6.15.1
[1.093s] -- Looking for ignition-msgs5 -- found version 5.8.1
[1.094s] -- Gazebo version: 11.10
[1.095s] -- Found hunav_msgs: 1.0.0 (/home/ambroise/hunav_ws/install/hunav_msgs/share/hunav_msgs/cmake)
[1.117s] -- Found tf2: 0.25.20 (/opt/ros/humble/share/tf2/cmake)
[1.120s] -- Found tf2_geometry_msgs: 0.25.20 (/opt/ros/humble/share/tf2_geometry_msgs/cmake)
[1.123s] -- Found eigen3_cmake_module: 0.1.1 (/opt/ros/humble/share/eigen3_cmake_module/cmake)
[1.124s] -- Ensuring Eigen3 include directory is part of orocos-kdl CMake target
[1.244s] -- Configuring done
[1.271s] -- Generating done
[1.276s] -- Build files have been written to: /home/ambroise/hunav_ws/build/hunav_gazebo_wrapper
[1.290s] Invoked command in '/home/ambroise/hunav_ws/build/hunav_gazebo_wrapper' returned '0': CMAKE_PREFIX_PATH=/home/ambroise/hunav_ws/install/hunav_msgs:/home/ambroise/hunav_ws/install/hunav_sim:/home/ambroise/hunav_ws/install/hunav_agent_manager:/home/ambroise/hunav_ws/install/people_msgs:/home/ambroise/hunav_ws/install/hunav_rviz2_panel:/home/ambroise/hunav_ws/install/hunav_gazebo_wrapper:/home/ambroise/hunav_ws/install/hunav_behavior_tree_generator:/home/ambroise/hunav_ws/install/hunav_evaluator:/opt/ros/humble LD_LIBRARY_PATH=/home/ambroise/hunav_ws/install/hunav_msgs/lib:/home/ambroise/hunav_ws/install/people_msgs/lib:/home/ambroise/hunav_ws/install/hunav_rviz2_panel/lib:/home/ambroise/hunav_ws/install/hunav_gazebo_wrapper/lib:/usr/lib/x86_64-linux-gnu/gazebo-11/plugins:/opt/ros/humble/opt/rviz_ogre_vendor/lib:/opt/ros/humble/lib/x86_64-linux-gnu:/opt/ros/humble/lib:/usr/lib/x86_64-linux-gnu/gazebo-11/plugins:/home/ambroise/hunav_ws/install/hunav_gazebo_wrapper/lib /usr/bin/cmake /home/ambroise/hunav_ws/src/hunav_gazebo_wrapper -DAMENT_CMAKE_SYMLINK_INSTALL=1 -DCMAKE_INSTALL_PREFIX=/home/ambroise/hunav_ws/install/hunav_gazebo_wrapper
[1.292s] Invoking command in '/home/ambroise/hunav_ws/build/hunav_gazebo_wrapper': CMAKE_PREFIX_PATH=/home/ambroise/hunav_ws/install/hunav_msgs:/home/ambroise/hunav_ws/install/hunav_sim:/home/ambroise/hunav_ws/install/hunav_agent_manager:/home/ambroise/hunav_ws/install/people_msgs:/home/ambroise/hunav_ws/install/hunav_rviz2_panel:/home/ambroise/hunav_ws/install/hunav_gazebo_wrapper:/home/ambroise/hunav_ws/install/hunav_behavior_tree_generator:/home/ambroise/hunav_ws/install/hunav_evaluator:/opt/ros/humble LD_LIBRARY_PATH=/home/ambroise/hunav_ws/install/hunav_msgs/lib:/home/ambroise/hunav_ws/install/people_msgs/lib:/home/ambroise/hunav_ws/install/hunav_rviz2_panel/lib:/home/ambroise/hunav_ws/install/hunav_gazebo_wrapper/lib:/usr/lib/x86_64-linux-gnu/gazebo-11/plugins:/opt/ros/humble/opt/rviz_ogre_vendor/lib:/opt/ros/humble/lib/x86_64-linux-gnu:/opt/ros/humble/lib:/usr/lib/x86_64-linux-gnu/gazebo-11/plugins:/home/ambroise/hunav_ws/install/hunav_gazebo_wrapper/lib /usr/bin/cmake --build /home/ambroise/hunav_ws/build/hunav_gazebo_wrapper -- -j16 -l16
[1.337s] [35m[1mConsolidate compiler generated dependencies of target hunav_gazebo_world_generator[0m
[1.338s] [35m[1mConsolidate compiler generated dependencies of target HuNavPlugin[0m
[1.357s] [ 50%] Built target hunav_gazebo_world_generator
[1.370s] [100%] Built target HuNavPlugin
[1.381s] Invoked command in '/home/ambroise/hunav_ws/build/hunav_gazebo_wrapper' returned '0': CMAKE_PREFIX_PATH=/home/ambroise/hunav_ws/install/hunav_msgs:/home/ambroise/hunav_ws/install/hunav_sim:/home/ambroise/hunav_ws/install/hunav_agent_manager:/home/ambroise/hunav_ws/install/people_msgs:/home/ambroise/hunav_ws/install/hunav_rviz2_panel:/home/ambroise/hunav_ws/install/hunav_gazebo_wrapper:/home/ambroise/hunav_ws/install/hunav_behavior_tree_generator:/home/ambroise/hunav_ws/install/hunav_evaluator:/opt/ros/humble LD_LIBRARY_PATH=/home/ambroise/hunav_ws/install/hunav_msgs/lib:/home/ambroise/hunav_ws/install/people_msgs/lib:/home/ambroise/hunav_ws/install/hunav_rviz2_panel/lib:/home/ambroise/hunav_ws/install/hunav_gazebo_wrapper/lib:/usr/lib/x86_64-linux-gnu/gazebo-11/plugins:/opt/ros/humble/opt/rviz_ogre_vendor/lib:/opt/ros/humble/lib/x86_64-linux-gnu:/opt/ros/humble/lib:/usr/lib/x86_64-linux-gnu/gazebo-11/plugins:/home/ambroise/hunav_ws/install/hunav_gazebo_wrapper/lib /usr/bin/cmake --build /home/ambroise/hunav_ws/build/hunav_gazebo_wrapper -- -j16 -l16
[1.382s] Invoking command in '/home/ambroise/hunav_ws/build/hunav_gazebo_wrapper': CMAKE_PREFIX_PATH=/home/ambroise/hunav_ws/install/hunav_msgs:/home/ambroise/hunav_ws/install/hunav_sim:/home/ambroise/hunav_ws/install/hunav_agent_manager:/home/ambroise/hunav_ws/install/people_msgs:/home/ambroise/hunav_ws/install/hunav_rviz2_panel:/home/ambroise/hunav_ws/install/hunav_gazebo_wrapper:/home/ambroise/hunav_ws/install/hunav_behavior_tree_generator:/home/ambroise/hunav_ws/install/hunav_evaluator:/opt/ros/humble LD_LIBRARY_PATH=/home/ambroise/hunav_ws/install/hunav_msgs/lib:/home/ambroise/hunav_ws/install/people_msgs/lib:/home/ambroise/hunav_ws/install/hunav_rviz2_panel/lib:/home/ambroise/hunav_ws/install/hunav_gazebo_wrapper/lib:/usr/lib/x86_64-linux-gnu/gazebo-11/plugins:/opt/ros/humble/opt/rviz_ogre_vendor/lib:/opt/ros/humble/lib/x86_64-linux-gnu:/opt/ros/humble/lib:/usr/lib/x86_64-linux-gnu/gazebo-11/plugins:/home/ambroise/hunav_ws/install/hunav_gazebo_wrapper/lib /usr/bin/cmake --install /home/ambroise/hunav_ws/build/hunav_gazebo_wrapper
[1.389s] -- Install configuration: ""
[1.390s] -- Execute custom install script
[1.390s] -- Up-to-date symlink: /home/ambroise/hunav_ws/install/hunav_gazebo_wrapper/share/hunav_gazebo_wrapper/environment/library_path.sh
[1.390s] -- Up-to-date symlink: /home/ambroise/hunav_ws/install/hunav_gazebo_wrapper/share/hunav_gazebo_wrapper/environment/library_path.dsv
[1.390s] -- Up-to-date symlink: /home/ambroise/hunav_ws/install/hunav_gazebo_wrapper/lib/hunav_gazebo_wrapper/hunav_gazebo_world_generator
[1.390s] -- Up-to-date symlink: /home/ambroise/hunav_ws/install/hunav_gazebo_wrapper/lib/libHuNavPlugin.so
[1.391s] -- Up-to-date symlink: /home/ambroise/hunav_ws/install/hunav_gazebo_wrapper/include/hunav_gazebo_wrapper/HuNavPlugin.h
[1.391s] -- Up-to-date symlink: /home/ambroise/hunav_ws/install/hunav_gazebo_wrapper/include/hunav_gazebo_wrapper/WorldGenerator.hpp
[1.391s] -- Up-to-date symlink: /home/ambroise/hunav_ws/install/hunav_gazebo_wrapper/share/hunav_gazebo_wrapper/launch/params.yaml
[1.391s] -- Up-to-date symlink: /home/ambroise/hunav_ws/install/hunav_gazebo_wrapper/share/hunav_gazebo_wrapper/launch/pmb2_cafe.launch.py
[1.391s] -- Up-to-date symlink: /home/ambroise/hunav_ws/install/hunav_gazebo_wrapper/share/hunav_gazebo_wrapper/launch/pmb2_hunav.launch.py
[1.391s] -- Up-to-date symlink: /home/ambroise/hunav_ws/install/hunav_gazebo_wrapper/share/hunav_gazebo_wrapper/launch/pmb2_pal.launch.py
[1.391s] -- Up-to-date symlink: /home/ambroise/hunav_ws/install/hunav_gazebo_wrapper/share/hunav_gazebo_wrapper/launch/pmb2_params/pmb2_nav_public_sim.yaml
[1.391s] -- Up-to-date symlink: /home/ambroise/hunav_ws/install/hunav_gazebo_wrapper/share/hunav_gazebo_wrapper/launch/simulation.launch.py
[1.391s] -- Up-to-date symlink: /home/ambroise/hunav_ws/install/hunav_gazebo_wrapper/share/hunav_gazebo_wrapper/launch/small_house.launch.py
[1.391s] -- Up-to-date symlink: /home/ambroise/hunav_ws/install/hunav_gazebo_wrapper/share/hunav_gazebo_wrapper/launch/small_warehouse.launch.py
[1.392s] -- Up-to-date symlink: /home/ambroise/hunav_ws/install/hunav_gazebo_wrapper/share/hunav_gazebo_wrapper/worlds/cafe.world
[1.392s] -- Up-to-date symlink: /home/ambroise/hunav_ws/install/hunav_gazebo_wrapper/share/hunav_gazebo_wrapper/worlds/example_cafe.world
[1.392s] -- Up-to-date symlink: /home/ambroise/hunav_ws/install/hunav_gazebo_wrapper/share/hunav_gazebo_wrapper/worlds/house.world
[1.392s] -- Up-to-date symlink: /home/ambroise/hunav_ws/install/hunav_gazebo_wrapper/share/hunav_gazebo_wrapper/worlds/warehouse.world
[1.392s] -- Up-to-date symlink: /home/ambroise/hunav_ws/install/hunav_gazebo_wrapper/share/hunav_gazebo_wrapper/maps/cafe.pgm
[1.392s] -- Up-to-date symlink: /home/ambroise/hunav_ws/install/hunav_gazebo_wrapper/share/hunav_gazebo_wrapper/maps/cafe.yaml
[1.392s] -- Up-to-date symlink: /home/ambroise/hunav_ws/install/hunav_gazebo_wrapper/share/hunav_gazebo_wrapper/maps/house.pgm
[1.393s] -- Up-to-date symlink: /home/ambroise/hunav_ws/install/hunav_gazebo_wrapper/share/hunav_gazebo_wrapper/maps/house.yaml
[1.393s] -- Up-to-date symlink: /home/ambroise/hunav_ws/install/hunav_gazebo_wrapper/share/hunav_gazebo_wrapper/maps/warehouse.pgm
[1.393s] -- Up-to-date symlink: /home/ambroise/hunav_ws/install/hunav_gazebo_wrapper/share/hunav_gazebo_wrapper/maps/warehouse.yaml
[1.393s] -- Up-to-date symlink: /home/ambroise/hunav_ws/install/hunav_gazebo_wrapper/share/hunav_gazebo_wrapper/scenarios/agents_cafe.yaml
[1.393s] -- Up-to-date symlink: /home/ambroise/hunav_ws/install/hunav_gazebo_wrapper/share/hunav_gazebo_wrapper/scenarios/agents_house.yaml
[1.393s] -- Up-to-date symlink: /home/ambroise/hunav_ws/install/hunav_gazebo_wrapper/share/hunav_gazebo_wrapper/scenarios/agents_warehouse.yaml
[1.393s] -- Up-to-date symlink: /home/ambroise/hunav_ws/install/hunav_gazebo_wrapper/share/hunav_gazebo_wrapper/scenarios/warehouse_agents_1.yaml
[1.393s] -- Up-to-date symlink: /home/ambroise/hunav_ws/install/hunav_gazebo_wrapper/share/hunav_gazebo_wrapper/behavior_trees/BTCuriousNav.xml
[1.393s] -- Up-to-date symlink: /home/ambroise/hunav_ws/install/hunav_gazebo_wrapper/share/hunav_gazebo_wrapper/behavior_trees/BTRegularNav.xml
[1.393s] -- Up-to-date symlink: /home/ambroise/hunav_ws/install/hunav_gazebo_wrapper/share/hunav_gazebo_wrapper/behavior_trees/BTScaredNav.xml
[1.393s] -- Up-to-date symlink: /home/ambroise/hunav_ws/install/hunav_gazebo_wrapper/share/hunav_gazebo_wrapper/behavior_trees/BTSurprisedNav.xml
[1.393s] -- Up-to-date symlink: /home/ambroise/hunav_ws/install/hunav_gazebo_wrapper/share/hunav_gazebo_wrapper/behavior_trees/BTThreateningNav.xml
[1.394s] -- Up-to-date symlink: /home/ambroise/hunav_ws/install/hunav_gazebo_wrapper/share/hunav_gazebo_wrapper/behavior_trees/agents_cafe__agent_1_bt.xml
[1.394s] -- Up-to-date symlink: /home/ambroise/hunav_ws/install/hunav_gazebo_wrapper/share/hunav_gazebo_wrapper/behavior_trees/agents_cafe__agent_2_bt.xml
[1.394s] -- Up-to-date symlink: /home/ambroise/hunav_ws/install/hunav_gazebo_wrapper/share/hunav_gazebo_wrapper/behavior_trees/agents_cafe__agent_3_bt.xml
[1.394s] -- Up-to-date symlink: /home/ambroise/hunav_ws/install/hunav_gazebo_wrapper/share/hunav_gazebo_wrapper/behavior_trees/agents_house__agent_1_bt.xml
[1.394s] -- Up-to-date symlink: /home/ambroise/hunav_ws/install/hunav_gazebo_wrapper/share/hunav_gazebo_wrapper/behavior_trees/agents_house__agent_2_bt.xml
[1.394s] -- Up-to-date symlink: /home/ambroise/hunav_ws/install/hunav_gazebo_wrapper/share/hunav_gazebo_wrapper/behavior_trees/agents_house__agent_3_bt.xml
[1.394s] -- Up-to-date symlink: /home/ambroise/hunav_ws/install/hunav_gazebo_wrapper/share/hunav_gazebo_wrapper/behavior_trees/agents_warehouse__agent_1_bt.xml
[1.394s] -- Up-to-date symlink: /home/ambroise/hunav_ws/install/hunav_gazebo_wrapper/share/hunav_gazebo_wrapper/behavior_trees/agents_warehouse__agent_2_bt.xml
[1.394s] -- Up-to-date symlink: /home/ambroise/hunav_ws/install/hunav_gazebo_wrapper/share/hunav_gazebo_wrapper/behavior_trees/agents_warehouse__agent_3_bt.xml
[1.394s] -- Up-to-date symlink: /home/ambroise/hunav_ws/install/hunav_gazebo_wrapper/share/hunav_gazebo_wrapper/behavior_trees/warehouse_agents_1__agent_1_bt.xml
[1.394s] -- Up-to-date symlink: /home/ambroise/hunav_ws/install/hunav_gazebo_wrapper/share/hunav_gazebo_wrapper/behavior_trees/warehouse_agents_1__agent_2_bt.xml
[1.402s] -- Up-to-date symlink: /home/ambroise/hunav_ws/install/hunav_gazebo_wrapper/share/hunav_gazebo_wrapper//models/02_01-walk.bvh
[1.403s] -- Up-to-date symlink: /home/ambroise/hunav_ws/install/hunav_gazebo_wrapper/share/hunav_gazebo_wrapper//models/02_07.bvh
[1.403s] -- Up-to-date symlink: /home/ambroise/hunav_ws/install/hunav_gazebo_wrapper/share/hunav_gazebo_wrapper//models/05_02.bvh
[1.403s] -- Up-to-date symlink: /home/ambroise/hunav_ws/install/hunav_gazebo_wrapper/share/hunav_gazebo_wrapper//models/07_01-walk.bvh
[1.403s] -- Up-to-date symlink: /home/ambroise/hunav_ws/install/hunav_gazebo_wrapper/share/hunav_gazebo_wrapper//models/07_04-slow_walk.bvh
[1.403s] -- Up-to-date symlink: /home/ambroise/hunav_ws/install/hunav_gazebo_wrapper/share/hunav_gazebo_wrapper//models/07_05-slow_walk.bvh
[1.403s] -- Up-to-date symlink: /home/ambroise/hunav_ws/install/hunav_gazebo_wrapper/share/hunav_gazebo_wrapper//models/08_08-walk2.bvh
[1.403s] -- Up-to-date symlink: /home/ambroise/hunav_ws/install/hunav_gazebo_wrapper/share/hunav_gazebo_wrapper//models/120_19-walk_slow.bvh
[1.403s] -- Up-to-date symlink: /home/ambroise/hunav_ws/install/hunav_gazebo_wrapper/share/hunav_gazebo_wrapper//models/137_28-normal_wait.bvh
[1.404s] -- Up-to-date symlink: /home/ambroise/hunav_ws/install/hunav_gazebo_wrapper/share/hunav_gazebo_wrapper//models/13_14-laugh.bvh
[1.404s] -- Up-to-date symlink: /home/ambroise/hunav_ws/install/hunav_gazebo_wrapper/share/hunav_gazebo_wrapper//models/141_16-wave_hello.bvh
[1.404s] -- Up-to-date symlink: /home/ambroise/hunav_ws/install/hunav_gazebo_wrapper/share/hunav_gazebo_wrapper//models/141_20-waiting.bvh
[1.404s] -- Up-to-date symlink: /home/ambroise/hunav_ws/install/hunav_gazebo_wrapper/share/hunav_gazebo_wrapper//models/142_01-walk_childist.bvh
[1.404s] -- Up-to-date symlink: /home/ambroise/hunav_ws/install/hunav_gazebo_wrapper/share/hunav_gazebo_wrapper//models/142_04-walk_cool.bvh
[1.404s] -- Up-to-date symlink: /home/ambroise/hunav_ws/install/hunav_gazebo_wrapper/share/hunav_gazebo_wrapper//models/142_08-walk_happy.bvh
[1.404s] -- Up-to-date symlink: /home/ambroise/hunav_ws/install/hunav_gazebo_wrapper/share/hunav_gazebo_wrapper//models/142_16-walk_scared.bvh
[1.404s] -- Up-to-date symlink: /home/ambroise/hunav_ws/install/hunav_gazebo_wrapper/share/hunav_gazebo_wrapper//models/142_17-walk_scared.bvh
[1.404s] -- Up-to-date symlink: /home/ambroise/hunav_ws/install/hunav_gazebo_wrapper/share/hunav_gazebo_wrapper//models/142_19-walk_shy.bvh
[1.404s] -- Up-to-date symlink: /home/ambroise/hunav_ws/install/hunav_gazebo_wrapper/share/hunav_gazebo_wrapper//models/17_01-walk_with_anger.bvh
[1.404s] -- Up-to-date symlink: /home/ambroise/hunav_ws/install/hunav_gazebo_wrapper/share/hunav_gazebo_wrapper//models/69_02_walk_forward.bvh
[1.404s] -- Up-to-date symlink: /home/ambroise/hunav_ws/install/hunav_gazebo_wrapper/share/hunav_gazebo_wrapper//models/aws_robomaker_residential_AirconditionerA_01/materials/textures/aws_AirconditionerA_01.png
[1.404s] -- Up-to-date symlink: /home/ambroise/hunav_ws/install/hunav_gazebo_wrapper/share/hunav_gazebo_wrapper//models/aws_robomaker_residential_AirconditionerA_01/meshes/aws_AirconditionerA_01_collision.DAE
[1.404s] -- Up-to-date symlink: /home/ambroise/hunav_ws/install/hunav_gazebo_wrapper/share/hunav_gazebo_wrapper//models/aws_robomaker_residential_AirconditionerA_01/meshes/aws_AirconditionerA_01_visual.DAE
[1.404s] -- Up-to-date symlink: /home/ambroise/hunav_ws/install/hunav_gazebo_wrapper/share/hunav_gazebo_wrapper//models/aws_robomaker_residential_AirconditionerA_01/model.config
[1.405s] -- Up-to-date symlink: /home/ambroise/hunav_ws/install/hunav_gazebo_wrapper/share/hunav_gazebo_wrapper//models/aws_robomaker_residential_AirconditionerA_01/model.sdf
[1.405s] -- Up-to-date symlink: /home/ambroise/hunav_ws/install/hunav_gazebo_wrapper/share/hunav_gazebo_wrapper//models/aws_robomaker_residential_AirconditionerB_01/materials/textures/aws_AirconditionerB_01.png
[1.405s] -- Up-to-date symlink: /home/ambroise/hunav_ws/install/hunav_gazebo_wrapper/share/hunav_gazebo_wrapper//models/aws_robomaker_residential_AirconditionerB_01/meshes/aws_AirconditionerB_01_collision.DAE
[1.405s] -- Up-to-date symlink: /home/ambroise/hunav_ws/install/hunav_gazebo_wrapper/share/hunav_gazebo_wrapper//models/aws_robomaker_residential_AirconditionerB_01/meshes/aws_AirconditionerB_01_visual.DAE
[1.405s] -- Up-to-date symlink: /home/ambroise/hunav_ws/install/hunav_gazebo_wrapper/share/hunav_gazebo_wrapper//models/aws_robomaker_residential_AirconditionerB_01/model.config
[1.405s] -- Up-to-date symlink: /home/ambroise/hunav_ws/install/hunav_gazebo_wrapper/share/hunav_gazebo_wrapper//models/aws_robomaker_residential_AirconditionerB_01/model.sdf
[1.405s] -- Up-to-date symlink: /home/ambroise/hunav_ws/install/hunav_gazebo_wrapper/share/hunav_gazebo_wrapper//models/aws_robomaker_residential_BalconyTable_01/materials/textures/aws_BalconyTable_01.png
[1.405s] -- Up-to-date symlink: /home/ambroise/hunav_ws/install/hunav_gazebo_wrapper/share/hunav_gazebo_wrapper//models/aws_robomaker_residential_BalconyTable_01/meshes/aws_BalconyTable_01_collision.DAE
[1.405s] -- Up-to-date symlink: /home/ambroise/hunav_ws/install/hunav_gazebo_wrapper/share/hunav_gazebo_wrapper//models/aws_robomaker_residential_BalconyTable_01/meshes/aws_BalconyTable_01_visual.DAE
[1.405s] -- Up-to-date symlink: /home/ambroise/hunav_ws/install/hunav_gazebo_wrapper/share/hunav_gazebo_wrapper//models/aws_robomaker_residential_BalconyTable_01/model.config
[1.405s] -- Up-to-date symlink: /home/ambroise/hunav_ws/install/hunav_gazebo_wrapper/share/hunav_gazebo_wrapper//models/aws_robomaker_residential_BalconyTable_01/model.sdf
[1.405s] -- Up-to-date symlink: /home/ambroise/hunav_ws/install/hunav_gazebo_wrapper/share/hunav_gazebo_wrapper//models/aws_robomaker_residential_Ball_01/materials/textures/aws_Ball_01.png
[1.406s] -- Up-to-date symlink: /home/ambroise/hunav_ws/install/hunav_gazebo_wrapper/share/hunav_gazebo_wrapper//models/aws_robomaker_residential_Ball_01/meshes/aws_Ball_01_collision.DAE
[1.406s] -- Up-to-date symlink: /home/ambroise/hunav_ws/install/hunav_gazebo_wrapper/share/hunav_gazebo_wrapper//models/aws_robomaker_residential_Ball_01/meshes/aws_Ball_01_visual.DAE
[1.406s] -- Up-to-date symlink: /home/ambroise/hunav_ws/install/hunav_gazebo_wrapper/share/hunav_gazebo_wrapper//models/aws_robomaker_residential_Ball_01/model.config
[1.406s] -- Up-to-date symlink: /home/ambroise/hunav_ws/install/hunav_gazebo_wrapper/share/hunav_gazebo_wrapper//models/aws_robomaker_residential_Ball_01/model.sdf
[1.406s] -- Up-to-date symlink: /home/ambroise/hunav_ws/install/hunav_gazebo_wrapper/share/hunav_gazebo_wrapper//models/aws_robomaker_residential_Bed_01/materials/textures/aws_BedA_01.png
[1.406s] -- Up-to-date symlink: /home/ambroise/hunav_ws/install/hunav_gazebo_wrapper/share/hunav_gazebo_wrapper//models/aws_robomaker_residential_Bed_01/materials/textures/aws_BedB_01.png
[1.406s] -- Up-to-date symlink: /home/ambroise/hunav_ws/install/hunav_gazebo_wrapper/share/hunav_gazebo_wrapper//models/aws_robomaker_residential_Bed_01/materials/textures/aws_BedC_01.png
[1.406s] -- Up-to-date symlink: /home/ambroise/hunav_ws/install/hunav_gazebo_wrapper/share/hunav_gazebo_wrapper//models/aws_robomaker_residential_Bed_01/materials/textures/aws_Bed_01.png
[1.406s] -- Up-to-date symlink: /home/ambroise/hunav_ws/install/hunav_gazebo_wrapper/share/hunav_gazebo_wrapper//models/aws_robomaker_residential_Bed_01/meshes/aws_Bed_01_collision.DAE
[1.406s] -- Up-to-date symlink: /home/ambroise/hunav_ws/install/hunav_gazebo_wrapper/share/hunav_gazebo_wrapper//models/aws_robomaker_residential_Bed_01/meshes/aws_Bed_01_visual.DAE
[1.406s] -- Up-to-date symlink: /home/ambroise/hunav_ws/install/hunav_gazebo_wrapper/share/hunav_gazebo_wrapper//models/aws_robomaker_residential_Bed_01/model.config
[1.407s] -- Up-to-date symlink: /home/ambroise/hunav_ws/install/hunav_gazebo_wrapper/share/hunav_gazebo_wrapper//models/aws_robomaker_residential_Bed_01/model.sdf
[1.407s] -- Up-to-date symlink: /home/ambroise/hunav_ws/install/hunav_gazebo_wrapper/share/hunav_gazebo_wrapper//models/aws_robomaker_residential_Board_01/materials/textures/aws_Board_01.png
[1.407s] -- Up-to-date symlink: /home/ambroise/hunav_ws/install/hunav_gazebo_wrapper/share/hunav_gazebo_wrapper//models/aws_robomaker_residential_Board_01/meshes/aws_Board_01_collision.DAE
[1.407s] -- Up-to-date symlink: /home/ambroise/hunav_ws/install/hunav_gazebo_wrapper/share/hunav_gazebo_wrapper//models/aws_robomaker_residential_Board_01/meshes/aws_Board_01_visual.DAE
[1.407s] -- Up-to-date symlink: /home/ambroise/hunav_ws/install/hunav_gazebo_wrapper/share/hunav_gazebo_wrapper//models/aws_robomaker_residential_Board_01/model.config
[1.407s] -- Up-to-date symlink: /home/ambroise/hunav_ws/install/hunav_gazebo_wrapper/share/hunav_gazebo_wrapper//models/aws_robomaker_residential_Board_01/model.sdf
[1.407s] -- Up-to-date symlink: /home/ambroise/hunav_ws/install/hunav_gazebo_wrapper/share/hunav_gazebo_wrapper//models/aws_robomaker_residential_Carpet_01/materials/textures/aws_Carpet_01.png
[1.407s] -- Up-to-date symlink: /home/ambroise/hunav_ws/install/hunav_gazebo_wrapper/share/hunav_gazebo_wrapper//models/aws_robomaker_residential_Carpet_01/meshes/aws_Carpet_01_collision.DAE
[1.407s] -- Up-to-date symlink: /home/ambroise/hunav_ws/install/hunav_gazebo_wrapper/share/hunav_gazebo_wrapper//models/aws_robomaker_residential_Carpet_01/meshes/aws_Carpet_01_visual.DAE
[1.407s] -- Up-to-date symlink: /home/ambroise/hunav_ws/install/hunav_gazebo_wrapper/share/hunav_gazebo_wrapper//models/aws_robomaker_residential_Carpet_01/model.config
[1.407s] -- Up-to-date symlink: /home/ambroise/hunav_ws/install/hunav_gazebo_wrapper/share/hunav_gazebo_wrapper//models/aws_robomaker_residential_Carpet_01/model.sdf
[1.408s] -- Up-to-date symlink: /home/ambroise/hunav_ws/install/hunav_gazebo_wrapper/share/hunav_gazebo_wrapper//models/aws_robomaker_residential_ChairA_01/materials/textures/aws_ChairA_01.png
[1.408s] -- Up-to-date symlink: /home/ambroise/hunav_ws/install/hunav_gazebo_wrapper/share/hunav_gazebo_wrapper//models/aws_robomaker_residential_ChairA_01/meshes/aws_ChairA_01_collision.DAE
[1.408s] -- Up-to-date symlink: /home/ambroise/hunav_ws/install/hunav_gazebo_wrapper/share/hunav_gazebo_wrapper//models/aws_robomaker_residential_ChairA_01/meshes/aws_ChairA_01_visual.DAE
[1.408s] -- Up-to-date symlink: /home/ambroise/hunav_ws/install/hunav_gazebo_wrapper/share/hunav_gazebo_wrapper//models/aws_robomaker_residential_ChairA_01/model.config
[1.408s] -- Up-to-date symlink: /home/ambroise/hunav_ws/install/hunav_gazebo_wrapper/share/hunav_gazebo_wrapper//models/aws_robomaker_residential_ChairA_01/model.sdf
[1.408s] -- Up-to-date symlink: /home/ambroise/hunav_ws/install/hunav_gazebo_wrapper/share/hunav_gazebo_wrapper//models/aws_robomaker_residential_ChairD_01/materials/textures/aws_ChairD_01.png
[1.408s] -- Up-to-date symlink: /home/ambroise/hunav_ws/install/hunav_gazebo_wrapper/share/hunav_gazebo_wrapper//models/aws_robomaker_residential_ChairD_01/meshes/aws_ChairD_01_collision.DAE
[1.408s] -- Up-to-date symlink: /home/ambroise/hunav_ws/install/hunav_gazebo_wrapper/share/hunav_gazebo_wrapper//models/aws_robomaker_residential_ChairD_01/meshes/aws_ChairD_01_visual.DAE
[1.408s] -- Up-to-date symlink: /home/ambroise/hunav_ws/install/hunav_gazebo_wrapper/share/hunav_gazebo_wrapper//models/aws_robomaker_residential_ChairD_01/model.config
[1.408s] -- Up-to-date symlink: /home/ambroise/hunav_ws/install/hunav_gazebo_wrapper/share/hunav_gazebo_wrapper//models/aws_robomaker_residential_ChairD_01/model.sdf
[1.408s] -- Up-to-date symlink: /home/ambroise/hunav_ws/install/hunav_gazebo_wrapper/share/hunav_gazebo_wrapper//models/aws_robomaker_residential_Chandelier_01/materials/textures/aws_Chandelier_01.png
[1.408s] -- Up-to-date symlink: /home/ambroise/hunav_ws/install/hunav_gazebo_wrapper/share/hunav_gazebo_wrapper//models/aws_robomaker_residential_Chandelier_01/meshes/aws_Chandelier_01.DAE
[1.409s] -- Up-to-date symlink: /home/ambroise/hunav_ws/install/hunav_gazebo_wrapper/share/hunav_gazebo_wrapper//models/aws_robomaker_residential_Chandelier_01/meshes/aws_Chandelier_01_collision.DAE
[1.409s] -- Up-to-date symlink: /home/ambroise/hunav_ws/install/hunav_gazebo_wrapper/share/hunav_gazebo_wrapper//models/aws_robomaker_residential_Chandelier_01/meshes/aws_Chandelier_01_visual.DAE
[1.409s] -- Up-to-date symlink: /home/ambroise/hunav_ws/install/hunav_gazebo_wrapper/share/hunav_gazebo_wrapper//models/aws_robomaker_residential_Chandelier_01/model.config
[1.409s] -- Up-to-date symlink: /home/ambroise/hunav_ws/install/hunav_gazebo_wrapper/share/hunav_gazebo_wrapper//models/aws_robomaker_residential_Chandelier_01/model.sdf
[1.409s] -- Up-to-date symlink: /home/ambroise/hunav_ws/install/hunav_gazebo_wrapper/share/hunav_gazebo_wrapper//models/aws_robomaker_residential_CoffeeTable_01/materials/textures/aws_CoffeeTable_01.png
[1.409s] -- Up-to-date symlink: /home/ambroise/hunav_ws/install/hunav_gazebo_wrapper/share/hunav_gazebo_wrapper//models/aws_robomaker_residential_CoffeeTable_01/meshes/aws_CoffeeTable_01_collision.DAE
[1.409s] -- Up-to-date symlink: /home/ambroise/hunav_ws/install/hunav_gazebo_wrapper/share/hunav_gazebo_wrapper//models/aws_robomaker_residential_CoffeeTable_01/meshes/aws_CoffeeTable_01_visual.DAE
[1.409s] -- Up-to-date symlink: /home/ambroise/hunav_ws/install/hunav_gazebo_wrapper/share/hunav_gazebo_wrapper//models/aws_robomaker_residential_CoffeeTable_01/model.config
[1.409s] -- Up-to-date symlink: /home/ambroise/hunav_ws/install/hunav_gazebo_wrapper/share/hunav_gazebo_wrapper//models/aws_robomaker_residential_CoffeeTable_01/model.sdf
[1.409s] -- Up-to-date symlink: /home/ambroise/hunav_ws/install/hunav_gazebo_wrapper/share/hunav_gazebo_wrapper//models/aws_robomaker_residential_CookingBench_01/materials/textures/aws_CookingBench_01.png
[1.409s] -- Up-to-date symlink: /home/ambroise/hunav_ws/install/hunav_gazebo_wrapper/share/hunav_gazebo_wrapper//models/aws_robomaker_residential_CookingBench_01/meshes/aws_CookingBench_01.DAE
[1.410s] -- Up-to-date symlink: /home/ambroise/hunav_ws/install/hunav_gazebo_wrapper/share/hunav_gazebo_wrapper//models/aws_robomaker_residential_CookingBench_01/meshes/aws_CookingBench_01_collision.DAE
[1.410s] -- Up-to-date symlink: /home/ambroise/hunav_ws/install/hunav_gazebo_wrapper/share/hunav_gazebo_wrapper//models/aws_robomaker_residential_CookingBench_01/meshes/aws_CookingBench_01_visual.DAE
[1.410s] -- Up-to-date symlink: /home/ambroise/hunav_ws/install/hunav_gazebo_wrapper/share/hunav_gazebo_wrapper//models/aws_robomaker_residential_CookingBench_01/model.config
[1.410s] -- Up-to-date symlink: /home/ambroise/hunav_ws/install/hunav_gazebo_wrapper/share/hunav_gazebo_wrapper//models/aws_robomaker_residential_CookingBench_01/model.sdf
[1.410s] -- Up-to-date symlink: /home/ambroise/hunav_ws/install/hunav_gazebo_wrapper/share/hunav_gazebo_wrapper//models/aws_robomaker_residential_Curtain_01/materials/textures/aws_Curtain_01.png
[1.410s] -- Up-to-date symlink: /home/ambroise/hunav_ws/install/hunav_gazebo_wrapper/share/hunav_gazebo_wrapper//models/aws_robomaker_residential_Curtain_01/meshes/aws_Curtain_01_collision.DAE
[1.410s] -- Up-to-date symlink: /home/ambroise/hunav_ws/install/hunav_gazebo_wrapper/share/hunav_gazebo_wrapper//models/aws_robomaker_residential_Curtain_01/meshes/aws_Curtain_01_visual.DAE
[1.410s] -- Up-to-date symlink: /home/ambroise/hunav_ws/install/hunav_gazebo_wrapper/share/hunav_gazebo_wrapper//models/aws_robomaker_residential_Curtain_01/model.config
[1.410s] -- Up-to-date symlink: /home/ambroise/hunav_ws/install/hunav_gazebo_wrapper/share/hunav_gazebo_wrapper//models/aws_robomaker_residential_Curtain_01/model.sdf
[1.410s] -- Up-to-date symlink: /home/ambroise/hunav_ws/install/hunav_gazebo_wrapper/share/hunav_gazebo_wrapper//models/aws_robomaker_residential_DeskPortraitA_01/materials/textures/DeskPortraitA_01.jpg
[1.410s] -- Up-to-date symlink: /home/ambroise/hunav_ws/install/hunav_gazebo_wrapper/share/hunav_gazebo_wrapper//models/aws_robomaker_residential_DeskPortraitA_01/materials/textures/aws_DeskPortraitA_01.png
[1.411s] -- Up-to-date symlink: /home/ambroise/hunav_ws/install/hunav_gazebo_wrapper/share/hunav_gazebo_wrapper//models/aws_robomaker_residential_DeskPortraitA_01/materials/textures/aws_DeskPortraitA_02.png
[1.411s] -- Up-to-date symlink: /home/ambroise/hunav_ws/install/hunav_gazebo_wrapper/share/hunav_gazebo_wrapper//models/aws_robomaker_residential_DeskPortraitA_01/meshes/aws_DeskPortraitA_01_collision.DAE
[1.411s] -- Up-to-date symlink: /home/ambroise/hunav_ws/install/hunav_gazebo_wrapper/share/hunav_gazebo_wrapper//models/aws_robomaker_residential_DeskPortraitA_01/meshes/aws_DeskPortraitA_01_visual.DAE
[1.411s] -- Up-to-date symlink: /home/ambroise/hunav_ws/install/hunav_gazebo_wrapper/share/hunav_gazebo_wrapper//models/aws_robomaker_residential_DeskPortraitA_01/model.config
[1.411s] -- Up-to-date symlink: /home/ambroise/hunav_ws/install/hunav_gazebo_wrapper/share/hunav_gazebo_wrapper//models/aws_robomaker_residential_DeskPortraitA_01/model.sdf
[1.411s] -- Up-to-date symlink: /home/ambroise/hunav_ws/install/hunav_gazebo_wrapper/share/hunav_gazebo_wrapper//models/aws_robomaker_residential_DeskPortraitA_02/materials/textures/DeskPortraitA_02.jpg
[1.411s] -- Up-to-date symlink: /home/ambroise/hunav_ws/install/hunav_gazebo_wrapper/share/hunav_gazebo_wrapper//models/aws_robomaker_residential_DeskPortraitA_02/materials/textures/aws_DeskPortraitA_01.png
[1.411s] -- Up-to-date symlink: /home/ambroise/hunav_ws/install/hunav_gazebo_wrapper/share/hunav_gazebo_wrapper//models/aws_robomaker_residential_DeskPortraitA_02/materials/textures/aws_DeskPortraitA_02.png
[1.411s] -- Up-to-date symlink: /home/ambroise/hunav_ws/install/hunav_gazebo_wrapper/share/hunav_gazebo_wrapper//models/aws_robomaker_residential_DeskPortraitA_02/meshes/aws_DeskPortraitA_01_collision.DAE
[1.411s] -- Up-to-date symlink: /home/ambroise/hunav_ws/install/hunav_gazebo_wrapper/share/hunav_gazebo_wrapper//models/aws_robomaker_residential_DeskPortraitA_02/meshes/aws_DeskPortraitA_01_visual.DAE
[1.411s] -- Up-to-date symlink: /home/ambroise/hunav_ws/install/hunav_gazebo_wrapper/share/hunav_gazebo_wrapper//models/aws_robomaker_residential_DeskPortraitA_02/model.config
[1.412s] -- Up-to-date symlink: /home/ambroise/hunav_ws/install/hunav_gazebo_wrapper/share/hunav_gazebo_wrapper//models/aws_robomaker_residential_DeskPortraitA_02/model.sdf
[1.412s] -- Up-to-date symlink: /home/ambroise/hunav_ws/install/hunav_gazebo_wrapper/share/hunav_gazebo_wrapper//models/aws_robomaker_residential_DeskPortraitB_01/materials/textures/DeskPortraitB_01.jpg
[1.412s] -- Up-to-date symlink: /home/ambroise/hunav_ws/install/hunav_gazebo_wrapper/share/hunav_gazebo_wrapper//models/aws_robomaker_residential_DeskPortraitB_01/materials/textures/aws_DeskPortraitB_01.png
[1.412s] -- Up-to-date symlink: /home/ambroise/hunav_ws/install/hunav_gazebo_wrapper/share/hunav_gazebo_wrapper//models/aws_robomaker_residential_DeskPortraitB_01/materials/textures/aws_DeskPortraitB_02.png
[1.412s] -- Up-to-date symlink: /home/ambroise/hunav_ws/install/hunav_gazebo_wrapper/share/hunav_gazebo_wrapper//models/aws_robomaker_residential_DeskPortraitB_01/meshes/aws_DeskPortraitB_01_collision.DAE
[1.412s] -- Up-to-date symlink: /home/ambroise/hunav_ws/install/hunav_gazebo_wrapper/share/hunav_gazebo_wrapper//models/aws_robomaker_residential_DeskPortraitB_01/meshes/aws_DeskPortraitB_01_visual.DAE
[1.412s] -- Up-to-date symlink: /home/ambroise/hunav_ws/install/hunav_gazebo_wrapper/share/hunav_gazebo_wrapper//models/aws_robomaker_residential_DeskPortraitB_01/model.config
[1.412s] -- Up-to-date symlink: /home/ambroise/hunav_ws/install/hunav_gazebo_wrapper/share/hunav_gazebo_wrapper//models/aws_robomaker_residential_DeskPortraitB_01/model.sdf
[1.412s] -- Up-to-date symlink: /home/ambroise/hunav_ws/install/hunav_gazebo_wrapper/share/hunav_gazebo_wrapper//models/aws_robomaker_residential_DeskPortraitB_02/materials/textures/DeskPortraitB_02.jpg
[1.412s] -- Up-to-date symlink: /home/ambroise/hunav_ws/install/hunav_gazebo_wrapper/share/hunav_gazebo_wrapper//models/aws_robomaker_residential_DeskPortraitB_02/materials/textures/aws_DeskPortraitB_01.png
[1.412s] -- Up-to-date symlink: /home/ambroise/hunav_ws/install/hunav_gazebo_wrapper/share/hunav_gazebo_wrapper//models/aws_robomaker_residential_DeskPortraitB_02/materials/textures/aws_DeskPortraitB_02.png
[1.413s] -- Up-to-date symlink: /home/ambroise/hunav_ws/install/hunav_gazebo_wrapper/share/hunav_gazebo_wrapper//models/aws_robomaker_residential_DeskPortraitB_02/meshes/aws_DeskPortraitB_01_collision.DAE
[1.413s] -- Up-to-date symlink: /home/ambroise/hunav_ws/install/hunav_gazebo_wrapper/share/hunav_gazebo_wrapper//models/aws_robomaker_residential_DeskPortraitB_02/meshes/aws_DeskPortraitB_01_visual.DAE
[1.413s] -- Up-to-date symlink: /home/ambroise/hunav_ws/install/hunav_gazebo_wrapper/share/hunav_gazebo_wrapper//models/aws_robomaker_residential_DeskPortraitB_02/model.config
[1.413s] -- Up-to-date symlink: /home/ambroise/hunav_ws/install/hunav_gazebo_wrapper/share/hunav_gazebo_wrapper//models/aws_robomaker_residential_DeskPortraitB_02/model.sdf
[1.413s] -- Up-to-date symlink: /home/ambroise/hunav_ws/install/hunav_gazebo_wrapper/share/hunav_gazebo_wrapper//models/aws_robomaker_residential_DeskPortraitC_01/materials/textures/DeskPortraitC_01.jpg
[1.413s] -- Up-to-date symlink: /home/ambroise/hunav_ws/install/hunav_gazebo_wrapper/share/hunav_gazebo_wrapper//models/aws_robomaker_residential_DeskPortraitC_01/materials/textures/aws_DeskPortraitC_01.png
[1.413s] -- Up-to-date symlink: /home/ambroise/hunav_ws/install/hunav_gazebo_wrapper/share/hunav_gazebo_wrapper//models/aws_robomaker_residential_DeskPortraitC_01/materials/textures/aws_DeskPortraitC_02.png
[1.413s] -- Up-to-date symlink: /home/ambroise/hunav_ws/install/hunav_gazebo_wrapper/share/hunav_gazebo_wrapper//models/aws_robomaker_residential_DeskPortraitC_01/meshes/aws_DeskPortraitC_01_collision.DAE
[1.413s] -- Up-to-date symlink: /home/ambroise/hunav_ws/install/hunav_gazebo_wrapper/share/hunav_gazebo_wrapper//models/aws_robomaker_residential_DeskPortraitC_01/meshes/aws_DeskPortraitC_01_visual.DAE
[1.413s] -- Up-to-date symlink: /home/ambroise/hunav_ws/install/hunav_gazebo_wrapper/share/hunav_gazebo_wrapper//models/aws_robomaker_residential_DeskPortraitC_01/model.config
[1.413s] -- Up-to-date symlink: /home/ambroise/hunav_ws/install/hunav_gazebo_wrapper/share/hunav_gazebo_wrapper//models/aws_robomaker_residential_DeskPortraitC_01/model.sdf
[1.414s] -- Up-to-date symlink: /home/ambroise/hunav_ws/install/hunav_gazebo_wrapper/share/hunav_gazebo_wrapper//models/aws_robomaker_residential_DeskPortraitC_02/materials/textures/DeskPortraitC_02.jpg
[1.414s] -- Up-to-date symlink: /home/ambroise/hunav_ws/install/hunav_gazebo_wrapper/share/hunav_gazebo_wrapper//models/aws_robomaker_residential_DeskPortraitC_02/materials/textures/aws_DeskPortraitC_01.png
[1.414s] -- Up-to-date symlink: /home/ambroise/hunav_ws/install/hunav_gazebo_wrapper/share/hunav_gazebo_wrapper//models/aws_robomaker_residential_DeskPortraitC_02/materials/textures/aws_DeskPortraitC_02.png
[1.414s] -- Up-to-date symlink: /home/ambroise/hunav_ws/install/hunav_gazebo_wrapper/share/hunav_gazebo_wrapper//models/aws_robomaker_residential_DeskPortraitC_02/meshes/aws_DeskPortraitC_01_collision.DAE
[1.414s] -- Up-to-date symlink: /home/ambroise/hunav_ws/install/hunav_gazebo_wrapper/share/hunav_gazebo_wrapper//models/aws_robomaker_residential_DeskPortraitC_02/meshes/aws_DeskPortraitC_01_visual.DAE
[1.414s] -- Up-to-date symlink: /home/ambroise/hunav_ws/install/hunav_gazebo_wrapper/share/hunav_gazebo_wrapper//models/aws_robomaker_residential_DeskPortraitC_02/model.config
[1.414s] -- Up-to-date symlink: /home/ambroise/hunav_ws/install/hunav_gazebo_wrapper/share/hunav_gazebo_wrapper//models/aws_robomaker_residential_DeskPortraitC_02/model.sdf
[1.414s] -- Up-to-date symlink: /home/ambroise/hunav_ws/install/hunav_gazebo_wrapper/share/hunav_gazebo_wrapper//models/aws_robomaker_residential_DeskPortraitD_01/materials/textures/DeskPortraitD_01.jpg
[1.414s] -- Up-to-date symlink: /home/ambroise/hunav_ws/install/hunav_gazebo_wrapper/share/hunav_gazebo_wrapper//models/aws_robomaker_residential_DeskPortraitD_01/materials/textures/aws_DeskPortraitD_01.png
[1.414s] -- Up-to-date symlink: /home/ambroise/hunav_ws/install/hunav_gazebo_wrapper/share/hunav_gazebo_wrapper//models/aws_robomaker_residential_DeskPortraitD_01/materials/textures/aws_DeskPortraitD_02.png
[1.414s] -- Up-to-date symlink: /home/ambroise/hunav_ws/install/hunav_gazebo_wrapper/share/hunav_gazebo_wrapper//models/aws_robomaker_residential_DeskPortraitD_01/meshes/aws_DeskPortraitD_01_collision.DAE
[1.415s] -- Up-to-date symlink: /home/ambroise/hunav_ws/install/hunav_gazebo_wrapper/share/hunav_gazebo_wrapper//models/aws_robomaker_residential_DeskPortraitD_01/meshes/aws_DeskPortraitD_01_visual.DAE
[1.417s] -- Up-to-date symlink: /home/ambroise/hunav_ws/install/hunav_gazebo_wrapper/share/hunav_gazebo_wrapper//models/aws_robomaker_residential_DeskPortraitD_01/model.config
[1.418s] -- Up-to-date symlink: /home/ambroise/hunav_ws/install/hunav_gazebo_wrapper/share/hunav_gazebo_wrapper//models/aws_robomaker_residential_DeskPortraitD_01/model.sdf
[1.418s] -- Up-to-date symlink: /home/ambroise/hunav_ws/install/hunav_gazebo_wrapper/share/hunav_gazebo_wrapper//models/aws_robomaker_residential_DeskPortraitD_02/materials/textures/DeskPortraitD_02.jpg
[1.418s] -- Up-to-date symlink: /home/ambroise/hunav_ws/install/hunav_gazebo_wrapper/share/hunav_gazebo_wrapper//models/aws_robomaker_residential_DeskPortraitD_02/materials/textures/aws_DeskPortraitD_01.png
[1.418s] -- Up-to-date symlink: /home/ambroise/hunav_ws/install/hunav_gazebo_wrapper/share/hunav_gazebo_wrapper//models/aws_robomaker_residential_DeskPortraitD_02/materials/textures/aws_DeskPortraitD_02.png
[1.418s] -- Up-to-date symlink: /home/ambroise/hunav_ws/install/hunav_gazebo_wrapper/share/hunav_gazebo_wrapper//models/aws_robomaker_residential_DeskPortraitD_02/meshes/aws_DeskPortraitD_01_collision.DAE
[1.418s] -- Up-to-date symlink: /home/ambroise/hunav_ws/install/hunav_gazebo_wrapper/share/hunav_gazebo_wrapper//models/aws_robomaker_residential_DeskPortraitD_02/meshes/aws_DeskPortraitD_01_visual.DAE
[1.418s] -- Up-to-date symlink: /home/ambroise/hunav_ws/install/hunav_gazebo_wrapper/share/hunav_gazebo_wrapper//models/aws_robomaker_residential_DeskPortraitD_02/model.config
[1.418s] -- Up-to-date symlink: /home/ambroise/hunav_ws/install/hunav_gazebo_wrapper/share/hunav_gazebo_wrapper//models/aws_robomaker_residential_DeskPortraitD_02/model.sdf
[1.418s] -- Up-to-date symlink: /home/ambroise/hunav_ws/install/hunav_gazebo_wrapper/share/hunav_gazebo_wrapper//models/aws_robomaker_residential_DeskPortraitD_03/materials/textures/DeskPortraitD_03.jpg
[1.418s] -- Up-to-date symlink: /home/ambroise/hunav_ws/install/hunav_gazebo_wrapper/share/hunav_gazebo_wrapper//models/aws_robomaker_residential_DeskPortraitD_03/materials/textures/aws_DeskPortraitD_01.png
[1.418s] -- Up-to-date symlink: /home/ambroise/hunav_ws/install/hunav_gazebo_wrapper/share/hunav_gazebo_wrapper//models/aws_robomaker_residential_DeskPortraitD_03/materials/textures/aws_DeskPortraitD_02.png
[1.418s] -- Up-to-date symlink: /home/ambroise/hunav_ws/install/hunav_gazebo_wrapper/share/hunav_gazebo_wrapper//models/aws_robomaker_residential_DeskPortraitD_03/meshes/aws_DeskPortraitD_01_collision.DAE
[1.418s] -- Up-to-date symlink: /home/ambroise/hunav_ws/install/hunav_gazebo_wrapper/share/hunav_gazebo_wrapper//models/aws_robomaker_residential_DeskPortraitD_03/meshes/aws_DeskPortraitD_01_visual.DAE
[1.418s] -- Up-to-date symlink: /home/ambroise/hunav_ws/install/hunav_gazebo_wrapper/share/hunav_gazebo_wrapper//models/aws_robomaker_residential_DeskPortraitD_03/model.config
[1.418s] -- Up-to-date symlink: /home/ambroise/hunav_ws/install/hunav_gazebo_wrapper/share/hunav_gazebo_wrapper//models/aws_robomaker_residential_DeskPortraitD_03/model.sdf
[1.418s] -- Up-to-date symlink: /home/ambroise/hunav_ws/install/hunav_gazebo_wrapper/share/hunav_gazebo_wrapper//models/aws_robomaker_residential_DeskPortraitD_04/materials/textures/DeskPortraitD_04.jpg
[1.418s] -- Up-to-date symlink: /home/ambroise/hunav_ws/install/hunav_gazebo_wrapper/share/hunav_gazebo_wrapper//models/aws_robomaker_residential_DeskPortraitD_04/materials/textures/aws_DeskPortraitD_01.png
[1.418s] -- Up-to-date symlink: /home/ambroise/hunav_ws/install/hunav_gazebo_wrapper/share/hunav_gazebo_wrapper//models/aws_robomaker_residential_DeskPortraitD_04/materials/textures/aws_DeskPortraitD_02.png
[1.418s] -- Up-to-date symlink: /home/ambroise/hunav_ws/install/hunav_gazebo_wrapper/share/hunav_gazebo_wrapper//models/aws_robomaker_residential_DeskPortraitD_04/meshes/aws_DeskPortraitD_01_collision.DAE
[1.418s] -- Up-to-date symlink: /home/ambroise/hunav_ws/install/hunav_gazebo_wrapper/share/hunav_gazebo_wrapper//models/aws_robomaker_residential_DeskPortraitD_04/meshes/aws_DeskPortraitD_01_visual.DAE
[1.419s] -- Up-to-date symlink: /home/ambroise/hunav_ws/install/hunav_gazebo_wrapper/share/hunav_gazebo_wrapper//models/aws_robomaker_residential_DeskPortraitD_04/model.config
[1.419s] -- Up-to-date symlink: /home/ambroise/hunav_ws/install/hunav_gazebo_wrapper/share/hunav_gazebo_wrapper//models/aws_robomaker_residential_DeskPortraitD_04/model.sdf
[1.419s] -- Up-to-date symlink: /home/ambroise/hunav_ws/install/hunav_gazebo_wrapper/share/hunav_gazebo_wrapper//models/aws_robomaker_residential_Door_01/materials/textures/aws_Door_01.png
[1.419s] -- Up-to-date symlink: /home/ambroise/hunav_ws/install/hunav_gazebo_wrapper/share/hunav_gazebo_wrapper//models/aws_robomaker_residential_Door_01/meshes/aws_Door_01_collision.DAE
[1.419s] -- Up-to-date symlink: /home/ambroise/hunav_ws/install/hunav_gazebo_wrapper/share/hunav_gazebo_wrapper//models/aws_robomaker_residential_Door_01/meshes/aws_Door_01_visual.DAE
[1.419s] -- Up-to-date symlink: /home/ambroise/hunav_ws/install/hunav_gazebo_wrapper/share/hunav_gazebo_wrapper//models/aws_robomaker_residential_Door_01/model.config
[1.419s] -- Up-to-date symlink: /home/ambroise/hunav_ws/install/hunav_gazebo_wrapper/share/hunav_gazebo_wrapper//models/aws_robomaker_residential_Door_01/model.sdf
[1.419s] -- Up-to-date symlink: /home/ambroise/hunav_ws/install/hunav_gazebo_wrapper/share/hunav_gazebo_wrapper//models/aws_robomaker_residential_Dumbbell_01/materials/textures/aws_Dumbbell_01.png
[1.419s] -- Up-to-date symlink: /home/ambroise/hunav_ws/install/hunav_gazebo_wrapper/share/hunav_gazebo_wrapper//models/aws_robomaker_residential_Dumbbell_01/meshes/aws_Dumbbell_01_collision.DAE
[1.419s] -- Up-to-date symlink: /home/ambroise/hunav_ws/install/hunav_gazebo_wrapper/share/hunav_gazebo_wrapper//models/aws_robomaker_residential_Dumbbell_01/meshes/aws_Dumbbell_01_visual.DAE
[1.419s] -- Up-to-date symlink: /home/ambroise/hunav_ws/install/hunav_gazebo_wrapper/share/hunav_gazebo_wrapper//models/aws_robomaker_residential_Dumbbell_01/model.config
[1.419s] -- Up-to-date symlink: /home/ambroise/hunav_ws/install/hunav_gazebo_wrapper/share/hunav_gazebo_wrapper//models/aws_robomaker_residential_Dumbbell_01/model.sdf
[1.419s] -- Up-to-date symlink: /home/ambroise/hunav_ws/install/hunav_gazebo_wrapper/share/hunav_gazebo_wrapper//models/aws_robomaker_residential_FitnessEquipment_01/materials/textures/aws_FitnessEquipment_01.png
[1.419s] -- Up-to-date symlink: /home/ambroise/hunav_ws/install/hunav_gazebo_wrapper/share/hunav_gazebo_wrapper//models/aws_robomaker_residential_FitnessEquipment_01/meshes/aws_FitnessEquipment_01_collision.DAE
[1.419s] -- Up-to-date symlink: /home/ambroise/hunav_ws/install/hunav_gazebo_wrapper/share/hunav_gazebo_wrapper//models/aws_robomaker_residential_FitnessEquipment_01/meshes/aws_FitnessEquipment_01_visual.DAE
[1.419s] -- Up-to-date symlink: /home/ambroise/hunav_ws/install/hunav_gazebo_wrapper/share/hunav_gazebo_wrapper//models/aws_robomaker_residential_FitnessEquipment_01/model.config
[1.419s] -- Up-to-date symlink: /home/ambroise/hunav_ws/install/hunav_gazebo_wrapper/share/hunav_gazebo_wrapper//models/aws_robomaker_residential_FitnessEquipment_01/model.sdf
[1.419s] -- Up-to-date symlink: /home/ambroise/hunav_ws/install/hunav_gazebo_wrapper/share/hunav_gazebo_wrapper//models/aws_robomaker_residential_FloorB_01/materials/textures/aws_FloorB_01.png
[1.419s] -- Up-to-date symlink: /home/ambroise/hunav_ws/install/hunav_gazebo_wrapper/share/hunav_gazebo_wrapper//models/aws_robomaker_residential_FloorB_01/meshes/aws_FloorB_01_collision.DAE
[1.419s] -- Up-to-date symlink: /home/ambroise/hunav_ws/install/hunav_gazebo_wrapper/share/hunav_gazebo_wrapper//models/aws_robomaker_residential_FloorB_01/meshes/aws_FloorB_01_visual.DAE
[1.419s] -- Up-to-date symlink: /home/ambroise/hunav_ws/install/hunav_gazebo_wrapper/share/hunav_gazebo_wrapper//models/aws_robomaker_residential_FloorB_01/model.config
[1.419s] -- Up-to-date symlink: /home/ambroise/hunav_ws/install/hunav_gazebo_wrapper/share/hunav_gazebo_wrapper//models/aws_robomaker_residential_FloorB_01/model.sdf
[1.420s] -- Up-to-date symlink: /home/ambroise/hunav_ws/install/hunav_gazebo_wrapper/share/hunav_gazebo_wrapper//models/aws_robomaker_residential_FoldingDoor_01/materials/textures/aws_FoldingDoor_01.png
[1.420s] -- Up-to-date symlink: /home/ambroise/hunav_ws/install/hunav_gazebo_wrapper/share/hunav_gazebo_wrapper//models/aws_robomaker_residential_FoldingDoor_01/meshes/aws_FoldingDoor_01_collision.DAE
[1.420s] -- Up-to-date symlink: /home/ambroise/hunav_ws/install/hunav_gazebo_wrapper/share/hunav_gazebo_wrapper//models/aws_robomaker_residential_FoldingDoor_01/meshes/aws_FoldingDoor_01_visual.DAE
[1.420s] -- Up-to-date symlink: /home/ambroise/hunav_ws/install/hunav_gazebo_wrapper/share/hunav_gazebo_wrapper//models/aws_robomaker_residential_FoldingDoor_01/model.config
[1.420s] -- Up-to-date symlink: /home/ambroise/hunav_ws/install/hunav_gazebo_wrapper/share/hunav_gazebo_wrapper//models/aws_robomaker_residential_FoldingDoor_01/model.sdf
[1.420s] -- Up-to-date symlink: /home/ambroise/hunav_ws/install/hunav_gazebo_wrapper/share/hunav_gazebo_wrapper//models/aws_robomaker_residential_FoldingDoor_02/materials/textures/aws_FoldingDoor_02.png
[1.420s] -- Up-to-date symlink: /home/ambroise/hunav_ws/install/hunav_gazebo_wrapper/share/hunav_gazebo_wrapper//models/aws_robomaker_residential_FoldingDoor_02/meshes/aws_FoldingDoor_02_collision.DAE
[1.420s] -- Up-to-date symlink: /home/ambroise/hunav_ws/install/hunav_gazebo_wrapper/share/hunav_gazebo_wrapper//models/aws_robomaker_residential_FoldingDoor_02/meshes/aws_FoldingDoor_02_visual.DAE
[1.420s] -- Up-to-date symlink: /home/ambroise/hunav_ws/install/hunav_gazebo_wrapper/share/hunav_gazebo_wrapper//models/aws_robomaker_residential_FoldingDoor_02/model.config
[1.420s] -- Up-to-date symlink: /home/ambroise/hunav_ws/install/hunav_gazebo_wrapper/share/hunav_gazebo_wrapper//models/aws_robomaker_residential_FoldingDoor_02/model.sdf
[1.420s] -- Up-to-date symlink: /home/ambroise/hunav_ws/install/hunav_gazebo_wrapper/share/hunav_gazebo_wrapper//models/aws_robomaker_residential_Handle_01/materials/textures/aws_Handle_01.png
[1.420s] -- Up-to-date symlink: /home/ambroise/hunav_ws/install/hunav_gazebo_wrapper/share/hunav_gazebo_wrapper//models/aws_robomaker_residential_Handle_01/meshes/aws_Handle_01_collision.DAE
[1.420s] -- Up-to-date symlink: /home/ambroise/hunav_ws/install/hunav_gazebo_wrapper/share/hunav_gazebo_wrapper//models/aws_robomaker_residential_Handle_01/meshes/aws_Handle_01_visual.DAE
[1.420s] -- Up-to-date symlink: /home/ambroise/hunav_ws/install/hunav_gazebo_wrapper/share/hunav_gazebo_wrapper//models/aws_robomaker_residential_Handle_01/model.config
[1.420s] -- Up-to-date symlink: /home/ambroise/hunav_ws/install/hunav_gazebo_wrapper/share/hunav_gazebo_wrapper//models/aws_robomaker_residential_Handle_01/model.sdf
[1.420s] -- Up-to-date symlink: /home/ambroise/hunav_ws/install/hunav_gazebo_wrapper/share/hunav_gazebo_wrapper//models/aws_robomaker_residential_HouseWallB_01/materials/textures/aws_HouseWallB_01.png
[1.420s] -- Up-to-date symlink: /home/ambroise/hunav_ws/install/hunav_gazebo_wrapper/share/hunav_gazebo_wrapper//models/aws_robomaker_residential_HouseWallB_01/meshes/aws_HouseWallB_01_collision.DAE
[1.420s] -- Up-to-date symlink: /home/ambroise/hunav_ws/install/hunav_gazebo_wrapper/share/hunav_gazebo_wrapper//models/aws_robomaker_residential_HouseWallB_01/meshes/aws_HouseWallB_01_visual.DAE
[1.420s] -- Up-to-date symlink: /home/ambroise/hunav_ws/install/hunav_gazebo_wrapper/share/hunav_gazebo_wrapper//models/aws_robomaker_residential_HouseWallB_01/model.config
[1.420s] -- Up-to-date symlink: /home/ambroise/hunav_ws/install/hunav_gazebo_wrapper/share/hunav_gazebo_wrapper//models/aws_robomaker_residential_HouseWallB_01/model.sdf
[1.420s] -- Up-to-date symlink: /home/ambroise/hunav_ws/install/hunav_gazebo_wrapper/share/hunav_gazebo_wrapper//models/aws_robomaker_residential_KitchenCabinet_01/materials/textures/aws_KitchenCabinet_01.png
[1.421s] -- Up-to-date symlink: /home/ambroise/hunav_ws/install/hunav_gazebo_wrapper/share/hunav_gazebo_wrapper//models/aws_robomaker_residential_KitchenCabinet_01/meshes/aws_KitchenCabinet_01_collision.DAE
[1.421s] -- Up-to-date symlink: /home/ambroise/hunav_ws/install/hunav_gazebo_wrapper/share/hunav_gazebo_wrapper//models/aws_robomaker_residential_KitchenCabinet_01/meshes/aws_KitchenCabinet_01_visual.DAE
[1.421s] -- Up-to-date symlink: /home/ambroise/hunav_ws/install/hunav_gazebo_wrapper/share/hunav_gazebo_wrapper//models/aws_robomaker_residential_KitchenCabinet_01/model.config
[1.421s] -- Up-to-date symlink: /home/ambroise/hunav_ws/install/hunav_gazebo_wrapper/share/hunav_gazebo_wrapper//models/aws_robomaker_residential_KitchenCabinet_01/model.sdf
[1.421s] -- Up-to-date symlink: /home/ambroise/hunav_ws/install/hunav_gazebo_wrapper/share/hunav_gazebo_wrapper//models/aws_robomaker_residential_KitchenTable_01/materials/textures/aws_KitchenTable_01.png
[1.421s] -- Up-to-date symlink: /home/ambroise/hunav_ws/install/hunav_gazebo_wrapper/share/hunav_gazebo_wrapper//models/aws_robomaker_residential_KitchenTable_01/meshes/aws_KitchenTable_01_collision.DAE
[1.421s] -- Up-to-date symlink: /home/ambroise/hunav_ws/install/hunav_gazebo_wrapper/share/hunav_gazebo_wrapper//models/aws_robomaker_residential_KitchenTable_01/meshes/aws_KitchenTable_01_visual.DAE
[1.421s] -- Up-to-date symlink: /home/ambroise/hunav_ws/install/hunav_gazebo_wrapper/share/hunav_gazebo_wrapper//models/aws_robomaker_residential_KitchenTable_01/model.config
[1.421s] -- Up-to-date symlink: /home/ambroise/hunav_ws/install/hunav_gazebo_wrapper/share/hunav_gazebo_wrapper//models/aws_robomaker_residential_KitchenTable_01/model.sdf
[1.421s] -- Up-to-date symlink: /home/ambroise/hunav_ws/install/hunav_gazebo_wrapper/share/hunav_gazebo_wrapper//models/aws_robomaker_residential_KitchenUtensils_01/materials/textures/aws_KitchenUtensils_01.png
[1.422s] -- Up-to-date symlink: /home/ambroise/hunav_ws/install/hunav_gazebo_wrapper/share/hunav_gazebo_wrapper//models/aws_robomaker_residential_KitchenUtensils_01/meshes/aws_KitchenUtensils_01_collision.DAE
[1.422s] -- Up-to-date symlink: /home/ambroise/hunav_ws/install/hunav_gazebo_wrapper/share/hunav_gazebo_wrapper//models/aws_robomaker_residential_KitchenUtensils_01/meshes/aws_KitchenUtensils_01_visual.DAE
[1.422s] -- Up-to-date symlink: /home/ambroise/hunav_ws/install/hunav_gazebo_wrapper/share/hunav_gazebo_wrapper//models/aws_robomaker_residential_KitchenUtensils_01/model.config
[1.422s] -- Up-to-date symlink: /home/ambroise/hunav_ws/install/hunav_gazebo_wrapper/share/hunav_gazebo_wrapper//models/aws_robomaker_residential_KitchenUtensils_01/model.sdf
[1.422s] -- Up-to-date symlink: /home/ambroise/hunav_ws/install/hunav_gazebo_wrapper/share/hunav_gazebo_wrapper//models/aws_robomaker_residential_LightC_01/materials/textures/aws_LightC_01.png
[1.422s] -- Up-to-date symlink: /home/ambroise/hunav_ws/install/hunav_gazebo_wrapper/share/hunav_gazebo_wrapper//models/aws_robomaker_residential_LightC_01/meshes/aws_LightC_01_collision.DAE
[1.422s] -- Up-to-date symlink: /home/ambroise/hunav_ws/install/hunav_gazebo_wrapper/share/hunav_gazebo_wrapper//models/aws_robomaker_residential_LightC_01/meshes/aws_LightC_01_visual.DAE
[1.422s] -- Up-to-date symlink: /home/ambroise/hunav_ws/install/hunav_gazebo_wrapper/share/hunav_gazebo_wrapper//models/aws_robomaker_residential_LightC_01/model.config
[1.422s] -- Up-to-date symlink: /home/ambroise/hunav_ws/install/hunav_gazebo_wrapper/share/hunav_gazebo_wrapper//models/aws_robomaker_residential_LightC_01/model.sdf
[1.422s] -- Up-to-date symlink: /home/ambroise/hunav_ws/install/hunav_gazebo_wrapper/share/hunav_gazebo_wrapper//models/aws_robomaker_residential_NightStand_01/materials/textures/aws_NightStand_01.png
[1.422s] -- Up-to-date symlink: /home/ambroise/hunav_ws/install/hunav_gazebo_wrapper/share/hunav_gazebo_wrapper//models/aws_robomaker_residential_NightStand_01/meshes/aws_NightStand_01_collision.DAE
[1.422s] -- Up-to-date symlink: /home/ambroise/hunav_ws/install/hunav_gazebo_wrapper/share/hunav_gazebo_wrapper//models/aws_robomaker_residential_NightStand_01/meshes/aws_NightStand_01_visual.DAE
[1.422s] -- Up-to-date symlink: /home/ambroise/hunav_ws/install/hunav_gazebo_wrapper/share/hunav_gazebo_wrapper//models/aws_robomaker_residential_NightStand_01/model.config
[1.423s] -- Up-to-date symlink: /home/ambroise/hunav_ws/install/hunav_gazebo_wrapper/share/hunav_gazebo_wrapper//models/aws_robomaker_residential_NightStand_01/model.sdf
[1.423s] -- Up-to-date symlink: /home/ambroise/hunav_ws/install/hunav_gazebo_wrapper/share/hunav_gazebo_wrapper//models/aws_robomaker_residential_Pillow_01/materials/textures/aws_Pillow_01.png
[1.423s] -- Up-to-date symlink: /home/ambroise/hunav_ws/install/hunav_gazebo_wrapper/share/hunav_gazebo_wrapper//models/aws_robomaker_residential_Pillow_01/meshes/aws_Pillow_01_collision.DAE
[1.423s] -- Up-to-date symlink: /home/ambroise/hunav_ws/install/hunav_gazebo_wrapper/share/hunav_gazebo_wrapper//models/aws_robomaker_residential_Pillow_01/meshes/aws_Pillow_01_visual.DAE
[1.423s] -- Up-to-date symlink: /home/ambroise/hunav_ws/install/hunav_gazebo_wrapper/share/hunav_gazebo_wrapper//models/aws_robomaker_residential_Pillow_01/model.config
[1.423s] -- Up-to-date symlink: /home/ambroise/hunav_ws/install/hunav_gazebo_wrapper/share/hunav_gazebo_wrapper//models/aws_robomaker_residential_Pillow_01/model.sdf
[1.423s] -- Up-to-date symlink: /home/ambroise/hunav_ws/install/hunav_gazebo_wrapper/share/hunav_gazebo_wrapper//models/aws_robomaker_residential_PortraitA_01/materials/textures/PortraitA_01.jpg
[1.423s] -- Up-to-date symlink: /home/ambroise/hunav_ws/install/hunav_gazebo_wrapper/share/hunav_gazebo_wrapper//models/aws_robomaker_residential_PortraitA_01/materials/textures/aws_PortraitA_01.png
[1.423s] -- Up-to-date symlink: /home/ambroise/hunav_ws/install/hunav_gazebo_wrapper/share/hunav_gazebo_wrapper//models/aws_robomaker_residential_PortraitA_01/materials/textures/aws_PortraitA_02.png
[1.423s] -- Up-to-date symlink: /home/ambroise/hunav_ws/install/hunav_gazebo_wrapper/share/hunav_gazebo_wrapper//models/aws_robomaker_residential_PortraitA_01/meshes/aws_PortraitA_01_collision.DAE
[1.424s] -- Up-to-date symlink: /home/ambroise/hunav_ws/install/hunav_gazebo_wrapper/share/hunav_gazebo_wrapper//models/aws_robomaker_residential_PortraitA_01/meshes/aws_PortraitA_01_visual.DAE
[1.424s] -- Up-to-date symlink: /home/ambroise/hunav_ws/install/hunav_gazebo_wrapper/share/hunav_gazebo_wrapper//models/aws_robomaker_residential_PortraitA_01/model.config
[1.424s] -- Up-to-date symlink: /home/ambroise/hunav_ws/install/hunav_gazebo_wrapper/share/hunav_gazebo_wrapper//models/aws_robomaker_residential_PortraitA_01/model.sdf
[1.424s] -- Up-to-date symlink: /home/ambroise/hunav_ws/install/hunav_gazebo_wrapper/share/hunav_gazebo_wrapper//models/aws_robomaker_residential_PortraitA_02/materials/textures/PortraitA_02.jpg
[1.424s] -- Up-to-date symlink: /home/ambroise/hunav_ws/install/hunav_gazebo_wrapper/share/hunav_gazebo_wrapper//models/aws_robomaker_residential_PortraitA_02/materials/textures/aws_PortraitA_01.png
[1.424s] -- Up-to-date symlink: /home/ambroise/hunav_ws/install/hunav_gazebo_wrapper/share/hunav_gazebo_wrapper//models/aws_robomaker_residential_PortraitA_02/materials/textures/aws_PortraitA_02.png
[1.424s] -- Up-to-date symlink: /home/ambroise/hunav_ws/install/hunav_gazebo_wrapper/share/hunav_gazebo_wrapper//models/aws_robomaker_residential_PortraitA_02/meshes/aws_PortraitA_01_collision.DAE
[1.424s] -- Up-to-date symlink: /home/ambroise/hunav_ws/install/hunav_gazebo_wrapper/share/hunav_gazebo_wrapper//models/aws_robomaker_residential_PortraitA_02/meshes/aws_PortraitA_01_visual.DAE
[1.424s] -- Up-to-date symlink: /home/ambroise/hunav_ws/install/hunav_gazebo_wrapper/share/hunav_gazebo_wrapper//models/aws_robomaker_residential_PortraitA_02/model.config
[1.424s] -- Up-to-date symlink: /home/ambroise/hunav_ws/install/hunav_gazebo_wrapper/share/hunav_gazebo_wrapper//models/aws_robomaker_residential_PortraitA_02/model.sdf
[1.424s] -- Up-to-date symlink: /home/ambroise/hunav_ws/install/hunav_gazebo_wrapper/share/hunav_gazebo_wrapper//models/aws_robomaker_residential_PortraitB_01/materials/textures/PortraitB_01.jpg
[1.425s] -- Up-to-date symlink: /home/ambroise/hunav_ws/install/hunav_gazebo_wrapper/share/hunav_gazebo_wrapper//models/aws_robomaker_residential_PortraitB_01/materials/textures/aws_PortraitB_01.png
[1.425s] -- Up-to-date symlink: /home/ambroise/hunav_ws/install/hunav_gazebo_wrapper/share/hunav_gazebo_wrapper//models/aws_robomaker_residential_PortraitB_01/materials/textures/aws_PortraitB_02.png
[1.425s] -- Up-to-date symlink: /home/ambroise/hunav_ws/install/hunav_gazebo_wrapper/share/hunav_gazebo_wrapper//models/aws_robomaker_residential_PortraitB_01/meshes/aws_PortraitB_01_collision.DAE
[1.425s] -- Up-to-date symlink: /home/ambroise/hunav_ws/install/hunav_gazebo_wrapper/share/hunav_gazebo_wrapper//models/aws_robomaker_residential_PortraitB_01/meshes/aws_PortraitB_01_visual.DAE
[1.425s] -- Up-to-date symlink: /home/ambroise/hunav_ws/install/hunav_gazebo_wrapper/share/hunav_gazebo_wrapper//models/aws_robomaker_residential_PortraitB_01/model.config
[1.425s] -- Up-to-date symlink: /home/ambroise/hunav_ws/install/hunav_gazebo_wrapper/share/hunav_gazebo_wrapper//models/aws_robomaker_residential_PortraitB_01/model.sdf
[1.425s] -- Up-to-date symlink: /home/ambroise/hunav_ws/install/hunav_gazebo_wrapper/share/hunav_gazebo_wrapper//models/aws_robomaker_residential_PortraitB_02/materials/textures/PortraitB_02.jpg
[1.425s] -- Up-to-date symlink: /home/ambroise/hunav_ws/install/hunav_gazebo_wrapper/share/hunav_gazebo_wrapper//models/aws_robomaker_residential_PortraitB_02/materials/textures/aws_PortraitB_01.png
[1.425s] -- Up-to-date symlink: /home/ambroise/hunav_ws/install/hunav_gazebo_wrapper/share/hunav_gazebo_wrapper//models/aws_robomaker_residential_PortraitB_02/materials/textures/aws_PortraitB_02.png
[1.425s] -- Up-to-date symlink: /home/ambroise/hunav_ws/install/hunav_gazebo_wrapper/share/hunav_gazebo_wrapper//models/aws_robomaker_residential_PortraitB_02/meshes/aws_PortraitB_01_collision.DAE
[1.425s] -- Up-to-date symlink: /home/ambroise/hunav_ws/install/hunav_gazebo_wrapper/share/hunav_gazebo_wrapper//models/aws_robomaker_residential_PortraitB_02/meshes/aws_PortraitB_01_visual.DAE
[1.425s] -- Up-to-date symlink: /home/ambroise/hunav_ws/install/hunav_gazebo_wrapper/share/hunav_gazebo_wrapper//models/aws_robomaker_residential_PortraitB_02/model.config
[1.426s] -- Up-to-date symlink: /home/ambroise/hunav_ws/install/hunav_gazebo_wrapper/share/hunav_gazebo_wrapper//models/aws_robomaker_residential_PortraitB_02/model.sdf
[1.426s] -- Up-to-date symlink: /home/ambroise/hunav_ws/install/hunav_gazebo_wrapper/share/hunav_gazebo_wrapper//models/aws_robomaker_residential_PortraitB_03/materials/textures/PortraitB_03.jpg
[1.426s] -- Up-to-date symlink: /home/ambroise/hunav_ws/install/hunav_gazebo_wrapper/share/hunav_gazebo_wrapper//models/aws_robomaker_residential_PortraitB_03/materials/textures/aws_PortraitB_01.png
[1.426s] -- Up-to-date symlink: /home/ambroise/hunav_ws/install/hunav_gazebo_wrapper/share/hunav_gazebo_wrapper//models/aws_robomaker_residential_PortraitB_03/materials/textures/aws_PortraitB_02.png
[1.426s] -- Up-to-date symlink: /home/ambroise/hunav_ws/install/hunav_gazebo_wrapper/share/hunav_gazebo_wrapper//models/aws_robomaker_residential_PortraitB_03/meshes/aws_PortraitB_01_collision.DAE
[1.426s] -- Up-to-date symlink: /home/ambroise/hunav_ws/install/hunav_gazebo_wrapper/share/hunav_gazebo_wrapper//models/aws_robomaker_residential_PortraitB_03/meshes/aws_PortraitB_01_visual.DAE
[1.426s] -- Up-to-date symlink: /home/ambroise/hunav_ws/install/hunav_gazebo_wrapper/share/hunav_gazebo_wrapper//models/aws_robomaker_residential_PortraitB_03/model.config
[1.426s] -- Up-to-date symlink: /home/ambroise/hunav_ws/install/hunav_gazebo_wrapper/share/hunav_gazebo_wrapper//models/aws_robomaker_residential_PortraitB_03/model.sdf
[1.426s] -- Up-to-date symlink: /home/ambroise/hunav_ws/install/hunav_gazebo_wrapper/share/hunav_gazebo_wrapper//models/aws_robomaker_residential_PortraitC_01/materials/textures/PortraitC_01.jpg
[1.426s] -- Up-to-date symlink: /home/ambroise/hunav_ws/install/hunav_gazebo_wrapper/share/hunav_gazebo_wrapper//models/aws_robomaker_residential_PortraitC_01/materials/textures/aws_PortraitC_01.png
[1.426s] -- Up-to-date symlink: /home/ambroise/hunav_ws/install/hunav_gazebo_wrapper/share/hunav_gazebo_wrapper//models/aws_robomaker_residential_PortraitC_01/materials/textures/aws_PortraitC_02.png
[1.427s] -- Up-to-date symlink: /home/ambroise/hunav_ws/install/hunav_gazebo_wrapper/share/hunav_gazebo_wrapper//models/aws_robomaker_residential_PortraitC_01/meshes/aws_PortraitC_01_collision.DAE
[1.427s] -- Up-to-date symlink: /home/ambroise/hunav_ws/install/hunav_gazebo_wrapper/share/hunav_gazebo_wrapper//models/aws_robomaker_residential_PortraitC_01/meshes/aws_PortraitC_01_visual.DAE
[1.427s] -- Up-to-date symlink: /home/ambroise/hunav_ws/install/hunav_gazebo_wrapper/share/hunav_gazebo_wrapper//models/aws_robomaker_residential_PortraitC_01/model.config
[1.427s] -- Up-to-date symlink: /home/ambroise/hunav_ws/install/hunav_gazebo_wrapper/share/hunav_gazebo_wrapper//models/aws_robomaker_residential_PortraitC_01/model.sdf
[1.427s] -- Up-to-date symlink: /home/ambroise/hunav_ws/install/hunav_gazebo_wrapper/share/hunav_gazebo_wrapper//models/aws_robomaker_residential_PortraitD_01/materials/textures/PortraitD_01.jpg
[1.427s] -- Up-to-date symlink: /home/ambroise/hunav_ws/install/hunav_gazebo_wrapper/share/hunav_gazebo_wrapper//models/aws_robomaker_residential_PortraitD_01/materials/textures/aws_PortraitD_01.png
[1.427s] -- Up-to-date symlink: /home/ambroise/hunav_ws/install/hunav_gazebo_wrapper/share/hunav_gazebo_wrapper//models/aws_robomaker_residential_PortraitD_01/materials/textures/aws_PortraitD_02.png
[1.427s] -- Up-to-date symlink: /home/ambroise/hunav_ws/install/hunav_gazebo_wrapper/share/hunav_gazebo_wrapper//models/aws_robomaker_residential_PortraitD_01/meshes/aws_PortraitD_01_collision.DAE
[1.427s] -- Up-to-date symlink: /home/ambroise/hunav_ws/install/hunav_gazebo_wrapper/share/hunav_gazebo_wrapper//models/aws_robomaker_residential_PortraitD_01/meshes/aws_PortraitD_01_visual.DAE
[1.427s] -- Up-to-date symlink: /home/ambroise/hunav_ws/install/hunav_gazebo_wrapper/share/hunav_gazebo_wrapper//models/aws_robomaker_residential_PortraitD_01/model.config
[1.427s] -- Up-to-date symlink: /home/ambroise/hunav_ws/install/hunav_gazebo_wrapper/share/hunav_gazebo_wrapper//models/aws_robomaker_residential_PortraitD_01/model.sdf
[1.428s] -- Up-to-date symlink: /home/ambroise/hunav_ws/install/hunav_gazebo_wrapper/share/hunav_gazebo_wrapper//models/aws_robomaker_residential_PortraitD_02/materials/textures/PortraitD_02.jpg
[1.428s] -- Up-to-date symlink: /home/ambroise/hunav_ws/install/hunav_gazebo_wrapper/share/hunav_gazebo_wrapper//models/aws_robomaker_residential_PortraitD_02/materials/textures/aws_PortraitD_01.png
[1.428s] -- Up-to-date symlink: /home/ambroise/hunav_ws/install/hunav_gazebo_wrapper/share/hunav_gazebo_wrapper//models/aws_robomaker_residential_PortraitD_02/materials/textures/aws_PortraitD_02.png
[1.428s] -- Up-to-date symlink: /home/ambroise/hunav_ws/install/hunav_gazebo_wrapper/share/hunav_gazebo_wrapper//models/aws_robomaker_residential_PortraitD_02/meshes/aws_PortraitD_01_collision.DAE
[1.428s] -- Up-to-date symlink: /home/ambroise/hunav_ws/install/hunav_gazebo_wrapper/share/hunav_gazebo_wrapper//models/aws_robomaker_residential_PortraitD_02/meshes/aws_PortraitD_01_visual.DAE
[1.428s] -- Up-to-date symlink: /home/ambroise/hunav_ws/install/hunav_gazebo_wrapper/share/hunav_gazebo_wrapper//models/aws_robomaker_residential_PortraitD_02/model.config
[1.428s] -- Up-to-date symlink: /home/ambroise/hunav_ws/install/hunav_gazebo_wrapper/share/hunav_gazebo_wrapper//models/aws_robomaker_residential_PortraitD_02/model.sdf
[1.428s] -- Up-to-date symlink: /home/ambroise/hunav_ws/install/hunav_gazebo_wrapper/share/hunav_gazebo_wrapper//models/aws_robomaker_residential_PortraitE_01/materials/textures/PortraitE_01.jpg
[1.428s] -- Up-to-date symlink: /home/ambroise/hunav_ws/install/hunav_gazebo_wrapper/share/hunav_gazebo_wrapper//models/aws_robomaker_residential_PortraitE_01/materials/textures/aws_PortraitE_01.png
[1.428s] -- Up-to-date symlink: /home/ambroise/hunav_ws/install/hunav_gazebo_wrapper/share/hunav_gazebo_wrapper//models/aws_robomaker_residential_PortraitE_01/materials/textures/aws_PortraitE_02.png
[1.429s] -- Up-to-date symlink: /home/ambroise/hunav_ws/install/hunav_gazebo_wrapper/share/hunav_gazebo_wrapper//models/aws_robomaker_residential_PortraitE_01/meshes/aws_PortraitE_01_collision.DAE
[1.429s] -- Up-to-date symlink: /home/ambroise/hunav_ws/install/hunav_gazebo_wrapper/share/hunav_gazebo_wrapper//models/aws_robomaker_residential_PortraitE_01/meshes/aws_PortraitE_01_visual.DAE
[1.429s] -- Up-to-date symlink: /home/ambroise/hunav_ws/install/hunav_gazebo_wrapper/share/hunav_gazebo_wrapper//models/aws_robomaker_residential_PortraitE_01/model.config
[1.429s] -- Up-to-date symlink: /home/ambroise/hunav_ws/install/hunav_gazebo_wrapper/share/hunav_gazebo_wrapper//models/aws_robomaker_residential_PortraitE_01/model.sdf
[1.429s] -- Up-to-date symlink: /home/ambroise/hunav_ws/install/hunav_gazebo_wrapper/share/hunav_gazebo_wrapper//models/aws_robomaker_residential_PortraitE_02/materials/textures/PortraitE_02.jpg
[1.429s] -- Up-to-date symlink: /home/ambroise/hunav_ws/install/hunav_gazebo_wrapper/share/hunav_gazebo_wrapper//models/aws_robomaker_residential_PortraitE_02/materials/textures/aws_PortraitE_01.png
[1.429s] -- Up-to-date symlink: /home/ambroise/hunav_ws/install/hunav_gazebo_wrapper/share/hunav_gazebo_wrapper//models/aws_robomaker_residential_PortraitE_02/materials/textures/aws_PortraitE_02.png
[1.429s] -- Up-to-date symlink: /home/ambroise/hunav_ws/install/hunav_gazebo_wrapper/share/hunav_gazebo_wrapper//models/aws_robomaker_residential_PortraitE_02/meshes/aws_PortraitE_01_collision.DAE
[1.429s] -- Up-to-date symlink: /home/ambroise/hunav_ws/install/hunav_gazebo_wrapper/share/hunav_gazebo_wrapper//models/aws_robomaker_residential_PortraitE_02/meshes/aws_PortraitE_01_visual.DAE
[1.429s] -- Up-to-date symlink: /home/ambroise/hunav_ws/install/hunav_gazebo_wrapper/share/hunav_gazebo_wrapper//models/aws_robomaker_residential_PortraitE_02/model.config
[1.429s] -- Up-to-date symlink: /home/ambroise/hunav_ws/install/hunav_gazebo_wrapper/share/hunav_gazebo_wrapper//models/aws_robomaker_residential_PortraitE_02/model.sdf
[1.429s] -- Up-to-date symlink: /home/ambroise/hunav_ws/install/hunav_gazebo_wrapper/share/hunav_gazebo_wrapper//models/aws_robomaker_residential_Quilt_01/materials/textures/aws_Quilt_01.png
[1.430s] -- Up-to-date symlink: /home/ambroise/hunav_ws/install/hunav_gazebo_wrapper/share/hunav_gazebo_wrapper//models/aws_robomaker_residential_Quilt_01/meshes/aws_Quilt_01_collision.DAE
[1.430s] -- Up-to-date symlink: /home/ambroise/hunav_ws/install/hunav_gazebo_wrapper/share/hunav_gazebo_wrapper//models/aws_robomaker_residential_Quilt_01/meshes/aws_Quilt_01_visual.DAE
[1.430s] -- Up-to-date symlink: /home/ambroise/hunav_ws/install/hunav_gazebo_wrapper/share/hunav_gazebo_wrapper//models/aws_robomaker_residential_Quilt_01/model.config
[1.430s] -- Up-to-date symlink: /home/ambroise/hunav_ws/install/hunav_gazebo_wrapper/share/hunav_gazebo_wrapper//models/aws_robomaker_residential_Quilt_01/model.sdf
[1.430s] -- Up-to-date symlink: /home/ambroise/hunav_ws/install/hunav_gazebo_wrapper/share/hunav_gazebo_wrapper//models/aws_robomaker_residential_Rangehood_01/materials/textures/aws_Rangehood_01.png
[1.430s] -- Up-to-date symlink: /home/ambroise/hunav_ws/install/hunav_gazebo_wrapper/share/hunav_gazebo_wrapper//models/aws_robomaker_residential_Rangehood_01/meshes/aws_Rangehood_01_collision.DAE
[1.430s] -- Up-to-date symlink: /home/ambroise/hunav_ws/install/hunav_gazebo_wrapper/share/hunav_gazebo_wrapper//models/aws_robomaker_residential_Rangehood_01/meshes/aws_Rangehood_01_visual.DAE
[1.430s] -- Up-to-date symlink: /home/ambroise/hunav_ws/install/hunav_gazebo_wrapper/share/hunav_gazebo_wrapper//models/aws_robomaker_residential_Rangehood_01/model.config
[1.430s] -- Up-to-date symlink: /home/ambroise/hunav_ws/install/hunav_gazebo_wrapper/share/hunav_gazebo_wrapper//models/aws_robomaker_residential_Rangehood_01/model.sdf
[1.430s] -- Up-to-date symlink: /home/ambroise/hunav_ws/install/hunav_gazebo_wrapper/share/hunav_gazebo_wrapper//models/aws_robomaker_residential_ReadingDesk_01/materials/textures/aws_ReadingDesk_01.png
[1.430s] -- Up-to-date symlink: /home/ambroise/hunav_ws/install/hunav_gazebo_wrapper/share/hunav_gazebo_wrapper//models/aws_robomaker_residential_ReadingDesk_01/meshes/aws_ReadingDesk_01_collision.DAE
[1.431s] -- Up-to-date symlink: /home/ambroise/hunav_ws/install/hunav_gazebo_wrapper/share/hunav_gazebo_wrapper//models/aws_robomaker_residential_ReadingDesk_01/meshes/aws_ReadingDesk_01_visual.DAE
[1.431s] -- Up-to-date symlink: /home/ambroise/hunav_ws/install/hunav_gazebo_wrapper/share/hunav_gazebo_wrapper//models/aws_robomaker_residential_ReadingDesk_01/model.config
[1.431s] -- Up-to-date symlink: /home/ambroise/hunav_ws/install/hunav_gazebo_wrapper/share/hunav_gazebo_wrapper//models/aws_robomaker_residential_ReadingDesk_01/model.sdf
[1.431s] -- Up-to-date symlink: /home/ambroise/hunav_ws/install/hunav_gazebo_wrapper/share/hunav_gazebo_wrapper//models/aws_robomaker_residential_Refrigerator_01/materials/textures/aws_Refrigerator_01.png
[1.431s] -- Up-to-date symlink: /home/ambroise/hunav_ws/install/hunav_gazebo_wrapper/share/hunav_gazebo_wrapper//models/aws_robomaker_residential_Refrigerator_01/materials/textures/aws_Refrigerator_02.png
[1.431s] -- Up-to-date symlink: /home/ambroise/hunav_ws/install/hunav_gazebo_wrapper/share/hunav_gazebo_wrapper//models/aws_robomaker_residential_Refrigerator_01/meshes/aws_Refrigerator_01.DAE
[1.431s] -- Up-to-date symlink: /home/ambroise/hunav_ws/install/hunav_gazebo_wrapper/share/hunav_gazebo_wrapper//models/aws_robomaker_residential_Refrigerator_01/meshes/aws_Refrigerator_01_collision.DAE
[1.431s] -- Up-to-date symlink: /home/ambroise/hunav_ws/install/hunav_gazebo_wrapper/share/hunav_gazebo_wrapper//models/aws_robomaker_residential_Refrigerator_01/meshes/aws_Refrigerator_01_visual.DAE
[1.431s] -- Up-to-date symlink: /home/ambroise/hunav_ws/install/hunav_gazebo_wrapper/share/hunav_gazebo_wrapper//models/aws_robomaker_residential_Refrigerator_01/model.config
[1.431s] -- Up-to-date symlink: /home/ambroise/hunav_ws/install/hunav_gazebo_wrapper/share/hunav_gazebo_wrapper//models/aws_robomaker_residential_Refrigerator_01/model.sdf
[1.431s] -- Up-to-date symlink: /home/ambroise/hunav_ws/install/hunav_gazebo_wrapper/share/hunav_gazebo_wrapper//models/aws_robomaker_residential_RoomCeiling_01/materials/textures/aws_RoomCeiling_01.png
[1.432s] -- Up-to-date symlink: /home/ambroise/hunav_ws/install/hunav_gazebo_wrapper/share/hunav_gazebo_wrapper//models/aws_robomaker_residential_RoomCeiling_01/meshes/aws_RoomCeiling_01_collision.DAE
[1.432s] -- Up-to-date symlink: /home/ambroise/hunav_ws/install/hunav_gazebo_wrapper/share/hunav_gazebo_wrapper//models/aws_robomaker_residential_RoomCeiling_01/meshes/aws_RoomCeiling_01_visual.DAE
[1.432s] -- Up-to-date symlink: /home/ambroise/hunav_ws/install/hunav_gazebo_wrapper/share/hunav_gazebo_wrapper//models/aws_robomaker_residential_RoomCeiling_01/model.config
[1.432s] -- Up-to-date symlink: /home/ambroise/hunav_ws/install/hunav_gazebo_wrapper/share/hunav_gazebo_wrapper//models/aws_robomaker_residential_RoomCeiling_01/model.sdf
[1.432s] -- Up-to-date symlink: /home/ambroise/hunav_ws/install/hunav_gazebo_wrapper/share/hunav_gazebo_wrapper//models/aws_robomaker_residential_RoomWall_01/materials/textures/aws_RoomWall_01.png
[1.432s] -- Up-to-date symlink: /home/ambroise/hunav_ws/install/hunav_gazebo_wrapper/share/hunav_gazebo_wrapper//models/aws_robomaker_residential_RoomWall_01/meshes/aws_RoomWall_01_collision.DAE
[1.432s] -- Up-to-date symlink: /home/ambroise/hunav_ws/install/hunav_gazebo_wrapper/share/hunav_gazebo_wrapper//models/aws_robomaker_residential_RoomWall_01/meshes/aws_RoomWall_01_visual.DAE
[1.432s] -- Up-to-date symlink: /home/ambroise/hunav_ws/install/hunav_gazebo_wrapper/share/hunav_gazebo_wrapper//models/aws_robomaker_residential_RoomWall_01/model.config
[1.432s] -- Up-to-date symlink: /home/ambroise/hunav_ws/install/hunav_gazebo_wrapper/share/hunav_gazebo_wrapper//models/aws_robomaker_residential_RoomWall_01/model.sdf
[1.432s] -- Up-to-date symlink: /home/ambroise/hunav_ws/install/hunav_gazebo_wrapper/share/hunav_gazebo_wrapper//models/aws_robomaker_residential_RoomWindow_01/materials/textures/aws_RoomWindow_01.png
[1.432s] -- Up-to-date symlink: /home/ambroise/hunav_ws/install/hunav_gazebo_wrapper/share/hunav_gazebo_wrapper//models/aws_robomaker_residential_RoomWindow_01/meshes/aws_RoomWindow_01_collision.DAE
[1.433s] -- Up-to-date symlink: /home/ambroise/hunav_ws/install/hunav_gazebo_wrapper/share/hunav_gazebo_wrapper//models/aws_robomaker_residential_RoomWindow_01/meshes/aws_RoomWindow_01_visual.DAE
[1.433s] -- Up-to-date symlink: /home/ambroise/hunav_ws/install/hunav_gazebo_wrapper/share/hunav_gazebo_wrapper//models/aws_robomaker_residential_RoomWindow_01/model.config
[1.433s] -- Up-to-date symlink: /home/ambroise/hunav_ws/install/hunav_gazebo_wrapper/share/hunav_gazebo_wrapper//models/aws_robomaker_residential_RoomWindow_01/model.sdf
[1.433s] -- Up-to-date symlink: /home/ambroise/hunav_ws/install/hunav_gazebo_wrapper/share/hunav_gazebo_wrapper//models/aws_robomaker_residential_SeasoningBox_01/materials/textures/aws_SeasoningBox_01.png
[1.433s] -- Up-to-date symlink: /home/ambroise/hunav_ws/install/hunav_gazebo_wrapper/share/hunav_gazebo_wrapper//models/aws_robomaker_residential_SeasoningBox_01/meshes/aws_SeasoningBox_01_collision.DAE
[1.433s] -- Up-to-date symlink: /home/ambroise/hunav_ws/install/hunav_gazebo_wrapper/share/hunav_gazebo_wrapper//models/aws_robomaker_residential_SeasoningBox_01/meshes/aws_SeasoningBox_01_visual.DAE
[1.433s] -- Up-to-date symlink: /home/ambroise/hunav_ws/install/hunav_gazebo_wrapper/share/hunav_gazebo_wrapper//models/aws_robomaker_residential_SeasoningBox_01/model.config
[1.433s] -- Up-to-date symlink: /home/ambroise/hunav_ws/install/hunav_gazebo_wrapper/share/hunav_gazebo_wrapper//models/aws_robomaker_residential_SeasoningBox_01/model.sdf
[1.433s] -- Up-to-date symlink: /home/ambroise/hunav_ws/install/hunav_gazebo_wrapper/share/hunav_gazebo_wrapper//models/aws_robomaker_residential_SecurityCamera_01/materials/textures/aws_SecurityCamera_01.png
[1.434s] -- Up-to-date symlink: /home/ambroise/hunav_ws/install/hunav_gazebo_wrapper/share/hunav_gazebo_wrapper//models/aws_robomaker_residential_SecurityCamera_01/meshes/aws_SecurityCamera_01_collision.DAE
[1.434s] -- Up-to-date symlink: /home/ambroise/hunav_ws/install/hunav_gazebo_wrapper/share/hunav_gazebo_wrapper//models/aws_robomaker_residential_SecurityCamera_01/meshes/aws_SecurityCamera_01_visual.DAE
[1.434s] -- Up-to-date symlink: /home/ambroise/hunav_ws/install/hunav_gazebo_wrapper/share/hunav_gazebo_wrapper//models/aws_robomaker_residential_SecurityCamera_01/model.config
[1.434s] -- Up-to-date symlink: /home/ambroise/hunav_ws/install/hunav_gazebo_wrapper/share/hunav_gazebo_wrapper//models/aws_robomaker_residential_SecurityCamera_01/model.sdf
[1.434s] -- Up-to-date symlink: /home/ambroise/hunav_ws/install/hunav_gazebo_wrapper/share/hunav_gazebo_wrapper//models/aws_robomaker_residential_ShoeRack_01/materials/textures/aws_ShoeRack_01.png
[1.434s] -- Up-to-date symlink: /home/ambroise/hunav_ws/install/hunav_gazebo_wrapper/share/hunav_gazebo_wrapper//models/aws_robomaker_residential_ShoeRack_01/meshes/aws_ShoeRack_01_collision.DAE
[1.434s] -- Up-to-date symlink: /home/ambroise/hunav_ws/install/hunav_gazebo_wrapper/share/hunav_gazebo_wrapper//models/aws_robomaker_residential_ShoeRack_01/meshes/aws_ShoeRack_01_visual.DAE
[1.434s] -- Up-to-date symlink: /home/ambroise/hunav_ws/install/hunav_gazebo_wrapper/share/hunav_gazebo_wrapper//models/aws_robomaker_residential_ShoeRack_01/model.config
[1.434s] -- Up-to-date symlink: /home/ambroise/hunav_ws/install/hunav_gazebo_wrapper/share/hunav_gazebo_wrapper//models/aws_robomaker_residential_ShoeRack_01/model.sdf
[1.435s] -- Up-to-date symlink: /home/ambroise/hunav_ws/install/hunav_gazebo_wrapper/share/hunav_gazebo_wrapper//models/aws_robomaker_residential_SofaB_01/materials/textures/aws_SofaB_01.png
[1.435s] -- Up-to-date symlink: /home/ambroise/hunav_ws/install/hunav_gazebo_wrapper/share/hunav_gazebo_wrapper//models/aws_robomaker_residential_SofaB_01/meshes/aws_SofaB_01_collision.DAE
[1.435s] -- Up-to-date symlink: /home/ambroise/hunav_ws/install/hunav_gazebo_wrapper/share/hunav_gazebo_wrapper//models/aws_robomaker_residential_SofaB_01/meshes/aws_SofaB_01_visual.DAE
[1.435s] -- Up-to-date symlink: /home/ambroise/hunav_ws/install/hunav_gazebo_wrapper/share/hunav_gazebo_wrapper//models/aws_robomaker_residential_SofaB_01/model.config
[1.435s] -- Up-to-date symlink: /home/ambroise/hunav_ws/install/hunav_gazebo_wrapper/share/hunav_gazebo_wrapper//models/aws_robomaker_residential_SofaB_01/model.sdf
[1.435s] -- Up-to-date symlink: /home/ambroise/hunav_ws/install/hunav_gazebo_wrapper/share/hunav_gazebo_wrapper//models/aws_robomaker_residential_SofaC_01/materials/textures/aws_SofaC_01.png
[1.435s] -- Up-to-date symlink: /home/ambroise/hunav_ws/install/hunav_gazebo_wrapper/share/hunav_gazebo_wrapper//models/aws_robomaker_residential_SofaC_01/meshes/aws_SofaC_01_collision.DAE
[1.435s] -- Up-to-date symlink: /home/ambroise/hunav_ws/install/hunav_gazebo_wrapper/share/hunav_gazebo_wrapper//models/aws_robomaker_residential_SofaC_01/meshes/aws_SofaC_01_visual.DAE
[1.435s] -- Up-to-date symlink: /home/ambroise/hunav_ws/install/hunav_gazebo_wrapper/share/hunav_gazebo_wrapper//models/aws_robomaker_residential_SofaC_01/model.config
[1.435s] -- Up-to-date symlink: /home/ambroise/hunav_ws/install/hunav_gazebo_wrapper/share/hunav_gazebo_wrapper//models/aws_robomaker_residential_SofaC_01/model.sdf
[1.436s] -- Up-to-date symlink: /home/ambroise/hunav_ws/install/hunav_gazebo_wrapper/share/hunav_gazebo_wrapper//models/aws_robomaker_residential_Sofa_01/materials/textures/aws_Sofa_01.png
[1.436s] -- Up-to-date symlink: /home/ambroise/hunav_ws/install/hunav_gazebo_wrapper/share/hunav_gazebo_wrapper//models/aws_robomaker_residential_Sofa_01/meshes/aws_Sofa_01.DAE
[1.436s] -- Up-to-date symlink: /home/ambroise/hunav_ws/install/hunav_gazebo_wrapper/share/hunav_gazebo_wrapper//models/aws_robomaker_residential_Sofa_01/meshes/aws_Sofa_01_collision.DAE
[1.436s] -- Up-to-date symlink: /home/ambroise/hunav_ws/install/hunav_gazebo_wrapper/share/hunav_gazebo_wrapper//models/aws_robomaker_residential_Sofa_01/meshes/aws_Sofa_01_visual.DAE
[1.436s] -- Up-to-date symlink: /home/ambroise/hunav_ws/install/hunav_gazebo_wrapper/share/hunav_gazebo_wrapper//models/aws_robomaker_residential_Sofa_01/model.config
[1.436s] -- Up-to-date symlink: /home/ambroise/hunav_ws/install/hunav_gazebo_wrapper/share/hunav_gazebo_wrapper//models/aws_robomaker_residential_Sofa_01/model.sdf
[1.436s] -- Up-to-date symlink: /home/ambroise/hunav_ws/install/hunav_gazebo_wrapper/share/hunav_gazebo_wrapper//models/aws_robomaker_residential_TVCabinet_01/materials/textures/aws_TVCabinet_01.png
[1.436s] -- Up-to-date symlink: /home/ambroise/hunav_ws/install/hunav_gazebo_wrapper/share/hunav_gazebo_wrapper//models/aws_robomaker_residential_TVCabinet_01/meshes/aws_TVCabinet_01_collision.DAE
[1.436s] -- Up-to-date symlink: /home/ambroise/hunav_ws/install/hunav_gazebo_wrapper/share/hunav_gazebo_wrapper//models/aws_robomaker_residential_TVCabinet_01/meshes/aws_TVCabinet_01_visual.DAE
[1.436s] -- Up-to-date symlink: /home/ambroise/hunav_ws/install/hunav_gazebo_wrapper/share/hunav_gazebo_wrapper//models/aws_robomaker_residential_TVCabinet_01/model.config
[1.436s] -- Up-to-date symlink: /home/ambroise/hunav_ws/install/hunav_gazebo_wrapper/share/hunav_gazebo_wrapper//models/aws_robomaker_residential_TVCabinet_01/model.sdf
[1.437s] -- Up-to-date symlink: /home/ambroise/hunav_ws/install/hunav_gazebo_wrapper/share/hunav_gazebo_wrapper//models/aws_robomaker_residential_TV_01/materials/textures/aws_TV_01.png
[1.437s] -- Up-to-date symlink: /home/ambroise/hunav_ws/install/hunav_gazebo_wrapper/share/hunav_gazebo_wrapper//models/aws_robomaker_residential_TV_01/meshes/aws_TV_01_collision.DAE
[1.437s] -- Up-to-date symlink: /home/ambroise/hunav_ws/install/hunav_gazebo_wrapper/share/hunav_gazebo_wrapper//models/aws_robomaker_residential_TV_01/meshes/aws_TV_01_visual.DAE
[1.437s] -- Up-to-date symlink: /home/ambroise/hunav_ws/install/hunav_gazebo_wrapper/share/hunav_gazebo_wrapper//models/aws_robomaker_residential_TV_01/model.config
[1.437s] -- Up-to-date symlink: /home/ambroise/hunav_ws/install/hunav_gazebo_wrapper/share/hunav_gazebo_wrapper//models/aws_robomaker_residential_TV_01/model.sdf
[1.437s] -- Up-to-date symlink: /home/ambroise/hunav_ws/install/hunav_gazebo_wrapper/share/hunav_gazebo_wrapper//models/aws_robomaker_residential_TV_02/materials/textures/aws_TV_01.png
[1.437s] -- Up-to-date symlink: /home/ambroise/hunav_ws/install/hunav_gazebo_wrapper/share/hunav_gazebo_wrapper//models/aws_robomaker_residential_TV_02/meshes/aws_TV_01_collision.DAE
[1.437s] -- Up-to-date symlink: /home/ambroise/hunav_ws/install/hunav_gazebo_wrapper/share/hunav_gazebo_wrapper//models/aws_robomaker_residential_TV_02/meshes/aws_TV_01_visual.DAE
[1.437s] -- Up-to-date symlink: /home/ambroise/hunav_ws/install/hunav_gazebo_wrapper/share/hunav_gazebo_wrapper//models/aws_robomaker_residential_TV_02/model.config
[1.437s] -- Up-to-date symlink: /home/ambroise/hunav_ws/install/hunav_gazebo_wrapper/share/hunav_gazebo_wrapper//models/aws_robomaker_residential_TV_02/model.sdf
[1.437s] -- Up-to-date symlink: /home/ambroise/hunav_ws/install/hunav_gazebo_wrapper/share/hunav_gazebo_wrapper//models/aws_robomaker_residential_Tablet_01/.DS_Store
[1.438s] -- Up-to-date symlink: /home/ambroise/hunav_ws/install/hunav_gazebo_wrapper/share/hunav_gazebo_wrapper//models/aws_robomaker_residential_Tablet_01/materials/.DS_Store
[1.438s] -- Up-to-date symlink: /home/ambroise/hunav_ws/install/hunav_gazebo_wrapper/share/hunav_gazebo_wrapper//models/aws_robomaker_residential_Tablet_01/materials/textures/aws_Tablet_01_nologo.png
[1.438s] -- Up-to-date symlink: /home/ambroise/hunav_ws/install/hunav_gazebo_wrapper/share/hunav_gazebo_wrapper//models/aws_robomaker_residential_Tablet_01/meshes/aws_Tablet_01_collision.DAE
[1.438s] -- Up-to-date symlink: /home/ambroise/hunav_ws/install/hunav_gazebo_wrapper/share/hunav_gazebo_wrapper//models/aws_robomaker_residential_Tablet_01/meshes/aws_Tablet_01_visual.DAE
[1.438s] -- Up-to-date symlink: /home/ambroise/hunav_ws/install/hunav_gazebo_wrapper/share/hunav_gazebo_wrapper//models/aws_robomaker_residential_Tablet_01/model.config
[1.438s] -- Up-to-date symlink: /home/ambroise/hunav_ws/install/hunav_gazebo_wrapper/share/hunav_gazebo_wrapper//models/aws_robomaker_residential_Tablet_01/model.sdf
[1.438s] -- Up-to-date symlink: /home/ambroise/hunav_ws/install/hunav_gazebo_wrapper/share/hunav_gazebo_wrapper//models/aws_robomaker_residential_Tableware_01/materials/textures/aws_Tableware_01.png
[1.438s] -- Up-to-date symlink: /home/ambroise/hunav_ws/install/hunav_gazebo_wrapper/share/hunav_gazebo_wrapper//models/aws_robomaker_residential_Tableware_01/meshes/aws_Tableware_01_collision.DAE
[1.438s] -- Up-to-date symlink: /home/ambroise/hunav_ws/install/hunav_gazebo_wrapper/share/hunav_gazebo_wrapper//models/aws_robomaker_residential_Tableware_01/meshes/aws_Tableware_01_visual.DAE
[1.438s] -- Up-to-date symlink: /home/ambroise/hunav_ws/install/hunav_gazebo_wrapper/share/hunav_gazebo_wrapper//models/aws_robomaker_residential_Tableware_01/model.config
[1.438s] -- Up-to-date symlink: /home/ambroise/hunav_ws/install/hunav_gazebo_wrapper/share/hunav_gazebo_wrapper//models/aws_robomaker_residential_Tableware_01/model.sdf
[1.439s] -- Up-to-date symlink: /home/ambroise/hunav_ws/install/hunav_gazebo_wrapper/share/hunav_gazebo_wrapper//models/aws_robomaker_residential_Trash_01/materials/textures/aws_Trash_01.png
[1.439s] -- Up-to-date symlink: /home/ambroise/hunav_ws/install/hunav_gazebo_wrapper/share/hunav_gazebo_wrapper//models/aws_robomaker_residential_Trash_01/meshes/aws_Trash_01_collision.DAE
[1.439s] -- Up-to-date symlink: /home/ambroise/hunav_ws/install/hunav_gazebo_wrapper/share/hunav_gazebo_wrapper//models/aws_robomaker_residential_Trash_01/meshes/aws_Trash_01_visual.DAE
[1.439s] -- Up-to-date symlink: /home/ambroise/hunav_ws/install/hunav_gazebo_wrapper/share/hunav_gazebo_wrapper//models/aws_robomaker_residential_Trash_01/model.config
[1.439s] -- Up-to-date symlink: /home/ambroise/hunav_ws/install/hunav_gazebo_wrapper/share/hunav_gazebo_wrapper//models/aws_robomaker_residential_Trash_01/model.sdf
[1.439s] -- Up-to-date symlink: /home/ambroise/hunav_ws/install/hunav_gazebo_wrapper/share/hunav_gazebo_wrapper//models/aws_robomaker_residential_Vase_01/materials/textures/aws_Vase_01.png
[1.439s] -- Up-to-date symlink: /home/ambroise/hunav_ws/install/hunav_gazebo_wrapper/share/hunav_gazebo_wrapper//models/aws_robomaker_residential_Vase_01/meshes/aws_Vase_01_collision.DAE
[1.439s] -- Up-to-date symlink: /home/ambroise/hunav_ws/install/hunav_gazebo_wrapper/share/hunav_gazebo_wrapper//models/aws_robomaker_residential_Vase_01/meshes/aws_Vase_01_visual.DAE
[1.439s] -- Up-to-date symlink: /home/ambroise/hunav_ws/install/hunav_gazebo_wrapper/share/hunav_gazebo_wrapper//models/aws_robomaker_residential_Vase_01/model.config
[1.439s] -- Up-to-date symlink: /home/ambroise/hunav_ws/install/hunav_gazebo_wrapper/share/hunav_gazebo_wrapper//models/aws_robomaker_residential_Vase_01/model.sdf
[1.439s] -- Up-to-date symlink: /home/ambroise/hunav_ws/install/hunav_gazebo_wrapper/share/hunav_gazebo_wrapper//models/aws_robomaker_residential_Wardrobe_01/materials/textures/aws_Wardrobe_01.png
[1.439s] -- Up-to-date symlink: /home/ambroise/hunav_ws/install/hunav_gazebo_wrapper/share/hunav_gazebo_wrapper//models/aws_robomaker_residential_Wardrobe_01/meshes/aws_Wardrobe_01_collision.DAE
[1.440s] -- Up-to-date symlink: /home/ambroise/hunav_ws/install/hunav_gazebo_wrapper/share/hunav_gazebo_wrapper//models/aws_robomaker_residential_Wardrobe_01/meshes/aws_Wardrobe_01_visual.DAE
[1.440s] -- Up-to-date symlink: /home/ambroise/hunav_ws/install/hunav_gazebo_wrapper/share/hunav_gazebo_wrapper//models/aws_robomaker_residential_Wardrobe_01/model.config
[1.440s] -- Up-to-date symlink: /home/ambroise/hunav_ws/install/hunav_gazebo_wrapper/share/hunav_gazebo_wrapper//models/aws_robomaker_residential_Wardrobe_01/model.sdf
[1.440s] -- Up-to-date symlink: /home/ambroise/hunav_ws/install/hunav_gazebo_wrapper/share/hunav_gazebo_wrapper//models/aws_robomaker_warehouse_Bucket_01/.DS_Store
[1.440s] -- Up-to-date symlink: /home/ambroise/hunav_ws/install/hunav_gazebo_wrapper/share/hunav_gazebo_wrapper//models/aws_robomaker_warehouse_Bucket_01/materials/.DS_Store
[1.440s] -- Up-to-date symlink: /home/ambroise/hunav_ws/install/hunav_gazebo_wrapper/share/hunav_gazebo_wrapper//models/aws_robomaker_warehouse_Bucket_01/materials/textures/aws_robomaker_warehouse_Bucket_01.png
[1.440s] -- Up-to-date symlink: /home/ambroise/hunav_ws/install/hunav_gazebo_wrapper/share/hunav_gazebo_wrapper//models/aws_robomaker_warehouse_Bucket_01/meshes/aws_robomaker_warehouse_Bucket_01_collision.DAE
[1.440s] -- Up-to-date symlink: /home/ambroise/hunav_ws/install/hunav_gazebo_wrapper/share/hunav_gazebo_wrapper//models/aws_robomaker_warehouse_Bucket_01/meshes/aws_robomaker_warehouse_Bucket_01_visual.DAE
[1.441s] -- Up-to-date symlink: /home/ambroise/hunav_ws/install/hunav_gazebo_wrapper/share/hunav_gazebo_wrapper//models/aws_robomaker_warehouse_Bucket_01/model.config
[1.441s] -- Up-to-date symlink: /home/ambroise/hunav_ws/install/hunav_gazebo_wrapper/share/hunav_gazebo_wrapper//models/aws_robomaker_warehouse_Bucket_01/model.sdf
[1.441s] -- Up-to-date symlink: /home/ambroise/hunav_ws/install/hunav_gazebo_wrapper/share/hunav_gazebo_wrapper//models/aws_robomaker_warehouse_ClutteringA_01/.DS_Store
[1.441s] -- Up-to-date symlink: /home/ambroise/hunav_ws/install/hunav_gazebo_wrapper/share/hunav_gazebo_wrapper//models/aws_robomaker_warehouse_ClutteringA_01/materials/.DS_Store
[1.441s] -- Up-to-date symlink: /home/ambroise/hunav_ws/install/hunav_gazebo_wrapper/share/hunav_gazebo_wrapper//models/aws_robomaker_warehouse_ClutteringA_01/materials/textures/.DS_Store
[1.441s] -- Up-to-date symlink: /home/ambroise/hunav_ws/install/hunav_gazebo_wrapper/share/hunav_gazebo_wrapper//models/aws_robomaker_warehouse_ClutteringA_01/materials/textures/aws_robomaker_warehouse_ClutteringA_01.png
[1.441s] -- Up-to-date symlink: /home/ambroise/hunav_ws/install/hunav_gazebo_wrapper/share/hunav_gazebo_wrapper//models/aws_robomaker_warehouse_ClutteringA_01/materials/textures/aws_robomaker_warehouse_ClutteringA_02.png
[1.441s] -- Up-to-date symlink: /home/ambroise/hunav_ws/install/hunav_gazebo_wrapper/share/hunav_gazebo_wrapper//models/aws_robomaker_warehouse_ClutteringA_01/materials/textures/aws_robomaker_warehouse_ClutteringA_03.png
[1.441s] -- Up-to-date symlink: /home/ambroise/hunav_ws/install/hunav_gazebo_wrapper/share/hunav_gazebo_wrapper//models/aws_robomaker_warehouse_ClutteringA_01/meshes/aws_robomaker_warehouse_ClutteringA_01_collision.DAE
[1.441s] -- Up-to-date symlink: /home/ambroise/hunav_ws/install/hunav_gazebo_wrapper/share/hunav_gazebo_wrapper//models/aws_robomaker_warehouse_ClutteringA_01/meshes/aws_robomaker_warehouse_ClutteringA_01_visual.DAE
[1.442s] -- Up-to-date symlink: /home/ambroise/hunav_ws/install/hunav_gazebo_wrapper/share/hunav_gazebo_wrapper//models/aws_robomaker_warehouse_ClutteringA_01/model.config
[1.442s] -- Up-to-date symlink: /home/ambroise/hunav_ws/install/hunav_gazebo_wrapper/share/hunav_gazebo_wrapper//models/aws_robomaker_warehouse_ClutteringA_01/model.sdf
[1.442s] -- Up-to-date symlink: /home/ambroise/hunav_ws/install/hunav_gazebo_wrapper/share/hunav_gazebo_wrapper//models/aws_robomaker_warehouse_ClutteringC_01/materials/textures/aws_robomaker_warehouse_ClutteringC_01.png
[1.442s] -- Up-to-date symlink: /home/ambroise/hunav_ws/install/hunav_gazebo_wrapper/share/hunav_gazebo_wrapper//models/aws_robomaker_warehouse_ClutteringC_01/materials/textures/aws_robomaker_warehouse_ClutteringC_02.png
[1.442s] -- Up-to-date symlink: /home/ambroise/hunav_ws/install/hunav_gazebo_wrapper/share/hunav_gazebo_wrapper//models/aws_robomaker_warehouse_ClutteringC_01/meshes/aws_robomaker_warehouse_ClutteringC_01_collision.DAE
[1.442s] -- Up-to-date symlink: /home/ambroise/hunav_ws/install/hunav_gazebo_wrapper/share/hunav_gazebo_wrapper//models/aws_robomaker_warehouse_ClutteringC_01/meshes/aws_robomaker_warehouse_ClutteringC_01_visual.DAE
[1.442s] -- Up-to-date symlink: /home/ambroise/hunav_ws/install/hunav_gazebo_wrapper/share/hunav_gazebo_wrapper//models/aws_robomaker_warehouse_ClutteringC_01/model.config
[1.442s] -- Up-to-date symlink: /home/ambroise/hunav_ws/install/hunav_gazebo_wrapper/share/hunav_gazebo_wrapper//models/aws_robomaker_warehouse_ClutteringC_01/model.sdf
[1.442s] -- Up-to-date symlink: /home/ambroise/hunav_ws/install/hunav_gazebo_wrapper/share/hunav_gazebo_wrapper//models/aws_robomaker_warehouse_ClutteringD_01/materials/textures/aws_robomaker_warehouse_ClutteringD_01.png
[1.442s] -- Up-to-date symlink: /home/ambroise/hunav_ws/install/hunav_gazebo_wrapper/share/hunav_gazebo_wrapper//models/aws_robomaker_warehouse_ClutteringD_01/materials/textures/aws_robomaker_warehouse_ClutteringD_02.png
[1.442s] -- Up-to-date symlink: /home/ambroise/hunav_ws/install/hunav_gazebo_wrapper/share/hunav_gazebo_wrapper//models/aws_robomaker_warehouse_ClutteringD_01/meshes/aws_robomaker_warehouse_ClutteringD_01_collision.DAE
[1.443s] -- Up-to-date symlink: /home/ambroise/hunav_ws/install/hunav_gazebo_wrapper/share/hunav_gazebo_wrapper//models/aws_robomaker_warehouse_ClutteringD_01/meshes/aws_robomaker_warehouse_ClutteringD_01_visual.DAE
[1.443s] -- Up-to-date symlink: /home/ambroise/hunav_ws/install/hunav_gazebo_wrapper/share/hunav_gazebo_wrapper//models/aws_robomaker_warehouse_ClutteringD_01/model.config
[1.443s] -- Up-to-date symlink: /home/ambroise/hunav_ws/install/hunav_gazebo_wrapper/share/hunav_gazebo_wrapper//models/aws_robomaker_warehouse_ClutteringD_01/model.sdf
[1.443s] -- Up-to-date symlink: /home/ambroise/hunav_ws/install/hunav_gazebo_wrapper/share/hunav_gazebo_wrapper//models/aws_robomaker_warehouse_DeskC_01/materials/.DS_Store
[1.443s] -- Up-to-date symlink: /home/ambroise/hunav_ws/install/hunav_gazebo_wrapper/share/hunav_gazebo_wrapper//models/aws_robomaker_warehouse_DeskC_01/materials/textures/aws_robomaker_warehouse_DeskC_01.png
[1.443s] -- Up-to-date symlink: /home/ambroise/hunav_ws/install/hunav_gazebo_wrapper/share/hunav_gazebo_wrapper//models/aws_robomaker_warehouse_DeskC_01/materials/textures/aws_robomaker_warehouse_DeskC_02.png
[1.443s] -- Up-to-date symlink: /home/ambroise/hunav_ws/install/hunav_gazebo_wrapper/share/hunav_gazebo_wrapper//models/aws_robomaker_warehouse_DeskC_01/materials/textures/aws_robomaker_warehouse_DeskC_03.png
[1.443s] -- Up-to-date symlink: /home/ambroise/hunav_ws/install/hunav_gazebo_wrapper/share/hunav_gazebo_wrapper//models/aws_robomaker_warehouse_DeskC_01/materials/textures/aws_robomaker_warehouse_DeskC_03.psd
[1.443s] -- Up-to-date symlink: /home/ambroise/hunav_ws/install/hunav_gazebo_wrapper/share/hunav_gazebo_wrapper//models/aws_robomaker_warehouse_DeskC_01/materials/textures/aws_robomaker_warehouse_DeskC_04.png
[1.443s] -- Up-to-date symlink: /home/ambroise/hunav_ws/install/hunav_gazebo_wrapper/share/hunav_gazebo_wrapper//models/aws_robomaker_warehouse_DeskC_01/meshes/aws_robomaker_warehouse_DeskC_01_collision.DAE
[1.443s] -- Up-to-date symlink: /home/ambroise/hunav_ws/install/hunav_gazebo_wrapper/share/hunav_gazebo_wrapper//models/aws_robomaker_warehouse_DeskC_01/meshes/aws_robomaker_warehouse_DeskC_01_visual.DAE
[1.444s] -- Up-to-date symlink: /home/ambroise/hunav_ws/install/hunav_gazebo_wrapper/share/hunav_gazebo_wrapper//models/aws_robomaker_warehouse_DeskC_01/model.config
[1.444s] -- Up-to-date symlink: /home/ambroise/hunav_ws/install/hunav_gazebo_wrapper/share/hunav_gazebo_wrapper//models/aws_robomaker_warehouse_DeskC_01/model.sdf
[1.444s] -- Up-to-date symlink: /home/ambroise/hunav_ws/install/hunav_gazebo_wrapper/share/hunav_gazebo_wrapper//models/aws_robomaker_warehouse_GroundB_01/materials/textures/aws_robomaker_warehouse_GroundB_01.png
[1.444s] -- Up-to-date symlink: /home/ambroise/hunav_ws/install/hunav_gazebo_wrapper/share/hunav_gazebo_wrapper//models/aws_robomaker_warehouse_GroundB_01/materials/textures/aws_robomaker_warehouse_GroundB_02.png
[1.444s] -- Up-to-date symlink: /home/ambroise/hunav_ws/install/hunav_gazebo_wrapper/share/hunav_gazebo_wrapper//models/aws_robomaker_warehouse_GroundB_01/meshes/aws_robomaker_warehouse_GroundB_01_collision.DAE
[1.444s] -- Up-to-date symlink: /home/ambroise/hunav_ws/install/hunav_gazebo_wrapper/share/hunav_gazebo_wrapper//models/aws_robomaker_warehouse_GroundB_01/meshes/aws_robomaker_warehouse_GroundB_01_visual.DAE
[1.444s] -- Up-to-date symlink: /home/ambroise/hunav_ws/install/hunav_gazebo_wrapper/share/hunav_gazebo_wrapper//models/aws_robomaker_warehouse_GroundB_01/model.config
[1.444s] -- Up-to-date symlink: /home/ambroise/hunav_ws/install/hunav_gazebo_wrapper/share/hunav_gazebo_wrapper//models/aws_robomaker_warehouse_GroundB_01/model.sdf
[1.444s] -- Up-to-date symlink: /home/ambroise/hunav_ws/install/hunav_gazebo_wrapper/share/hunav_gazebo_wrapper//models/aws_robomaker_warehouse_Lamp_01/materials/textures/aws_robomaker_warehouse_Lamp_01.png
[1.444s] -- Up-to-date symlink: /home/ambroise/hunav_ws/install/hunav_gazebo_wrapper/share/hunav_gazebo_wrapper//models/aws_robomaker_warehouse_Lamp_01/meshes/aws_robomaker_warehouse_Lamp_01_collision.DAE
[1.444s] -- Up-to-date symlink: /home/ambroise/hunav_ws/install/hunav_gazebo_wrapper/share/hunav_gazebo_wrapper//models/aws_robomaker_warehouse_Lamp_01/meshes/aws_robomaker_warehouse_Lamp_01_visual.DAE
[1.445s] -- Up-to-date symlink: /home/ambroise/hunav_ws/install/hunav_gazebo_wrapper/share/hunav_gazebo_wrapper//models/aws_robomaker_warehouse_Lamp_01/model.config
[1.445s] -- Up-to-date symlink: /home/ambroise/hunav_ws/install/hunav_gazebo_wrapper/share/hunav_gazebo_wrapper//models/aws_robomaker_warehouse_Lamp_01/model.sdf
[1.445s] -- Up-to-date symlink: /home/ambroise/hunav_ws/install/hunav_gazebo_wrapper/share/hunav_gazebo_wrapper//models/aws_robomaker_warehouse_PalletJackB_01/.DS_Store
[1.445s] -- Up-to-date symlink: /home/ambroise/hunav_ws/install/hunav_gazebo_wrapper/share/hunav_gazebo_wrapper//models/aws_robomaker_warehouse_PalletJackB_01/materials/.DS_Store
[1.445s] -- Up-to-date symlink: /home/ambroise/hunav_ws/install/hunav_gazebo_wrapper/share/hunav_gazebo_wrapper//models/aws_robomaker_warehouse_PalletJackB_01/materials/textures/aws_robomaker_warehouse_PalletJackB_01.png
[1.445s] -- Up-to-date symlink: /home/ambroise/hunav_ws/install/hunav_gazebo_wrapper/share/hunav_gazebo_wrapper//models/aws_robomaker_warehouse_PalletJackB_01/materials/textures/aws_robomaker_warehouse_PalletJackB_02.png
[1.445s] -- Up-to-date symlink: /home/ambroise/hunav_ws/install/hunav_gazebo_wrapper/share/hunav_gazebo_wrapper//models/aws_robomaker_warehouse_PalletJackB_01/meshes/aws_robomaker_warehouse_PalletJackB_01_collision.DAE
[1.445s] -- Up-to-date symlink: /home/ambroise/hunav_ws/install/hunav_gazebo_wrapper/share/hunav_gazebo_wrapper//models/aws_robomaker_warehouse_PalletJackB_01/meshes/aws_robomaker_warehouse_PalletJackB_01_visual.DAE
[1.445s] -- Up-to-date symlink: /home/ambroise/hunav_ws/install/hunav_gazebo_wrapper/share/hunav_gazebo_wrapper//models/aws_robomaker_warehouse_PalletJackB_01/model.config
[1.445s] -- Up-to-date symlink: /home/ambroise/hunav_ws/install/hunav_gazebo_wrapper/share/hunav_gazebo_wrapper//models/aws_robomaker_warehouse_PalletJackB_01/model.sdf
[1.445s] -- Up-to-date symlink: /home/ambroise/hunav_ws/install/hunav_gazebo_wrapper/share/hunav_gazebo_wrapper//models/aws_robomaker_warehouse_RoofB_01/materials/textures/aws_robomaker_warehouse_RoofB_01.png
[1.446s] -- Up-to-date symlink: /home/ambroise/hunav_ws/install/hunav_gazebo_wrapper/share/hunav_gazebo_wrapper//models/aws_robomaker_warehouse_RoofB_01/meshes/aws_robomaker_warehouse_RoofB_01_collision.DAE
[1.446s] -- Up-to-date symlink: /home/ambroise/hunav_ws/install/hunav_gazebo_wrapper/share/hunav_gazebo_wrapper//models/aws_robomaker_warehouse_RoofB_01/meshes/aws_robomaker_warehouse_RoofB_01_visual.DAE
[1.446s] -- Up-to-date symlink: /home/ambroise/hunav_ws/install/hunav_gazebo_wrapper/share/hunav_gazebo_wrapper//models/aws_robomaker_warehouse_RoofB_01/model.config
[1.446s] -- Up-to-date symlink: /home/ambroise/hunav_ws/install/hunav_gazebo_wrapper/share/hunav_gazebo_wrapper//models/aws_robomaker_warehouse_RoofB_01/model.sdf
[1.446s] -- Up-to-date symlink: /home/ambroise/hunav_ws/install/hunav_gazebo_wrapper/share/hunav_gazebo_wrapper//models/aws_robomaker_warehouse_ShelfD_01/materials/textures/aws_robomaker_warehouse_ShelfD_01.png
[1.446s] -- Up-to-date symlink: /home/ambroise/hunav_ws/install/hunav_gazebo_wrapper/share/hunav_gazebo_wrapper//models/aws_robomaker_warehouse_ShelfD_01/materials/textures/aws_robomaker_warehouse_ShelfD_02.png
[1.446s] -- Up-to-date symlink: /home/ambroise/hunav_ws/install/hunav_gazebo_wrapper/share/hunav_gazebo_wrapper//models/aws_robomaker_warehouse_ShelfD_01/materials/textures/aws_robomaker_warehouse_ShelfD_03.png
[1.446s] -- Up-to-date symlink: /home/ambroise/hunav_ws/install/hunav_gazebo_wrapper/share/hunav_gazebo_wrapper//models/aws_robomaker_warehouse_ShelfD_01/materials/textures/aws_robomaker_warehouse_ShelfD_04.png
[1.446s] -- Up-to-date symlink: /home/ambroise/hunav_ws/install/hunav_gazebo_wrapper/share/hunav_gazebo_wrapper//models/aws_robomaker_warehouse_ShelfD_01/meshes/aws_robomaker_warehouse_ShelfD_01_collision.DAE
[1.446s] -- Up-to-date symlink: /home/ambroise/hunav_ws/install/hunav_gazebo_wrapper/share/hunav_gazebo_wrapper//models/aws_robomaker_warehouse_ShelfD_01/meshes/aws_robomaker_warehouse_ShelfD_01_visual.DAE
[1.446s] -- Up-to-date symlink: /home/ambroise/hunav_ws/install/hunav_gazebo_wrapper/share/hunav_gazebo_wrapper//models/aws_robomaker_warehouse_ShelfD_01/model.config
[1.447s] -- Up-to-date symlink: /home/ambroise/hunav_ws/install/hunav_gazebo_wrapper/share/hunav_gazebo_wrapper//models/aws_robomaker_warehouse_ShelfD_01/model.sdf
[1.447s] -- Up-to-date symlink: /home/ambroise/hunav_ws/install/hunav_gazebo_wrapper/share/hunav_gazebo_wrapper//models/aws_robomaker_warehouse_ShelfE_01/.DS_Store
[1.447s] -- Up-to-date symlink: /home/ambroise/hunav_ws/install/hunav_gazebo_wrapper/share/hunav_gazebo_wrapper//models/aws_robomaker_warehouse_ShelfE_01/materials/.DS_Store
[1.447s] -- Up-to-date symlink: /home/ambroise/hunav_ws/install/hunav_gazebo_wrapper/share/hunav_gazebo_wrapper//models/aws_robomaker_warehouse_ShelfE_01/materials/textures/aws_robomaker_warehouse_ShelfE_01.png
[1.447s] -- Up-to-date symlink: /home/ambroise/hunav_ws/install/hunav_gazebo_wrapper/share/hunav_gazebo_wrapper//models/aws_robomaker_warehouse_ShelfE_01/materials/textures/aws_robomaker_warehouse_ShelfE_02.png
[1.447s] -- Up-to-date symlink: /home/ambroise/hunav_ws/install/hunav_gazebo_wrapper/share/hunav_gazebo_wrapper//models/aws_robomaker_warehouse_ShelfE_01/materials/textures/aws_robomaker_warehouse_ShelfE_03.png
[1.447s] -- Up-to-date symlink: /home/ambroise/hunav_ws/install/hunav_gazebo_wrapper/share/hunav_gazebo_wrapper//models/aws_robomaker_warehouse_ShelfE_01/materials/textures/aws_robomaker_warehouse_ShelfE_04.png
[1.447s] -- Up-to-date symlink: /home/ambroise/hunav_ws/install/hunav_gazebo_wrapper/share/hunav_gazebo_wrapper//models/aws_robomaker_warehouse_ShelfE_01/meshes/aws_robomaker_warehouse_ShelfE_01_collision.DAE
[1.447s] -- Up-to-date symlink: /home/ambroise/hunav_ws/install/hunav_gazebo_wrapper/share/hunav_gazebo_wrapper//models/aws_robomaker_warehouse_ShelfE_01/meshes/aws_robomaker_warehouse_ShelfE_01_visual.DAE
[1.447s] -- Up-to-date symlink: /home/ambroise/hunav_ws/install/hunav_gazebo_wrapper/share/hunav_gazebo_wrapper//models/aws_robomaker_warehouse_ShelfE_01/model.config
[1.447s] -- Up-to-date symlink: /home/ambroise/hunav_ws/install/hunav_gazebo_wrapper/share/hunav_gazebo_wrapper//models/aws_robomaker_warehouse_ShelfE_01/model.sdf
[1.448s] -- Up-to-date symlink: /home/ambroise/hunav_ws/install/hunav_gazebo_wrapper/share/hunav_gazebo_wrapper//models/aws_robomaker_warehouse_ShelfF_01/materials/textures/aws_robomaker_warehouse_ShelfF_01.png
[1.448s] -- Up-to-date symlink: /home/ambroise/hunav_ws/install/hunav_gazebo_wrapper/share/hunav_gazebo_wrapper//models/aws_robomaker_warehouse_ShelfF_01/materials/textures/aws_robomaker_warehouse_ShelfF_02.png
[1.448s] -- Up-to-date symlink: /home/ambroise/hunav_ws/install/hunav_gazebo_wrapper/share/hunav_gazebo_wrapper//models/aws_robomaker_warehouse_ShelfF_01/materials/textures/aws_robomaker_warehouse_ShelfF_03.png
[1.448s] -- Up-to-date symlink: /home/ambroise/hunav_ws/install/hunav_gazebo_wrapper/share/hunav_gazebo_wrapper//models/aws_robomaker_warehouse_ShelfF_01/meshes/aws_robomaker_warehouse_ShelfF_01_collision.DAE
[1.448s] -- Up-to-date symlink: /home/ambroise/hunav_ws/install/hunav_gazebo_wrapper/share/hunav_gazebo_wrapper//models/aws_robomaker_warehouse_ShelfF_01/meshes/aws_robomaker_warehouse_ShelfF_01_visual.DAE
[1.448s] -- Up-to-date symlink: /home/ambroise/hunav_ws/install/hunav_gazebo_wrapper/share/hunav_gazebo_wrapper//models/aws_robomaker_warehouse_ShelfF_01/model.config
[1.448s] -- Up-to-date symlink: /home/ambroise/hunav_ws/install/hunav_gazebo_wrapper/share/hunav_gazebo_wrapper//models/aws_robomaker_warehouse_ShelfF_01/model.sdf
[1.448s] -- Up-to-date symlink: /home/ambroise/hunav_ws/install/hunav_gazebo_wrapper/share/hunav_gazebo_wrapper//models/aws_robomaker_warehouse_TrashCanC_01/materials/textures/aws_robomaker_warehouse_TrashCanC_01.png
[1.448s] -- Up-to-date symlink: /home/ambroise/hunav_ws/install/hunav_gazebo_wrapper/share/hunav_gazebo_wrapper//models/aws_robomaker_warehouse_TrashCanC_01/meshes/aws_robomaker_warehouse_TrashCanC_01_collision.DAE
[1.448s] -- Up-to-date symlink: /home/ambroise/hunav_ws/install/hunav_gazebo_wrapper/share/hunav_gazebo_wrapper//models/aws_robomaker_warehouse_TrashCanC_01/meshes/aws_robomaker_warehouse_TrashCanC_01_visual.DAE
[1.448s] -- Up-to-date symlink: /home/ambroise/hunav_ws/install/hunav_gazebo_wrapper/share/hunav_gazebo_wrapper//models/aws_robomaker_warehouse_TrashCanC_01/model.config
[1.449s] -- Up-to-date symlink: /home/ambroise/hunav_ws/install/hunav_gazebo_wrapper/share/hunav_gazebo_wrapper//models/aws_robomaker_warehouse_TrashCanC_01/model.sdf
[1.449s] -- Up-to-date symlink: /home/ambroise/hunav_ws/install/hunav_gazebo_wrapper/share/hunav_gazebo_wrapper//models/aws_robomaker_warehouse_WallB_01/materials/textures/aws_robomaker_warehouse_WallB_01.png
[1.449s] -- Up-to-date symlink: /home/ambroise/hunav_ws/install/hunav_gazebo_wrapper/share/hunav_gazebo_wrapper//models/aws_robomaker_warehouse_WallB_01/meshes/aws_robomaker_warehouse_WallB_01_collision.DAE
[1.449s] -- Up-to-date symlink: /home/ambroise/hunav_ws/install/hunav_gazebo_wrapper/share/hunav_gazebo_wrapper//models/aws_robomaker_warehouse_WallB_01/meshes/aws_robomaker_warehouse_WallB_01_visual.DAE
[1.449s] -- Up-to-date symlink: /home/ambroise/hunav_ws/install/hunav_gazebo_wrapper/share/hunav_gazebo_wrapper//models/aws_robomaker_warehouse_WallB_01/model.config
[1.449s] -- Up-to-date symlink: /home/ambroise/hunav_ws/install/hunav_gazebo_wrapper/share/hunav_gazebo_wrapper//models/aws_robomaker_warehouse_WallB_01/model.sdf
[1.449s] -- Up-to-date symlink: /home/ambroise/hunav_ws/install/hunav_gazebo_wrapper/share/hunav_gazebo_wrapper//models/braid01_diffuse.png.001.png
[1.449s] -- Up-to-date symlink: /home/ambroise/hunav_ws/install/hunav_gazebo_wrapper/share/hunav_gazebo_wrapper//models/brown_eye.png
[1.449s] -- Up-to-date symlink: /home/ambroise/hunav_ws/install/hunav_gazebo_wrapper/share/hunav_gazebo_wrapper//models/brown_eye.png.001.png
[1.449s] -- Up-to-date symlink: /home/ambroise/hunav_ws/install/hunav_gazebo_wrapper/share/hunav_gazebo_wrapper//models/brown_eye.png.002.png
[1.450s] -- Up-to-date symlink: /home/ambroise/hunav_ws/install/hunav_gazebo_wrapper/share/hunav_gazebo_wrapper//models/casual_man.dae
[1.450s] -- Up-to-date symlink: /home/ambroise/hunav_ws/install/hunav_gazebo_wrapper/share/hunav_gazebo_wrapper//models/elegant_man.dae
[1.450s] -- Up-to-date symlink: /home/ambroise/hunav_ws/install/hunav_gazebo_wrapper/share/hunav_gazebo_wrapper//models/elegant_woman.dae
[1.450s] -- Up-to-date symlink: /home/ambroise/hunav_ws/install/hunav_gazebo_wrapper/share/hunav_gazebo_wrapper//models/eyebrow001.png
[1.450s] -- Up-to-date symlink: /home/ambroise/hunav_ws/install/hunav_gazebo_wrapper/share/hunav_gazebo_wrapper//models/eyebrow001.png.001.png
[1.450s] -- Up-to-date symlink: /home/ambroise/hunav_ws/install/hunav_gazebo_wrapper/share/hunav_gazebo_wrapper//models/eyebrow001.png.002.png
[1.450s] -- Up-to-date symlink: /home/ambroise/hunav_ws/install/hunav_gazebo_wrapper/share/hunav_gazebo_wrapper//models/female_casualsuit01_diffuse.png.001.png
[1.450s] -- Up-to-date symlink: /home/ambroise/hunav_ws/install/hunav_gazebo_wrapper/share/hunav_gazebo_wrapper//models/male_casualsuit01_diffuse.png
[1.451s] -- Up-to-date symlink: /home/ambroise/hunav_ws/install/hunav_gazebo_wrapper/share/hunav_gazebo_wrapper//models/male_casualsuit06_diffuse.png.001.png
[1.451s] -- Up-to-date symlink: /home/ambroise/hunav_ws/install/hunav_gazebo_wrapper/share/hunav_gazebo_wrapper//models/male_elegantsuit01_diffuse.png.001.png
[1.451s] -- Up-to-date symlink: /home/ambroise/hunav_ws/install/hunav_gazebo_wrapper/share/hunav_gazebo_wrapper//models/male_worksuit01_diffuse.png
[1.451s] -- Up-to-date symlink: /home/ambroise/hunav_ws/install/hunav_gazebo_wrapper/share/hunav_gazebo_wrapper//models/middleage_darkskinned_male_diffuse.png
[1.451s] -- Up-to-date symlink: /home/ambroise/hunav_ws/install/hunav_gazebo_wrapper/share/hunav_gazebo_wrapper//models/middleage_lightskinned_female_diffuse.png.002.png
[1.451s] -- Up-to-date symlink: /home/ambroise/hunav_ws/install/hunav_gazebo_wrapper/share/hunav_gazebo_wrapper//models/middleage_lightskinned_male_diffuse.png.001.png
[1.451s] -- Up-to-date symlink: /home/ambroise/hunav_ws/install/hunav_gazebo_wrapper/share/hunav_gazebo_wrapper//models/mono.dae
[1.451s] -- Up-to-date symlink: /home/ambroise/hunav_ws/install/hunav_gazebo_wrapper/share/hunav_gazebo_wrapper//models/mono2.dae
[1.451s] -- Up-to-date symlink: /home/ambroise/hunav_ws/install/hunav_gazebo_wrapper/share/hunav_gazebo_wrapper//models/mono3.dae
[1.451s] -- Up-to-date symlink: /home/ambroise/hunav_ws/install/hunav_gazebo_wrapper/share/hunav_gazebo_wrapper//models/mono4.dae
[1.452s] -- Up-to-date symlink: /home/ambroise/hunav_ws/install/hunav_gazebo_wrapper/share/hunav_gazebo_wrapper//models/mono5.dae
[1.452s] -- Up-to-date symlink: /home/ambroise/hunav_ws/install/hunav_gazebo_wrapper/share/hunav_gazebo_wrapper//models/old_lightskinned_male_diffuse.png
[1.452s] -- Up-to-date symlink: /home/ambroise/hunav_ws/install/hunav_gazebo_wrapper/share/hunav_gazebo_wrapper//models/regular_man.dae
[1.452s] -- Up-to-date symlink: /home/ambroise/hunav_ws/install/hunav_gazebo_wrapper/share/hunav_gazebo_wrapper//models/run.dae
[1.452s] -- Up-to-date symlink: /home/ambroise/hunav_ws/install/hunav_gazebo_wrapper/share/hunav_gazebo_wrapper//models/shoes01_diffuse.png
[1.452s] -- Up-to-date symlink: /home/ambroise/hunav_ws/install/hunav_gazebo_wrapper/share/hunav_gazebo_wrapper//models/shoes01_diffuse.png.001.png
[1.452s] -- Up-to-date symlink: /home/ambroise/hunav_ws/install/hunav_gazebo_wrapper/share/hunav_gazebo_wrapper//models/shoes03_diffuse.png
[1.452s] -- Up-to-date symlink: /home/ambroise/hunav_ws/install/hunav_gazebo_wrapper/share/hunav_gazebo_wrapper//models/shoes03_diffuse.png.001.png
[1.452s] -- Up-to-date symlink: /home/ambroise/hunav_ws/install/hunav_gazebo_wrapper/share/hunav_gazebo_wrapper//models/shoes05_diffuse.png.001.png
[1.452s] -- Up-to-date symlink: /home/ambroise/hunav_ws/install/hunav_gazebo_wrapper/share/hunav_gazebo_wrapper//models/short01_diffuse.png
[1.452s] -- Up-to-date symlink: /home/ambroise/hunav_ws/install/hunav_gazebo_wrapper/share/hunav_gazebo_wrapper//models/short02_diffuse.png
[1.452s] -- Up-to-date symlink: /home/ambroise/hunav_ws/install/hunav_gazebo_wrapper/share/hunav_gazebo_wrapper//models/short02_diffuse.png.001.png
[1.453s] -- Up-to-date symlink: /home/ambroise/hunav_ws/install/hunav_gazebo_wrapper/share/hunav_gazebo_wrapper//models/short03_diffuse.png.001.png
[1.453s] -- Up-to-date symlink: /home/ambroise/hunav_ws/install/hunav_gazebo_wrapper/share/hunav_gazebo_wrapper//models/sit_down.dae
[1.453s] -- Up-to-date symlink: /home/ambroise/hunav_ws/install/hunav_gazebo_wrapper/share/hunav_gazebo_wrapper//models/sitting.dae
[1.453s] -- Up-to-date symlink: /home/ambroise/hunav_ws/install/hunav_gazebo_wrapper/share/hunav_gazebo_wrapper//models/stand.dae
[1.453s] -- Up-to-date symlink: /home/ambroise/hunav_ws/install/hunav_gazebo_wrapper/share/hunav_gazebo_wrapper//models/stand_up.dae
[1.453s] -- Up-to-date symlink: /home/ambroise/hunav_ws/install/hunav_gazebo_wrapper/share/hunav_gazebo_wrapper//models/sub_16.dae
[1.453s] -- Up-to-date symlink: /home/ambroise/hunav_ws/install/hunav_gazebo_wrapper/share/hunav_gazebo_wrapper//models/talk_a.dae
[1.453s] -- Up-to-date symlink: /home/ambroise/hunav_ws/install/hunav_gazebo_wrapper/share/hunav_gazebo_wrapper//models/talk_b.dae
[1.453s] -- Up-to-date symlink: /home/ambroise/hunav_ws/install/hunav_gazebo_wrapper/share/hunav_gazebo_wrapper//models/walk-blue.dae
[1.453s] -- Up-to-date symlink: /home/ambroise/hunav_ws/install/hunav_gazebo_wrapper/share/hunav_gazebo_wrapper//models/walk-green.dae
[1.453s] -- Up-to-date symlink: /home/ambroise/hunav_ws/install/hunav_gazebo_wrapper/share/hunav_gazebo_wrapper//models/walk-red.dae
[1.453s] -- Up-to-date symlink: /home/ambroise/hunav_ws/install/hunav_gazebo_wrapper/share/hunav_gazebo_wrapper//models/walk.dae
[1.454s] -- Up-to-date symlink: /home/ambroise/hunav_ws/install/hunav_gazebo_wrapper/share/hunav_gazebo_wrapper//models/worker_man.dae
[1.454s] -- Up-to-date symlink: /home/ambroise/hunav_ws/install/hunav_gazebo_wrapper/share/hunav_gazebo_wrapper/environment/hunav_gazebo_wrapper.dsv
[1.454s] -- Up-to-date symlink: /home/ambroise/hunav_ws/install/hunav_gazebo_wrapper/share/ament_index/resource_index/package_run_dependencies/hunav_gazebo_wrapper
[1.454s] -- Up-to-date symlink: /home/ambroise/hunav_ws/install/hunav_gazebo_wrapper/share/ament_index/resource_index/parent_prefix_path/hunav_gazebo_wrapper
[1.454s] -- Up-to-date symlink: /home/ambroise/hunav_ws/install/hunav_gazebo_wrapper/share/hunav_gazebo_wrapper/environment/ament_prefix_path.sh
[1.454s] -- Up-to-date symlink: /home/ambroise/hunav_ws/install/hunav_gazebo_wrapper/share/hunav_gazebo_wrapper/environment/ament_prefix_path.dsv
[1.454s] -- Up-to-date symlink: /home/ambroise/hunav_ws/install/hunav_gazebo_wrapper/share/hunav_gazebo_wrapper/environment/path.sh
[1.455s] -- Up-to-date symlink: /home/ambroise/hunav_ws/install/hunav_gazebo_wrapper/share/hunav_gazebo_wrapper/environment/path.dsv
[1.455s] -- Up-to-date symlink: /home/ambroise/hunav_ws/install/hunav_gazebo_wrapper/share/hunav_gazebo_wrapper/local_setup.bash
[1.455s] -- Up-to-date symlink: /home/ambroise/hunav_ws/install/hunav_gazebo_wrapper/share/hunav_gazebo_wrapper/local_setup.sh
[1.455s] -- Up-to-date symlink: /home/ambroise/hunav_ws/install/hunav_gazebo_wrapper/share/hunav_gazebo_wrapper/local_setup.zsh
[1.455s] -- Up-to-date symlink: /home/ambroise/hunav_ws/install/hunav_gazebo_wrapper/share/hunav_gazebo_wrapper/local_setup.dsv
[1.455s] -- Symlinking: /home/ambroise/hunav_ws/install/hunav_gazebo_wrapper/share/hunav_gazebo_wrapper/package.dsv
[1.467s] -- Up-to-date symlink: /home/ambroise/hunav_ws/install/hunav_gazebo_wrapper/share/ament_index/resource_index/packages/hunav_gazebo_wrapper
[1.467s] -- Up-to-date symlink: /home/ambroise/hunav_ws/install/hunav_gazebo_wrapper/share/hunav_gazebo_wrapper/cmake/ament_cmake_export_libraries-extras.cmake
[1.467s] -- Up-to-date symlink: /home/ambroise/hunav_ws/install/hunav_gazebo_wrapper/share/hunav_gazebo_wrapper/cmake/hunav_gazebo_wrapperConfig.cmake
[1.467s] -- Up-to-date symlink: /home/ambroise/hunav_ws/install/hunav_gazebo_wrapper/share/hunav_gazebo_wrapper/cmake/hunav_gazebo_wrapperConfig-version.cmake
[1.468s] -- Up-to-date symlink: /home/ambroise/hunav_ws/install/hunav_gazebo_wrapper/share/hunav_gazebo_wrapper/package.xml
[1.470s] Invoked command in '/home/ambroise/hunav_ws/build/hunav_gazebo_wrapper' returned '0': CMAKE_PREFIX_PATH=/home/ambroise/hunav_ws/install/hunav_msgs:/home/ambroise/hunav_ws/install/hunav_sim:/home/ambroise/hunav_ws/install/hunav_agent_manager:/home/ambroise/hunav_ws/install/people_msgs:/home/ambroise/hunav_ws/install/hunav_rviz2_panel:/home/ambroise/hunav_ws/install/hunav_gazebo_wrapper:/home/ambroise/hunav_ws/install/hunav_behavior_tree_generator:/home/ambroise/hunav_ws/install/hunav_evaluator:/opt/ros/humble LD_LIBRARY_PATH=/home/ambroise/hunav_ws/install/hunav_msgs/lib:/home/ambroise/hunav_ws/install/people_msgs/lib:/home/ambroise/hunav_ws/install/hunav_rviz2_panel/lib:/home/ambroise/hunav_ws/install/hunav_gazebo_wrapper/lib:/usr/lib/x86_64-linux-gnu/gazebo-11/plugins:/opt/ros/humble/opt/rviz_ogre_vendor/lib:/opt/ros/humble/lib/x86_64-linux-gnu:/opt/ros/humble/lib:/usr/lib/x86_64-linux-gnu/gazebo-11/plugins:/home/ambroise/hunav_ws/install/hunav_gazebo_wrapper/lib /usr/bin/cmake --install /home/ambroise/hunav_ws/build/hunav_gazebo_wrapper
