[0.084s] DEBUG:colcon:Command line arguments: ['/usr/bin/colcon', 'build', '--symlink-install']
[0.084s] DEBUG:colcon:Parsed command line arguments: Namespace(log_base=None, log_level=None, verb_name='build', build_base='build', install_base='install', merge_install=False, symlink_install=True, test_result_base=None, continue_on_error=False, executor='parallel', parallel_workers=16, event_handlers=None, ignore_user_meta=False, metas=['./colcon.meta'], base_paths=['.'], packages_ignore=None, packages_ignore_regex=None, paths=None, packages_up_to=None, packages_up_to_regex=None, packages_above=None, packages_above_and_dependencies=None, packages_above_depth=None, packages_select_by_dep=None, packages_skip_by_dep=None, packages_skip_up_to=None, packages_select_build_failed=False, packages_skip_build_finished=False, packages_select_test_failures=False, packages_skip_test_passed=False, packages_select=None, packages_skip=None, packages_select_regex=None, packages_skip_regex=None, packages_start=None, packages_end=None, allow_overriding=[], cmake_args=None, cmake_target=None, cmake_target_skip_unavailable=False, cmake_clean_cache=False, cmake_clean_first=False, cmake_force_configure=False, ament_cmake_args=None, catkin_cmake_args=None, catkin_skip_building_tests=False, verb_parser=<colcon_defaults.argument_parser.defaults.DefaultArgumentsDecorator object at 0x73fb57969bd0>, verb_extension=<colcon_core.verb.build.BuildVerb object at 0x73fb57969600>, main=<bound method BuildVerb.main of <colcon_core.verb.build.BuildVerb object at 0x73fb57969600>>)
[0.219s] Level 1:colcon.colcon_core.package_discovery:discover_packages(colcon_meta) check parameters
[0.219s] Level 1:colcon.colcon_core.package_discovery:discover_packages(recursive) check parameters
[0.219s] Level 1:colcon.colcon_core.package_discovery:discover_packages(ignore) check parameters
[0.219s] Level 1:colcon.colcon_core.package_discovery:discover_packages(path) check parameters
[0.219s] Level 1:colcon.colcon_core.package_discovery:discover_packages(colcon_meta) discover
[0.219s] Level 1:colcon.colcon_core.package_discovery:discover_packages(recursive) discover
[0.219s] INFO:colcon.colcon_core.package_discovery:Crawling recursively for packages in '/home/ambroise/hunav_ws'
[0.219s] Level 1:colcon.colcon_core.package_identification:_identify(.) by extensions ['ignore', 'ignore_ament_install']
[0.219s] Level 1:colcon.colcon_core.package_identification:_identify(.) by extension 'ignore'
[0.219s] Level 1:colcon.colcon_core.package_identification:_identify(.) by extension 'ignore_ament_install'
[0.219s] Level 1:colcon.colcon_core.package_identification:_identify(.) by extensions ['colcon_pkg']
[0.219s] Level 1:colcon.colcon_core.package_identification:_identify(.) by extension 'colcon_pkg'
[0.219s] Level 1:colcon.colcon_core.package_identification:_identify(.) by extensions ['colcon_meta']
[0.219s] Level 1:colcon.colcon_core.package_identification:_identify(.) by extension 'colcon_meta'
[0.219s] Level 1:colcon.colcon_core.package_identification:_identify(.) by extensions ['ros']
[0.219s] Level 1:colcon.colcon_core.package_identification:_identify(.) by extension 'ros'
[0.228s] Level 1:colcon.colcon_core.package_identification:_identify(.) by extensions ['cmake', 'python']
[0.228s] Level 1:colcon.colcon_core.package_identification:_identify(.) by extension 'cmake'
[0.228s] Level 1:colcon.colcon_core.package_identification:_identify(.) by extension 'python'
[0.228s] Level 1:colcon.colcon_core.package_identification:_identify(.) by extensions ['python_setup_py']
[0.228s] Level 1:colcon.colcon_core.package_identification:_identify(.) by extension 'python_setup_py'
[0.228s] Level 1:colcon.colcon_core.package_identification:_identify(build) by extensions ['ignore', 'ignore_ament_install']
[0.228s] Level 1:colcon.colcon_core.package_identification:_identify(build) by extension 'ignore'
[0.228s] Level 1:colcon.colcon_core.package_identification:_identify(build) ignored
[0.228s] Level 1:colcon.colcon_core.package_identification:_identify(install) by extensions ['ignore', 'ignore_ament_install']
[0.228s] Level 1:colcon.colcon_core.package_identification:_identify(install) by extension 'ignore'
[0.228s] Level 1:colcon.colcon_core.package_identification:_identify(install) ignored
[0.228s] Level 1:colcon.colcon_core.package_identification:_identify(log) by extensions ['ignore', 'ignore_ament_install']
[0.228s] Level 1:colcon.colcon_core.package_identification:_identify(log) by extension 'ignore'
[0.228s] Level 1:colcon.colcon_core.package_identification:_identify(log) ignored
[0.228s] Level 1:colcon.colcon_core.package_identification:_identify(src) by extensions ['ignore', 'ignore_ament_install']
[0.228s] Level 1:colcon.colcon_core.package_identification:_identify(src) by extension 'ignore'
[0.229s] Level 1:colcon.colcon_core.package_identification:_identify(src) by extension 'ignore_ament_install'
[0.229s] Level 1:colcon.colcon_core.package_identification:_identify(src) by extensions ['colcon_pkg']
[0.229s] Level 1:colcon.colcon_core.package_identification:_identify(src) by extension 'colcon_pkg'
[0.229s] Level 1:colcon.colcon_core.package_identification:_identify(src) by extensions ['colcon_meta']
[0.229s] Level 1:colcon.colcon_core.package_identification:_identify(src) by extension 'colcon_meta'
[0.229s] Level 1:colcon.colcon_core.package_identification:_identify(src) by extensions ['ros']
[0.229s] Level 1:colcon.colcon_core.package_identification:_identify(src) by extension 'ros'
[0.229s] Level 1:colcon.colcon_core.package_identification:_identify(src) by extensions ['cmake', 'python']
[0.229s] Level 1:colcon.colcon_core.package_identification:_identify(src) by extension 'cmake'
[0.229s] Level 1:colcon.colcon_core.package_identification:_identify(src) by extension 'python'
[0.229s] Level 1:colcon.colcon_core.package_identification:_identify(src) by extensions ['python_setup_py']
[0.229s] Level 1:colcon.colcon_core.package_identification:_identify(src) by extension 'python_setup_py'
[0.229s] Level 1:colcon.colcon_core.package_identification:_identify(src/hunav_gazebo_wrapper) by extensions ['ignore', 'ignore_ament_install']
[0.229s] Level 1:colcon.colcon_core.package_identification:_identify(src/hunav_gazebo_wrapper) by extension 'ignore'
[0.229s] Level 1:colcon.colcon_core.package_identification:_identify(src/hunav_gazebo_wrapper) by extension 'ignore_ament_install'
[0.229s] Level 1:colcon.colcon_core.package_identification:_identify(src/hunav_gazebo_wrapper) by extensions ['colcon_pkg']
[0.229s] Level 1:colcon.colcon_core.package_identification:_identify(src/hunav_gazebo_wrapper) by extension 'colcon_pkg'
[0.229s] Level 1:colcon.colcon_core.package_identification:_identify(src/hunav_gazebo_wrapper) by extensions ['colcon_meta']
[0.229s] Level 1:colcon.colcon_core.package_identification:_identify(src/hunav_gazebo_wrapper) by extension 'colcon_meta'
[0.229s] Level 1:colcon.colcon_core.package_identification:_identify(src/hunav_gazebo_wrapper) by extensions ['ros']
[0.229s] Level 1:colcon.colcon_core.package_identification:_identify(src/hunav_gazebo_wrapper) by extension 'ros'
[0.231s] DEBUG:colcon.colcon_core.package_identification:Package 'src/hunav_gazebo_wrapper' with type 'ros.ament_cmake' and name 'hunav_gazebo_wrapper'
[0.231s] Level 1:colcon.colcon_core.package_identification:_identify(src/hunav_sim) by extensions ['ignore', 'ignore_ament_install']
[0.231s] Level 1:colcon.colcon_core.package_identification:_identify(src/hunav_sim) by extension 'ignore'
[0.231s] Level 1:colcon.colcon_core.package_identification:_identify(src/hunav_sim) by extension 'ignore_ament_install'
[0.231s] Level 1:colcon.colcon_core.package_identification:_identify(src/hunav_sim) by extensions ['colcon_pkg']
[0.231s] Level 1:colcon.colcon_core.package_identification:_identify(src/hunav_sim) by extension 'colcon_pkg'
[0.231s] Level 1:colcon.colcon_core.package_identification:_identify(src/hunav_sim) by extensions ['colcon_meta']
[0.231s] Level 1:colcon.colcon_core.package_identification:_identify(src/hunav_sim) by extension 'colcon_meta'
[0.231s] Level 1:colcon.colcon_core.package_identification:_identify(src/hunav_sim) by extensions ['ros']
[0.231s] Level 1:colcon.colcon_core.package_identification:_identify(src/hunav_sim) by extension 'ros'
[0.232s] Level 1:colcon.colcon_core.package_identification:_identify(src/hunav_sim) by extensions ['cmake', 'python']
[0.232s] Level 1:colcon.colcon_core.package_identification:_identify(src/hunav_sim) by extension 'cmake'
[0.232s] Level 1:colcon.colcon_core.package_identification:_identify(src/hunav_sim) by extension 'python'
[0.232s] Level 1:colcon.colcon_core.package_identification:_identify(src/hunav_sim) by extensions ['python_setup_py']
[0.232s] Level 1:colcon.colcon_core.package_identification:_identify(src/hunav_sim) by extension 'python_setup_py'
[0.232s] Level 1:colcon.colcon_core.package_identification:_identify(src/hunav_sim/hunav_agent_manager) by extensions ['ignore', 'ignore_ament_install']
[0.232s] Level 1:colcon.colcon_core.package_identification:_identify(src/hunav_sim/hunav_agent_manager) by extension 'ignore'
[0.232s] Level 1:colcon.colcon_core.package_identification:_identify(src/hunav_sim/hunav_agent_manager) by extension 'ignore_ament_install'
[0.232s] Level 1:colcon.colcon_core.package_identification:_identify(src/hunav_sim/hunav_agent_manager) by extensions ['colcon_pkg']
[0.232s] Level 1:colcon.colcon_core.package_identification:_identify(src/hunav_sim/hunav_agent_manager) by extension 'colcon_pkg'
[0.232s] Level 1:colcon.colcon_core.package_identification:_identify(src/hunav_sim/hunav_agent_manager) by extensions ['colcon_meta']
[0.232s] Level 1:colcon.colcon_core.package_identification:_identify(src/hunav_sim/hunav_agent_manager) by extension 'colcon_meta'
[0.232s] Level 1:colcon.colcon_core.package_identification:_identify(src/hunav_sim/hunav_agent_manager) by extensions ['ros']
[0.232s] Level 1:colcon.colcon_core.package_identification:_identify(src/hunav_sim/hunav_agent_manager) by extension 'ros'
[0.233s] DEBUG:colcon.colcon_core.package_identification:Package 'src/hunav_sim/hunav_agent_manager' with type 'ros.ament_cmake' and name 'hunav_agent_manager'
[0.233s] Level 1:colcon.colcon_core.package_identification:_identify(src/hunav_sim/hunav_behavior_tree_generator) by extensions ['ignore', 'ignore_ament_install']
[0.233s] Level 1:colcon.colcon_core.package_identification:_identify(src/hunav_sim/hunav_behavior_tree_generator) by extension 'ignore'
[0.233s] Level 1:colcon.colcon_core.package_identification:_identify(src/hunav_sim/hunav_behavior_tree_generator) by extension 'ignore_ament_install'
[0.233s] Level 1:colcon.colcon_core.package_identification:_identify(src/hunav_sim/hunav_behavior_tree_generator) by extensions ['colcon_pkg']
[0.233s] Level 1:colcon.colcon_core.package_identification:_identify(src/hunav_sim/hunav_behavior_tree_generator) by extension 'colcon_pkg'
[0.233s] Level 1:colcon.colcon_core.package_identification:_identify(src/hunav_sim/hunav_behavior_tree_generator) by extensions ['colcon_meta']
[0.233s] Level 1:colcon.colcon_core.package_identification:_identify(src/hunav_sim/hunav_behavior_tree_generator) by extension 'colcon_meta'
[0.233s] Level 1:colcon.colcon_core.package_identification:_identify(src/hunav_sim/hunav_behavior_tree_generator) by extensions ['ros']
[0.233s] Level 1:colcon.colcon_core.package_identification:_identify(src/hunav_sim/hunav_behavior_tree_generator) by extension 'ros'
[0.234s] DEBUG:colcon.colcon_core.package_identification:Package 'src/hunav_sim/hunav_behavior_tree_generator' with type 'ros.ament_python' and name 'hunav_behavior_tree_generator'
[0.234s] Level 1:colcon.colcon_core.package_identification:_identify(src/hunav_sim/hunav_evaluator) by extensions ['ignore', 'ignore_ament_install']
[0.234s] Level 1:colcon.colcon_core.package_identification:_identify(src/hunav_sim/hunav_evaluator) by extension 'ignore'
[0.234s] Level 1:colcon.colcon_core.package_identification:_identify(src/hunav_sim/hunav_evaluator) by extension 'ignore_ament_install'
[0.234s] Level 1:colcon.colcon_core.package_identification:_identify(src/hunav_sim/hunav_evaluator) by extensions ['colcon_pkg']
[0.234s] Level 1:colcon.colcon_core.package_identification:_identify(src/hunav_sim/hunav_evaluator) by extension 'colcon_pkg'
[0.234s] Level 1:colcon.colcon_core.package_identification:_identify(src/hunav_sim/hunav_evaluator) by extensions ['colcon_meta']
[0.234s] Level 1:colcon.colcon_core.package_identification:_identify(src/hunav_sim/hunav_evaluator) by extension 'colcon_meta'
[0.234s] Level 1:colcon.colcon_core.package_identification:_identify(src/hunav_sim/hunav_evaluator) by extensions ['ros']
[0.234s] Level 1:colcon.colcon_core.package_identification:_identify(src/hunav_sim/hunav_evaluator) by extension 'ros'
[0.235s] DEBUG:colcon.colcon_core.package_identification:Package 'src/hunav_sim/hunav_evaluator' with type 'ros.ament_python' and name 'hunav_evaluator'
[0.235s] Level 1:colcon.colcon_core.package_identification:_identify(src/hunav_sim/hunav_msgs) by extensions ['ignore', 'ignore_ament_install']
[0.235s] Level 1:colcon.colcon_core.package_identification:_identify(src/hunav_sim/hunav_msgs) by extension 'ignore'
[0.235s] Level 1:colcon.colcon_core.package_identification:_identify(src/hunav_sim/hunav_msgs) by extension 'ignore_ament_install'
[0.235s] Level 1:colcon.colcon_core.package_identification:_identify(src/hunav_sim/hunav_msgs) by extensions ['colcon_pkg']
[0.235s] Level 1:colcon.colcon_core.package_identification:_identify(src/hunav_sim/hunav_msgs) by extension 'colcon_pkg'
[0.235s] Level 1:colcon.colcon_core.package_identification:_identify(src/hunav_sim/hunav_msgs) by extensions ['colcon_meta']
[0.235s] Level 1:colcon.colcon_core.package_identification:_identify(src/hunav_sim/hunav_msgs) by extension 'colcon_meta'
[0.235s] Level 1:colcon.colcon_core.package_identification:_identify(src/hunav_sim/hunav_msgs) by extensions ['ros']
[0.235s] Level 1:colcon.colcon_core.package_identification:_identify(src/hunav_sim/hunav_msgs) by extension 'ros'
[0.236s] DEBUG:colcon.colcon_core.package_identification:Package 'src/hunav_sim/hunav_msgs' with type 'ros.ament_cmake' and name 'hunav_msgs'
[0.236s] Level 1:colcon.colcon_core.package_identification:_identify(src/hunav_sim/hunav_rviz2_panel) by extensions ['ignore', 'ignore_ament_install']
[0.236s] Level 1:colcon.colcon_core.package_identification:_identify(src/hunav_sim/hunav_rviz2_panel) by extension 'ignore'
[0.236s] Level 1:colcon.colcon_core.package_identification:_identify(src/hunav_sim/hunav_rviz2_panel) by extension 'ignore_ament_install'
[0.236s] Level 1:colcon.colcon_core.package_identification:_identify(src/hunav_sim/hunav_rviz2_panel) by extensions ['colcon_pkg']
[0.236s] Level 1:colcon.colcon_core.package_identification:_identify(src/hunav_sim/hunav_rviz2_panel) by extension 'colcon_pkg'
[0.236s] Level 1:colcon.colcon_core.package_identification:_identify(src/hunav_sim/hunav_rviz2_panel) by extensions ['colcon_meta']
[0.236s] Level 1:colcon.colcon_core.package_identification:_identify(src/hunav_sim/hunav_rviz2_panel) by extension 'colcon_meta'
[0.236s] Level 1:colcon.colcon_core.package_identification:_identify(src/hunav_sim/hunav_rviz2_panel) by extensions ['ros']
[0.236s] Level 1:colcon.colcon_core.package_identification:_identify(src/hunav_sim/hunav_rviz2_panel) by extension 'ros'
[0.237s] DEBUG:colcon.colcon_core.package_identification:Package 'src/hunav_sim/hunav_rviz2_panel' with type 'ros.ament_cmake' and name 'hunav_rviz2_panel'
[0.237s] Level 1:colcon.colcon_core.package_identification:_identify(src/hunav_sim/hunav_sim) by extensions ['ignore', 'ignore_ament_install']
[0.238s] Level 1:colcon.colcon_core.package_identification:_identify(src/hunav_sim/hunav_sim) by extension 'ignore'
[0.238s] Level 1:colcon.colcon_core.package_identification:_identify(src/hunav_sim/hunav_sim) by extension 'ignore_ament_install'
[0.238s] Level 1:colcon.colcon_core.package_identification:_identify(src/hunav_sim/hunav_sim) by extensions ['colcon_pkg']
[0.238s] Level 1:colcon.colcon_core.package_identification:_identify(src/hunav_sim/hunav_sim) by extension 'colcon_pkg'
[0.238s] Level 1:colcon.colcon_core.package_identification:_identify(src/hunav_sim/hunav_sim) by extensions ['colcon_meta']
[0.238s] Level 1:colcon.colcon_core.package_identification:_identify(src/hunav_sim/hunav_sim) by extension 'colcon_meta'
[0.238s] Level 1:colcon.colcon_core.package_identification:_identify(src/hunav_sim/hunav_sim) by extensions ['ros']
[0.238s] Level 1:colcon.colcon_core.package_identification:_identify(src/hunav_sim/hunav_sim) by extension 'ros'
[0.238s] DEBUG:colcon.colcon_core.package_identification:Package 'src/hunav_sim/hunav_sim' with type 'ros.ament_cmake' and name 'hunav_sim'
[0.238s] Level 1:colcon.colcon_core.package_identification:_identify(src/hunav_sim/images) by extensions ['ignore', 'ignore_ament_install']
[0.238s] Level 1:colcon.colcon_core.package_identification:_identify(src/hunav_sim/images) by extension 'ignore'
[0.238s] Level 1:colcon.colcon_core.package_identification:_identify(src/hunav_sim/images) by extension 'ignore_ament_install'
[0.238s] Level 1:colcon.colcon_core.package_identification:_identify(src/hunav_sim/images) by extensions ['colcon_pkg']
[0.238s] Level 1:colcon.colcon_core.package_identification:_identify(src/hunav_sim/images) by extension 'colcon_pkg'
[0.238s] Level 1:colcon.colcon_core.package_identification:_identify(src/hunav_sim/images) by extensions ['colcon_meta']
[0.238s] Level 1:colcon.colcon_core.package_identification:_identify(src/hunav_sim/images) by extension 'colcon_meta'
[0.238s] Level 1:colcon.colcon_core.package_identification:_identify(src/hunav_sim/images) by extensions ['ros']
[0.238s] Level 1:colcon.colcon_core.package_identification:_identify(src/hunav_sim/images) by extension 'ros'
[0.238s] Level 1:colcon.colcon_core.package_identification:_identify(src/hunav_sim/images) by extensions ['cmake', 'python']
[0.239s] Level 1:colcon.colcon_core.package_identification:_identify(src/hunav_sim/images) by extension 'cmake'
[0.239s] Level 1:colcon.colcon_core.package_identification:_identify(src/hunav_sim/images) by extension 'python'
[0.239s] Level 1:colcon.colcon_core.package_identification:_identify(src/hunav_sim/images) by extensions ['python_setup_py']
[0.239s] Level 1:colcon.colcon_core.package_identification:_identify(src/hunav_sim/images) by extension 'python_setup_py'
[0.239s] Level 1:colcon.colcon_core.package_identification:_identify(src/lightsfm) by extensions ['ignore', 'ignore_ament_install']
[0.239s] Level 1:colcon.colcon_core.package_identification:_identify(src/lightsfm) by extension 'ignore'
[0.239s] Level 1:colcon.colcon_core.package_identification:_identify(src/lightsfm) by extension 'ignore_ament_install'
[0.239s] Level 1:colcon.colcon_core.package_identification:_identify(src/lightsfm) by extensions ['colcon_pkg']
[0.239s] Level 1:colcon.colcon_core.package_identification:_identify(src/lightsfm) by extension 'colcon_pkg'
[0.239s] Level 1:colcon.colcon_core.package_identification:_identify(src/lightsfm) by extensions ['colcon_meta']
[0.239s] Level 1:colcon.colcon_core.package_identification:_identify(src/lightsfm) by extension 'colcon_meta'
[0.239s] Level 1:colcon.colcon_core.package_identification:_identify(src/lightsfm) by extensions ['ros']
[0.239s] Level 1:colcon.colcon_core.package_identification:_identify(src/lightsfm) by extension 'ros'
[0.239s] Level 1:colcon.colcon_core.package_identification:_identify(src/lightsfm) by extensions ['cmake', 'python']
[0.239s] Level 1:colcon.colcon_core.package_identification:_identify(src/lightsfm) by extension 'cmake'
[0.239s] Level 1:colcon.colcon_core.package_identification:_identify(src/lightsfm) by extension 'python'
[0.239s] Level 1:colcon.colcon_core.package_identification:_identify(src/lightsfm) by extensions ['python_setup_py']
[0.239s] Level 1:colcon.colcon_core.package_identification:_identify(src/lightsfm) by extension 'python_setup_py'
[0.239s] Level 1:colcon.colcon_core.package_identification:_identify(src/lightsfm/include) by extensions ['ignore', 'ignore_ament_install']
[0.239s] Level 1:colcon.colcon_core.package_identification:_identify(src/lightsfm/include) by extension 'ignore'
[0.239s] Level 1:colcon.colcon_core.package_identification:_identify(src/lightsfm/include) by extension 'ignore_ament_install'
[0.239s] Level 1:colcon.colcon_core.package_identification:_identify(src/lightsfm/include) by extensions ['colcon_pkg']
[0.239s] Level 1:colcon.colcon_core.package_identification:_identify(src/lightsfm/include) by extension 'colcon_pkg'
[0.239s] Level 1:colcon.colcon_core.package_identification:_identify(src/lightsfm/include) by extensions ['colcon_meta']
[0.239s] Level 1:colcon.colcon_core.package_identification:_identify(src/lightsfm/include) by extension 'colcon_meta'
[0.239s] Level 1:colcon.colcon_core.package_identification:_identify(src/lightsfm/include) by extensions ['ros']
[0.239s] Level 1:colcon.colcon_core.package_identification:_identify(src/lightsfm/include) by extension 'ros'
[0.240s] Level 1:colcon.colcon_core.package_identification:_identify(src/lightsfm/include) by extensions ['cmake', 'python']
[0.240s] Level 1:colcon.colcon_core.package_identification:_identify(src/lightsfm/include) by extension 'cmake'
[0.240s] Level 1:colcon.colcon_core.package_identification:_identify(src/lightsfm/include) by extension 'python'
[0.240s] Level 1:colcon.colcon_core.package_identification:_identify(src/lightsfm/include) by extensions ['python_setup_py']
[0.240s] Level 1:colcon.colcon_core.package_identification:_identify(src/lightsfm/include) by extension 'python_setup_py'
[0.240s] Level 1:colcon.colcon_core.package_identification:_identify(src/lightsfm/media) by extensions ['ignore', 'ignore_ament_install']
[0.240s] Level 1:colcon.colcon_core.package_identification:_identify(src/lightsfm/media) by extension 'ignore'
[0.240s] Level 1:colcon.colcon_core.package_identification:_identify(src/lightsfm/media) by extension 'ignore_ament_install'
[0.240s] Level 1:colcon.colcon_core.package_identification:_identify(src/lightsfm/media) by extensions ['colcon_pkg']
[0.240s] Level 1:colcon.colcon_core.package_identification:_identify(src/lightsfm/media) by extension 'colcon_pkg'
[0.240s] Level 1:colcon.colcon_core.package_identification:_identify(src/lightsfm/media) by extensions ['colcon_meta']
[0.240s] Level 1:colcon.colcon_core.package_identification:_identify(src/lightsfm/media) by extension 'colcon_meta'
[0.240s] Level 1:colcon.colcon_core.package_identification:_identify(src/lightsfm/media) by extensions ['ros']
[0.240s] Level 1:colcon.colcon_core.package_identification:_identify(src/lightsfm/media) by extension 'ros'
[0.240s] Level 1:colcon.colcon_core.package_identification:_identify(src/lightsfm/media) by extensions ['cmake', 'python']
[0.240s] Level 1:colcon.colcon_core.package_identification:_identify(src/lightsfm/media) by extension 'cmake'
[0.240s] Level 1:colcon.colcon_core.package_identification:_identify(src/lightsfm/media) by extension 'python'
[0.240s] Level 1:colcon.colcon_core.package_identification:_identify(src/lightsfm/media) by extensions ['python_setup_py']
[0.240s] Level 1:colcon.colcon_core.package_identification:_identify(src/lightsfm/media) by extension 'python_setup_py'
[0.240s] Level 1:colcon.colcon_core.package_identification:_identify(src/lightsfm/src) by extensions ['ignore', 'ignore_ament_install']
[0.240s] Level 1:colcon.colcon_core.package_identification:_identify(src/lightsfm/src) by extension 'ignore'
[0.240s] Level 1:colcon.colcon_core.package_identification:_identify(src/lightsfm/src) by extension 'ignore_ament_install'
[0.240s] Level 1:colcon.colcon_core.package_identification:_identify(src/lightsfm/src) by extensions ['colcon_pkg']
[0.240s] Level 1:colcon.colcon_core.package_identification:_identify(src/lightsfm/src) by extension 'colcon_pkg'
[0.240s] Level 1:colcon.colcon_core.package_identification:_identify(src/lightsfm/src) by extensions ['colcon_meta']
[0.240s] Level 1:colcon.colcon_core.package_identification:_identify(src/lightsfm/src) by extension 'colcon_meta'
[0.240s] Level 1:colcon.colcon_core.package_identification:_identify(src/lightsfm/src) by extensions ['ros']
[0.240s] Level 1:colcon.colcon_core.package_identification:_identify(src/lightsfm/src) by extension 'ros'
[0.240s] Level 1:colcon.colcon_core.package_identification:_identify(src/lightsfm/src) by extensions ['cmake', 'python']
[0.241s] Level 1:colcon.colcon_core.package_identification:_identify(src/lightsfm/src) by extension 'cmake'
[0.241s] Level 1:colcon.colcon_core.package_identification:_identify(src/lightsfm/src) by extension 'python'
[0.241s] Level 1:colcon.colcon_core.package_identification:_identify(src/lightsfm/src) by extensions ['python_setup_py']
[0.241s] Level 1:colcon.colcon_core.package_identification:_identify(src/lightsfm/src) by extension 'python_setup_py'
[0.241s] Level 1:colcon.colcon_core.package_identification:_identify(src/people) by extensions ['ignore', 'ignore_ament_install']
[0.241s] Level 1:colcon.colcon_core.package_identification:_identify(src/people) by extension 'ignore'
[0.241s] Level 1:colcon.colcon_core.package_identification:_identify(src/people) by extension 'ignore_ament_install'
[0.241s] Level 1:colcon.colcon_core.package_identification:_identify(src/people) by extensions ['colcon_pkg']
[0.241s] Level 1:colcon.colcon_core.package_identification:_identify(src/people) by extension 'colcon_pkg'
[0.241s] Level 1:colcon.colcon_core.package_identification:_identify(src/people) by extensions ['colcon_meta']
[0.241s] Level 1:colcon.colcon_core.package_identification:_identify(src/people) by extension 'colcon_meta'
[0.241s] Level 1:colcon.colcon_core.package_identification:_identify(src/people) by extensions ['ros']
[0.241s] Level 1:colcon.colcon_core.package_identification:_identify(src/people) by extension 'ros'
[0.241s] Level 1:colcon.colcon_core.package_identification:_identify(src/people) by extensions ['cmake', 'python']
[0.241s] Level 1:colcon.colcon_core.package_identification:_identify(src/people) by extension 'cmake'
[0.241s] Level 1:colcon.colcon_core.package_identification:_identify(src/people) by extension 'python'
[0.241s] Level 1:colcon.colcon_core.package_identification:_identify(src/people) by extensions ['python_setup_py']
[0.241s] Level 1:colcon.colcon_core.package_identification:_identify(src/people) by extension 'python_setup_py'
[0.241s] Level 1:colcon.colcon_core.package_identification:_identify(src/people/face_detector) by extensions ['ignore', 'ignore_ament_install']
[0.241s] Level 1:colcon.colcon_core.package_identification:_identify(src/people/face_detector) by extension 'ignore'
[0.241s] Level 1:colcon.colcon_core.package_identification:_identify(src/people/face_detector) ignored
[0.241s] Level 1:colcon.colcon_core.package_identification:_identify(src/people/leg_detector) by extensions ['ignore', 'ignore_ament_install']
[0.241s] Level 1:colcon.colcon_core.package_identification:_identify(src/people/leg_detector) by extension 'ignore'
[0.241s] Level 1:colcon.colcon_core.package_identification:_identify(src/people/leg_detector) ignored
[0.241s] Level 1:colcon.colcon_core.package_identification:_identify(src/people/people) by extensions ['ignore', 'ignore_ament_install']
[0.242s] Level 1:colcon.colcon_core.package_identification:_identify(src/people/people) by extension 'ignore'
[0.242s] Level 1:colcon.colcon_core.package_identification:_identify(src/people/people) ignored
[0.242s] Level 1:colcon.colcon_core.package_identification:_identify(src/people/people_msgs) by extensions ['ignore', 'ignore_ament_install']
[0.242s] Level 1:colcon.colcon_core.package_identification:_identify(src/people/people_msgs) by extension 'ignore'
[0.242s] Level 1:colcon.colcon_core.package_identification:_identify(src/people/people_msgs) by extension 'ignore_ament_install'
[0.242s] Level 1:colcon.colcon_core.package_identification:_identify(src/people/people_msgs) by extensions ['colcon_pkg']
[0.242s] Level 1:colcon.colcon_core.package_identification:_identify(src/people/people_msgs) by extension 'colcon_pkg'
[0.242s] Level 1:colcon.colcon_core.package_identification:_identify(src/people/people_msgs) by extensions ['colcon_meta']
[0.242s] Level 1:colcon.colcon_core.package_identification:_identify(src/people/people_msgs) by extension 'colcon_meta'
[0.242s] Level 1:colcon.colcon_core.package_identification:_identify(src/people/people_msgs) by extensions ['ros']
[0.242s] Level 1:colcon.colcon_core.package_identification:_identify(src/people/people_msgs) by extension 'ros'
[0.242s] DEBUG:colcon.colcon_core.package_identification:Package 'src/people/people_msgs' with type 'ros.ament_cmake' and name 'people_msgs'
[0.242s] Level 1:colcon.colcon_core.package_identification:_identify(src/people/people_tracking_filter) by extensions ['ignore', 'ignore_ament_install']
[0.243s] Level 1:colcon.colcon_core.package_identification:_identify(src/people/people_tracking_filter) by extension 'ignore'
[0.243s] Level 1:colcon.colcon_core.package_identification:_identify(src/people/people_tracking_filter) ignored
[0.243s] Level 1:colcon.colcon_core.package_identification:_identify(src/people/people_velocity_tracker) by extensions ['ignore', 'ignore_ament_install']
[0.243s] Level 1:colcon.colcon_core.package_identification:_identify(src/people/people_velocity_tracker) by extension 'ignore'
[0.243s] Level 1:colcon.colcon_core.package_identification:_identify(src/people/people_velocity_tracker) ignored
[0.243s] Level 1:colcon.colcon_core.package_discovery:discover_packages(recursive) using defaults
[0.243s] Level 1:colcon.colcon_core.package_discovery:discover_packages(ignore) discover
[0.243s] Level 1:colcon.colcon_core.package_discovery:discover_packages(ignore) using defaults
[0.243s] Level 1:colcon.colcon_core.package_discovery:discover_packages(path) discover
[0.243s] Level 1:colcon.colcon_core.package_discovery:discover_packages(path) using defaults
[0.269s] Level 1:colcon.colcon_core.package_discovery:discover_packages(prefix_path) check parameters
[0.270s] Level 1:colcon.colcon_core.package_discovery:discover_packages(prefix_path) discover
[0.271s] DEBUG:colcon.colcon_installed_package_information.package_discovery:Found 8 installed packages in /home/ambroise/hunav_ws/install
[0.273s] DEBUG:colcon.colcon_installed_package_information.package_discovery:Found 403 installed packages in /opt/ros/humble
[0.274s] Level 1:colcon.colcon_core.package_discovery:discover_packages(prefix_path) using defaults
[0.314s] Level 5:colcon.colcon_core.verb:set package 'hunav_msgs' build argument 'cmake_args' from command line to 'None'
[0.314s] Level 5:colcon.colcon_core.verb:set package 'hunav_msgs' build argument 'cmake_target' from command line to 'None'
[0.314s] Level 5:colcon.colcon_core.verb:set package 'hunav_msgs' build argument 'cmake_target_skip_unavailable' from command line to 'False'
[0.314s] Level 5:colcon.colcon_core.verb:set package 'hunav_msgs' build argument 'cmake_clean_cache' from command line to 'False'
[0.314s] Level 5:colcon.colcon_core.verb:set package 'hunav_msgs' build argument 'cmake_clean_first' from command line to 'False'
[0.314s] Level 5:colcon.colcon_core.verb:set package 'hunav_msgs' build argument 'cmake_force_configure' from command line to 'False'
[0.314s] Level 5:colcon.colcon_core.verb:set package 'hunav_msgs' build argument 'ament_cmake_args' from command line to 'None'
[0.314s] Level 5:colcon.colcon_core.verb:set package 'hunav_msgs' build argument 'catkin_cmake_args' from command line to 'None'
[0.314s] Level 5:colcon.colcon_core.verb:set package 'hunav_msgs' build argument 'catkin_skip_building_tests' from command line to 'False'
[0.314s] DEBUG:colcon.colcon_core.verb:Building package 'hunav_msgs' with the following arguments: {'ament_cmake_args': None, 'build_base': '/home/ambroise/hunav_ws/build/hunav_msgs', 'catkin_cmake_args': None, 'catkin_skip_building_tests': False, 'cmake_args': None, 'cmake_clean_cache': False, 'cmake_clean_first': False, 'cmake_force_configure': False, 'cmake_target': None, 'cmake_target_skip_unavailable': False, 'install_base': '/home/ambroise/hunav_ws/install/hunav_msgs', 'merge_install': False, 'path': '/home/ambroise/hunav_ws/src/hunav_sim/hunav_msgs', 'symlink_install': True, 'test_result_base': None}
[0.314s] Level 5:colcon.colcon_core.verb:set package 'people_msgs' build argument 'cmake_args' from command line to 'None'
[0.314s] Level 5:colcon.colcon_core.verb:set package 'people_msgs' build argument 'cmake_target' from command line to 'None'
[0.314s] Level 5:colcon.colcon_core.verb:set package 'people_msgs' build argument 'cmake_target_skip_unavailable' from command line to 'False'
[0.314s] Level 5:colcon.colcon_core.verb:set package 'people_msgs' build argument 'cmake_clean_cache' from command line to 'False'
[0.314s] Level 5:colcon.colcon_core.verb:set package 'people_msgs' build argument 'cmake_clean_first' from command line to 'False'
[0.315s] Level 5:colcon.colcon_core.verb:set package 'people_msgs' build argument 'cmake_force_configure' from command line to 'False'
[0.315s] Level 5:colcon.colcon_core.verb:set package 'people_msgs' build argument 'ament_cmake_args' from command line to 'None'
[0.315s] Level 5:colcon.colcon_core.verb:set package 'people_msgs' build argument 'catkin_cmake_args' from command line to 'None'
[0.315s] Level 5:colcon.colcon_core.verb:set package 'people_msgs' build argument 'catkin_skip_building_tests' from command line to 'False'
[0.315s] DEBUG:colcon.colcon_core.verb:Building package 'people_msgs' with the following arguments: {'ament_cmake_args': None, 'build_base': '/home/ambroise/hunav_ws/build/people_msgs', 'catkin_cmake_args': None, 'catkin_skip_building_tests': False, 'cmake_args': None, 'cmake_clean_cache': False, 'cmake_clean_first': False, 'cmake_force_configure': False, 'cmake_target': None, 'cmake_target_skip_unavailable': False, 'install_base': '/home/ambroise/hunav_ws/install/people_msgs', 'merge_install': False, 'path': '/home/ambroise/hunav_ws/src/people/people_msgs', 'symlink_install': True, 'test_result_base': None}
[0.315s] Level 5:colcon.colcon_core.verb:set package 'hunav_agent_manager' build argument 'cmake_args' from command line to 'None'
[0.315s] Level 5:colcon.colcon_core.verb:set package 'hunav_agent_manager' build argument 'cmake_target' from command line to 'None'
[0.315s] Level 5:colcon.colcon_core.verb:set package 'hunav_agent_manager' build argument 'cmake_target_skip_unavailable' from command line to 'False'
[0.315s] Level 5:colcon.colcon_core.verb:set package 'hunav_agent_manager' build argument 'cmake_clean_cache' from command line to 'False'
[0.315s] Level 5:colcon.colcon_core.verb:set package 'hunav_agent_manager' build argument 'cmake_clean_first' from command line to 'False'
[0.315s] Level 5:colcon.colcon_core.verb:set package 'hunav_agent_manager' build argument 'cmake_force_configure' from command line to 'False'
[0.315s] Level 5:colcon.colcon_core.verb:set package 'hunav_agent_manager' build argument 'ament_cmake_args' from command line to 'None'
[0.315s] Level 5:colcon.colcon_core.verb:set package 'hunav_agent_manager' build argument 'catkin_cmake_args' from command line to 'None'
[0.315s] Level 5:colcon.colcon_core.verb:set package 'hunav_agent_manager' build argument 'catkin_skip_building_tests' from command line to 'False'
[0.315s] DEBUG:colcon.colcon_core.verb:Building package 'hunav_agent_manager' with the following arguments: {'ament_cmake_args': None, 'build_base': '/home/ambroise/hunav_ws/build/hunav_agent_manager', 'catkin_cmake_args': None, 'catkin_skip_building_tests': False, 'cmake_args': None, 'cmake_clean_cache': False, 'cmake_clean_first': False, 'cmake_force_configure': False, 'cmake_target': None, 'cmake_target_skip_unavailable': False, 'install_base': '/home/ambroise/hunav_ws/install/hunav_agent_manager', 'merge_install': False, 'path': '/home/ambroise/hunav_ws/src/hunav_sim/hunav_agent_manager', 'symlink_install': True, 'test_result_base': None}
[0.315s] Level 5:colcon.colcon_core.verb:set package 'hunav_evaluator' build argument 'cmake_args' from command line to 'None'
[0.315s] Level 5:colcon.colcon_core.verb:set package 'hunav_evaluator' build argument 'cmake_target' from command line to 'None'
[0.315s] Level 5:colcon.colcon_core.verb:set package 'hunav_evaluator' build argument 'cmake_target_skip_unavailable' from command line to 'False'
[0.315s] Level 5:colcon.colcon_core.verb:set package 'hunav_evaluator' build argument 'cmake_clean_cache' from command line to 'False'
[0.315s] Level 5:colcon.colcon_core.verb:set package 'hunav_evaluator' build argument 'cmake_clean_first' from command line to 'False'
[0.315s] Level 5:colcon.colcon_core.verb:set package 'hunav_evaluator' build argument 'cmake_force_configure' from command line to 'False'
[0.315s] Level 5:colcon.colcon_core.verb:set package 'hunav_evaluator' build argument 'ament_cmake_args' from command line to 'None'
[0.315s] Level 5:colcon.colcon_core.verb:set package 'hunav_evaluator' build argument 'catkin_cmake_args' from command line to 'None'
[0.315s] Level 5:colcon.colcon_core.verb:set package 'hunav_evaluator' build argument 'catkin_skip_building_tests' from command line to 'False'
[0.316s] DEBUG:colcon.colcon_core.verb:Building package 'hunav_evaluator' with the following arguments: {'ament_cmake_args': None, 'build_base': '/home/ambroise/hunav_ws/build/hunav_evaluator', 'catkin_cmake_args': None, 'catkin_skip_building_tests': False, 'cmake_args': None, 'cmake_clean_cache': False, 'cmake_clean_first': False, 'cmake_force_configure': False, 'cmake_target': None, 'cmake_target_skip_unavailable': False, 'install_base': '/home/ambroise/hunav_ws/install/hunav_evaluator', 'merge_install': False, 'path': '/home/ambroise/hunav_ws/src/hunav_sim/hunav_evaluator', 'symlink_install': True, 'test_result_base': None}
[0.316s] Level 5:colcon.colcon_core.verb:set package 'hunav_gazebo_wrapper' build argument 'cmake_args' from command line to 'None'
[0.316s] Level 5:colcon.colcon_core.verb:set package 'hunav_gazebo_wrapper' build argument 'cmake_target' from command line to 'None'
[0.316s] Level 5:colcon.colcon_core.verb:set package 'hunav_gazebo_wrapper' build argument 'cmake_target_skip_unavailable' from command line to 'False'
[0.316s] Level 5:colcon.colcon_core.verb:set package 'hunav_gazebo_wrapper' build argument 'cmake_clean_cache' from command line to 'False'
[0.316s] Level 5:colcon.colcon_core.verb:set package 'hunav_gazebo_wrapper' build argument 'cmake_clean_first' from command line to 'False'
[0.316s] Level 5:colcon.colcon_core.verb:set package 'hunav_gazebo_wrapper' build argument 'cmake_force_configure' from command line to 'False'
[0.316s] Level 5:colcon.colcon_core.verb:set package 'hunav_gazebo_wrapper' build argument 'ament_cmake_args' from command line to 'None'
[0.316s] Level 5:colcon.colcon_core.verb:set package 'hunav_gazebo_wrapper' build argument 'catkin_cmake_args' from command line to 'None'
[0.316s] Level 5:colcon.colcon_core.verb:set package 'hunav_gazebo_wrapper' build argument 'catkin_skip_building_tests' from command line to 'False'
[0.316s] DEBUG:colcon.colcon_core.verb:Building package 'hunav_gazebo_wrapper' with the following arguments: {'ament_cmake_args': None, 'build_base': '/home/ambroise/hunav_ws/build/hunav_gazebo_wrapper', 'catkin_cmake_args': None, 'catkin_skip_building_tests': False, 'cmake_args': None, 'cmake_clean_cache': False, 'cmake_clean_first': False, 'cmake_force_configure': False, 'cmake_target': None, 'cmake_target_skip_unavailable': False, 'install_base': '/home/ambroise/hunav_ws/install/hunav_gazebo_wrapper', 'merge_install': False, 'path': '/home/ambroise/hunav_ws/src/hunav_gazebo_wrapper', 'symlink_install': True, 'test_result_base': None}
[0.316s] Level 5:colcon.colcon_core.verb:set package 'hunav_rviz2_panel' build argument 'cmake_args' from command line to 'None'
[0.316s] Level 5:colcon.colcon_core.verb:set package 'hunav_rviz2_panel' build argument 'cmake_target' from command line to 'None'
[0.316s] Level 5:colcon.colcon_core.verb:set package 'hunav_rviz2_panel' build argument 'cmake_target_skip_unavailable' from command line to 'False'
[0.316s] Level 5:colcon.colcon_core.verb:set package 'hunav_rviz2_panel' build argument 'cmake_clean_cache' from command line to 'False'
[0.316s] Level 5:colcon.colcon_core.verb:set package 'hunav_rviz2_panel' build argument 'cmake_clean_first' from command line to 'False'
[0.316s] Level 5:colcon.colcon_core.verb:set package 'hunav_rviz2_panel' build argument 'cmake_force_configure' from command line to 'False'
[0.316s] Level 5:colcon.colcon_core.verb:set package 'hunav_rviz2_panel' build argument 'ament_cmake_args' from command line to 'None'
[0.316s] Level 5:colcon.colcon_core.verb:set package 'hunav_rviz2_panel' build argument 'catkin_cmake_args' from command line to 'None'
[0.316s] Level 5:colcon.colcon_core.verb:set package 'hunav_rviz2_panel' build argument 'catkin_skip_building_tests' from command line to 'False'
[0.316s] DEBUG:colcon.colcon_core.verb:Building package 'hunav_rviz2_panel' with the following arguments: {'ament_cmake_args': None, 'build_base': '/home/ambroise/hunav_ws/build/hunav_rviz2_panel', 'catkin_cmake_args': None, 'catkin_skip_building_tests': False, 'cmake_args': None, 'cmake_clean_cache': False, 'cmake_clean_first': False, 'cmake_force_configure': False, 'cmake_target': None, 'cmake_target_skip_unavailable': False, 'install_base': '/home/ambroise/hunav_ws/install/hunav_rviz2_panel', 'merge_install': False, 'path': '/home/ambroise/hunav_ws/src/hunav_sim/hunav_rviz2_panel', 'symlink_install': True, 'test_result_base': None}
[0.317s] Level 5:colcon.colcon_core.verb:set package 'hunav_behavior_tree_generator' build argument 'cmake_args' from command line to 'None'
[0.317s] Level 5:colcon.colcon_core.verb:set package 'hunav_behavior_tree_generator' build argument 'cmake_target' from command line to 'None'
[0.317s] Level 5:colcon.colcon_core.verb:set package 'hunav_behavior_tree_generator' build argument 'cmake_target_skip_unavailable' from command line to 'False'
[0.317s] Level 5:colcon.colcon_core.verb:set package 'hunav_behavior_tree_generator' build argument 'cmake_clean_cache' from command line to 'False'
[0.317s] Level 5:colcon.colcon_core.verb:set package 'hunav_behavior_tree_generator' build argument 'cmake_clean_first' from command line to 'False'
[0.317s] Level 5:colcon.colcon_core.verb:set package 'hunav_behavior_tree_generator' build argument 'cmake_force_configure' from command line to 'False'
[0.317s] Level 5:colcon.colcon_core.verb:set package 'hunav_behavior_tree_generator' build argument 'ament_cmake_args' from command line to 'None'
[0.317s] Level 5:colcon.colcon_core.verb:set package 'hunav_behavior_tree_generator' build argument 'catkin_cmake_args' from command line to 'None'
[0.317s] Level 5:colcon.colcon_core.verb:set package 'hunav_behavior_tree_generator' build argument 'catkin_skip_building_tests' from command line to 'False'
[0.317s] DEBUG:colcon.colcon_core.verb:Building package 'hunav_behavior_tree_generator' with the following arguments: {'ament_cmake_args': None, 'build_base': '/home/ambroise/hunav_ws/build/hunav_behavior_tree_generator', 'catkin_cmake_args': None, 'catkin_skip_building_tests': False, 'cmake_args': None, 'cmake_clean_cache': False, 'cmake_clean_first': False, 'cmake_force_configure': False, 'cmake_target': None, 'cmake_target_skip_unavailable': False, 'install_base': '/home/ambroise/hunav_ws/install/hunav_behavior_tree_generator', 'merge_install': False, 'path': '/home/ambroise/hunav_ws/src/hunav_sim/hunav_behavior_tree_generator', 'symlink_install': True, 'test_result_base': None}
[0.317s] Level 5:colcon.colcon_core.verb:set package 'hunav_sim' build argument 'cmake_args' from command line to 'None'
[0.317s] Level 5:colcon.colcon_core.verb:set package 'hunav_sim' build argument 'cmake_target' from command line to 'None'
[0.317s] Level 5:colcon.colcon_core.verb:set package 'hunav_sim' build argument 'cmake_target_skip_unavailable' from command line to 'False'
[0.317s] Level 5:colcon.colcon_core.verb:set package 'hunav_sim' build argument 'cmake_clean_cache' from command line to 'False'
[0.317s] Level 5:colcon.colcon_core.verb:set package 'hunav_sim' build argument 'cmake_clean_first' from command line to 'False'
[0.317s] Level 5:colcon.colcon_core.verb:set package 'hunav_sim' build argument 'cmake_force_configure' from command line to 'False'
[0.317s] Level 5:colcon.colcon_core.verb:set package 'hunav_sim' build argument 'ament_cmake_args' from command line to 'None'
[0.317s] Level 5:colcon.colcon_core.verb:set package 'hunav_sim' build argument 'catkin_cmake_args' from command line to 'None'
[0.317s] Level 5:colcon.colcon_core.verb:set package 'hunav_sim' build argument 'catkin_skip_building_tests' from command line to 'False'
[0.317s] DEBUG:colcon.colcon_core.verb:Building package 'hunav_sim' with the following arguments: {'ament_cmake_args': None, 'build_base': '/home/ambroise/hunav_ws/build/hunav_sim', 'catkin_cmake_args': None, 'catkin_skip_building_tests': False, 'cmake_args': None, 'cmake_clean_cache': False, 'cmake_clean_first': False, 'cmake_force_configure': False, 'cmake_target': None, 'cmake_target_skip_unavailable': False, 'install_base': '/home/ambroise/hunav_ws/install/hunav_sim', 'merge_install': False, 'path': '/home/ambroise/hunav_ws/src/hunav_sim/hunav_sim', 'symlink_install': True, 'test_result_base': None}
[0.317s] INFO:colcon.colcon_core.executor:Executing jobs using 'parallel' executor
[0.319s] DEBUG:colcon.colcon_parallel_executor.executor.parallel:run_until_complete
[0.319s] INFO:colcon.colcon_ros.task.ament_cmake.build:Building ROS package in '/home/ambroise/hunav_ws/src/hunav_sim/hunav_msgs' with build type 'ament_cmake'
[0.319s] INFO:colcon.colcon_cmake.task.cmake.build:Building CMake package in '/home/ambroise/hunav_ws/src/hunav_sim/hunav_msgs'
[0.321s] INFO:colcon.colcon_core.plugin_system:Skipping extension 'colcon_core.shell.bat': Not used on non-Windows systems
[0.321s] INFO:colcon.colcon_core.shell:Skip shell extension 'powershell' for command environment: Not usable outside of PowerShell
[0.321s] DEBUG:colcon.colcon_core.shell:Skip shell extension 'dsv' for command environment
[0.325s] INFO:colcon.colcon_ros.task.ament_cmake.build:Building ROS package in '/home/ambroise/hunav_ws/src/people/people_msgs' with build type 'ament_cmake'
[0.325s] INFO:colcon.colcon_cmake.task.cmake.build:Building CMake package in '/home/ambroise/hunav_ws/src/people/people_msgs'
[0.325s] INFO:colcon.colcon_core.shell:Skip shell extension 'powershell' for command environment: Not usable outside of PowerShell
[0.325s] DEBUG:colcon.colcon_core.shell:Skip shell extension 'dsv' for command environment
[0.333s] DEBUG:colcon.colcon_core.event_handler.log_command:Invoking command in '/home/ambroise/hunav_ws/build/hunav_msgs': CMAKE_PREFIX_PATH=${CMAKE_PREFIX_PATH}:/home/ambroise/hunav_ws/install/hunav_behavior_tree_generator:/home/ambroise/hunav_ws/install/hunav_evaluator:/opt/ros/humble /usr/bin/cmake --build /home/ambroise/hunav_ws/build/hunav_msgs -- -j16 -l16
[0.336s] DEBUG:colcon.colcon_core.event_handler.log_command:Invoking command in '/home/ambroise/hunav_ws/build/people_msgs': CMAKE_PREFIX_PATH=${CMAKE_PREFIX_PATH}:/home/ambroise/hunav_ws/install/hunav_behavior_tree_generator:/home/ambroise/hunav_ws/install/hunav_evaluator:/opt/ros/humble /usr/bin/cmake --build /home/ambroise/hunav_ws/build/people_msgs -- -j16 -l16
[0.674s] DEBUG:colcon.colcon_core.event_handler.log_command:Invoked command in '/home/ambroise/hunav_ws/build/people_msgs' returned '0': CMAKE_PREFIX_PATH=${CMAKE_PREFIX_PATH}:/home/ambroise/hunav_ws/install/hunav_behavior_tree_generator:/home/ambroise/hunav_ws/install/hunav_evaluator:/opt/ros/humble /usr/bin/cmake --build /home/ambroise/hunav_ws/build/people_msgs -- -j16 -l16
[0.684s] DEBUG:colcon.colcon_core.event_handler.log_command:Invoking command in '/home/ambroise/hunav_ws/build/people_msgs': CMAKE_PREFIX_PATH=${CMAKE_PREFIX_PATH}:/home/ambroise/hunav_ws/install/hunav_behavior_tree_generator:/home/ambroise/hunav_ws/install/hunav_evaluator:/opt/ros/humble /usr/bin/cmake --install /home/ambroise/hunav_ws/build/people_msgs
[0.684s] DEBUG:colcon.colcon_core.event_handler.log_command:Invoked command in '/home/ambroise/hunav_ws/build/hunav_msgs' returned '0': CMAKE_PREFIX_PATH=${CMAKE_PREFIX_PATH}:/home/ambroise/hunav_ws/install/hunav_behavior_tree_generator:/home/ambroise/hunav_ws/install/hunav_evaluator:/opt/ros/humble /usr/bin/cmake --build /home/ambroise/hunav_ws/build/hunav_msgs -- -j16 -l16
[0.685s] DEBUG:colcon.colcon_core.event_handler.log_command:Invoking command in '/home/ambroise/hunav_ws/build/hunav_msgs': CMAKE_PREFIX_PATH=${CMAKE_PREFIX_PATH}:/home/ambroise/hunav_ws/install/hunav_behavior_tree_generator:/home/ambroise/hunav_ws/install/hunav_evaluator:/opt/ros/humble /usr/bin/cmake --install /home/ambroise/hunav_ws/build/hunav_msgs
[0.755s] Level 1:colcon.colcon_core.environment:create_environment_scripts_only(people_msgs)
[0.756s] DEBUG:colcon.colcon_core.event_handler.log_command:Invoked command in '/home/ambroise/hunav_ws/build/people_msgs' returned '0': CMAKE_PREFIX_PATH=${CMAKE_PREFIX_PATH}:/home/ambroise/hunav_ws/install/hunav_behavior_tree_generator:/home/ambroise/hunav_ws/install/hunav_evaluator:/opt/ros/humble /usr/bin/cmake --install /home/ambroise/hunav_ws/build/people_msgs
[0.757s] Level 1:colcon.colcon_core.environment:checking '/home/ambroise/hunav_ws/install/people_msgs' for CMake module files
[0.758s] Level 1:colcon.colcon_core.environment:checking '/home/ambroise/hunav_ws/install/people_msgs' for CMake config files
[0.758s] Level 1:colcon.colcon_core.shell:create_environment_hook('people_msgs', 'cmake_prefix_path')
[0.759s] INFO:colcon.colcon_core.shell:Creating environment hook '/home/ambroise/hunav_ws/install/people_msgs/share/people_msgs/hook/cmake_prefix_path.ps1'
[0.759s] INFO:colcon.colcon_core.shell:Creating environment descriptor '/home/ambroise/hunav_ws/install/people_msgs/share/people_msgs/hook/cmake_prefix_path.dsv'
[0.760s] INFO:colcon.colcon_core.shell:Creating environment hook '/home/ambroise/hunav_ws/install/people_msgs/share/people_msgs/hook/cmake_prefix_path.sh'
[0.760s] Level 1:colcon.colcon_core.environment:checking '/home/ambroise/hunav_ws/install/people_msgs/lib'
[0.761s] Level 1:colcon.colcon_core.shell:create_environment_hook('people_msgs', 'ld_library_path_lib')
[0.761s] INFO:colcon.colcon_core.shell:Creating environment hook '/home/ambroise/hunav_ws/install/people_msgs/share/people_msgs/hook/ld_library_path_lib.ps1'
[0.761s] INFO:colcon.colcon_core.shell:Creating environment descriptor '/home/ambroise/hunav_ws/install/people_msgs/share/people_msgs/hook/ld_library_path_lib.dsv'
[0.762s] INFO:colcon.colcon_core.shell:Creating environment hook '/home/ambroise/hunav_ws/install/people_msgs/share/people_msgs/hook/ld_library_path_lib.sh'
[0.762s] Level 1:colcon.colcon_core.environment:checking '/home/ambroise/hunav_ws/install/people_msgs/bin'
[0.762s] Level 1:colcon.colcon_core.environment:checking '/home/ambroise/hunav_ws/install/people_msgs/lib/pkgconfig/people_msgs.pc'
[0.762s] Level 1:colcon.colcon_core.environment:checking '/home/ambroise/hunav_ws/install/people_msgs/lib/python3.10/site-packages'
[0.762s] Level 1:colcon.colcon_core.environment:checking '/home/ambroise/hunav_ws/install/people_msgs/bin'
[0.763s] INFO:colcon.colcon_core.shell:Creating package script '/home/ambroise/hunav_ws/install/people_msgs/share/people_msgs/package.ps1'
[0.764s] INFO:colcon.colcon_core.shell:Creating package descriptor '/home/ambroise/hunav_ws/install/people_msgs/share/people_msgs/package.dsv'
[0.764s] INFO:colcon.colcon_core.shell:Creating package script '/home/ambroise/hunav_ws/install/people_msgs/share/people_msgs/package.sh'
[0.765s] INFO:colcon.colcon_core.shell:Creating package script '/home/ambroise/hunav_ws/install/people_msgs/share/people_msgs/package.bash'
[0.767s] INFO:colcon.colcon_core.shell:Creating package script '/home/ambroise/hunav_ws/install/people_msgs/share/people_msgs/package.zsh'
[0.768s] Level 1:colcon.colcon_core.environment:create_file_with_runtime_dependencies(/home/ambroise/hunav_ws/install/people_msgs/share/colcon-core/packages/people_msgs)
[0.768s] Level 1:colcon.colcon_core.environment:create_environment_scripts_only(people_msgs)
[0.768s] Level 1:colcon.colcon_core.environment:checking '/home/ambroise/hunav_ws/install/people_msgs' for CMake module files
[0.769s] Level 1:colcon.colcon_core.environment:checking '/home/ambroise/hunav_ws/install/people_msgs' for CMake config files
[0.769s] Level 1:colcon.colcon_core.shell:create_environment_hook('people_msgs', 'cmake_prefix_path')
[0.769s] INFO:colcon.colcon_core.shell:Creating environment hook '/home/ambroise/hunav_ws/install/people_msgs/share/people_msgs/hook/cmake_prefix_path.ps1'
[0.770s] INFO:colcon.colcon_core.shell:Creating environment descriptor '/home/ambroise/hunav_ws/install/people_msgs/share/people_msgs/hook/cmake_prefix_path.dsv'
[0.770s] INFO:colcon.colcon_core.shell:Creating environment hook '/home/ambroise/hunav_ws/install/people_msgs/share/people_msgs/hook/cmake_prefix_path.sh'
[0.770s] Level 1:colcon.colcon_core.environment:checking '/home/ambroise/hunav_ws/install/people_msgs/lib'
[0.770s] Level 1:colcon.colcon_core.shell:create_environment_hook('people_msgs', 'ld_library_path_lib')
[0.771s] INFO:colcon.colcon_core.shell:Creating environment hook '/home/ambroise/hunav_ws/install/people_msgs/share/people_msgs/hook/ld_library_path_lib.ps1'
[0.771s] INFO:colcon.colcon_core.shell:Creating environment descriptor '/home/ambroise/hunav_ws/install/people_msgs/share/people_msgs/hook/ld_library_path_lib.dsv'
[0.771s] INFO:colcon.colcon_core.shell:Creating environment hook '/home/ambroise/hunav_ws/install/people_msgs/share/people_msgs/hook/ld_library_path_lib.sh'
[0.771s] Level 1:colcon.colcon_core.environment:checking '/home/ambroise/hunav_ws/install/people_msgs/bin'
[0.772s] Level 1:colcon.colcon_core.environment:checking '/home/ambroise/hunav_ws/install/people_msgs/lib/pkgconfig/people_msgs.pc'
[0.772s] Level 1:colcon.colcon_core.environment:checking '/home/ambroise/hunav_ws/install/people_msgs/lib/python3.10/site-packages'
[0.772s] Level 1:colcon.colcon_core.environment:checking '/home/ambroise/hunav_ws/install/people_msgs/bin'
[0.772s] INFO:colcon.colcon_core.shell:Creating package script '/home/ambroise/hunav_ws/install/people_msgs/share/people_msgs/package.ps1'
[0.773s] INFO:colcon.colcon_core.shell:Creating package descriptor '/home/ambroise/hunav_ws/install/people_msgs/share/people_msgs/package.dsv'
[0.773s] INFO:colcon.colcon_core.shell:Creating package script '/home/ambroise/hunav_ws/install/people_msgs/share/people_msgs/package.sh'
[0.774s] INFO:colcon.colcon_core.shell:Creating package script '/home/ambroise/hunav_ws/install/people_msgs/share/people_msgs/package.bash'
[0.774s] INFO:colcon.colcon_core.shell:Creating package script '/home/ambroise/hunav_ws/install/people_msgs/share/people_msgs/package.zsh'
[0.774s] Level 1:colcon.colcon_core.environment:create_file_with_runtime_dependencies(/home/ambroise/hunav_ws/install/people_msgs/share/colcon-core/packages/people_msgs)
[0.775s] Level 1:colcon.colcon_core.environment:create_environment_scripts_only(hunav_msgs)
[0.775s] Level 1:colcon.colcon_core.environment:checking '/home/ambroise/hunav_ws/install/hunav_msgs' for CMake module files
[0.776s] DEBUG:colcon.colcon_core.event_handler.log_command:Invoked command in '/home/ambroise/hunav_ws/build/hunav_msgs' returned '0': CMAKE_PREFIX_PATH=${CMAKE_PREFIX_PATH}:/home/ambroise/hunav_ws/install/hunav_behavior_tree_generator:/home/ambroise/hunav_ws/install/hunav_evaluator:/opt/ros/humble /usr/bin/cmake --install /home/ambroise/hunav_ws/build/hunav_msgs
[0.776s] Level 1:colcon.colcon_core.environment:checking '/home/ambroise/hunav_ws/install/hunav_msgs' for CMake config files
[0.777s] Level 1:colcon.colcon_core.shell:create_environment_hook('hunav_msgs', 'cmake_prefix_path')
[0.777s] INFO:colcon.colcon_core.shell:Creating environment hook '/home/ambroise/hunav_ws/install/hunav_msgs/share/hunav_msgs/hook/cmake_prefix_path.ps1'
[0.777s] INFO:colcon.colcon_core.shell:Creating environment descriptor '/home/ambroise/hunav_ws/install/hunav_msgs/share/hunav_msgs/hook/cmake_prefix_path.dsv'
[0.778s] INFO:colcon.colcon_core.shell:Creating environment hook '/home/ambroise/hunav_ws/install/hunav_msgs/share/hunav_msgs/hook/cmake_prefix_path.sh'
[0.778s] Level 1:colcon.colcon_core.environment:checking '/home/ambroise/hunav_ws/install/hunav_msgs/lib'
[0.778s] Level 1:colcon.colcon_core.shell:create_environment_hook('hunav_msgs', 'ld_library_path_lib')
[0.778s] INFO:colcon.colcon_core.shell:Creating environment hook '/home/ambroise/hunav_ws/install/hunav_msgs/share/hunav_msgs/hook/ld_library_path_lib.ps1'
[0.778s] INFO:colcon.colcon_core.shell:Creating environment descriptor '/home/ambroise/hunav_ws/install/hunav_msgs/share/hunav_msgs/hook/ld_library_path_lib.dsv'
[0.779s] INFO:colcon.colcon_core.shell:Creating environment hook '/home/ambroise/hunav_ws/install/hunav_msgs/share/hunav_msgs/hook/ld_library_path_lib.sh'
[0.779s] Level 1:colcon.colcon_core.environment:checking '/home/ambroise/hunav_ws/install/hunav_msgs/bin'
[0.779s] Level 1:colcon.colcon_core.environment:checking '/home/ambroise/hunav_ws/install/hunav_msgs/lib/pkgconfig/hunav_msgs.pc'
[0.779s] Level 1:colcon.colcon_core.environment:checking '/home/ambroise/hunav_ws/install/hunav_msgs/lib/python3.10/site-packages'
[0.779s] Level 1:colcon.colcon_core.environment:checking '/home/ambroise/hunav_ws/install/hunav_msgs/bin'
[0.780s] INFO:colcon.colcon_core.shell:Creating package script '/home/ambroise/hunav_ws/install/hunav_msgs/share/hunav_msgs/package.ps1'
[0.780s] INFO:colcon.colcon_core.shell:Creating package descriptor '/home/ambroise/hunav_ws/install/hunav_msgs/share/hunav_msgs/package.dsv'
[0.780s] INFO:colcon.colcon_core.shell:Creating package script '/home/ambroise/hunav_ws/install/hunav_msgs/share/hunav_msgs/package.sh'
[0.781s] INFO:colcon.colcon_core.shell:Creating package script '/home/ambroise/hunav_ws/install/hunav_msgs/share/hunav_msgs/package.bash'
[0.781s] INFO:colcon.colcon_core.shell:Creating package script '/home/ambroise/hunav_ws/install/hunav_msgs/share/hunav_msgs/package.zsh'
[0.781s] Level 1:colcon.colcon_core.environment:create_file_with_runtime_dependencies(/home/ambroise/hunav_ws/install/hunav_msgs/share/colcon-core/packages/hunav_msgs)
[0.782s] Level 1:colcon.colcon_core.environment:create_environment_scripts_only(hunav_msgs)
[0.782s] Level 1:colcon.colcon_core.environment:checking '/home/ambroise/hunav_ws/install/hunav_msgs' for CMake module files
[0.783s] Level 1:colcon.colcon_core.environment:checking '/home/ambroise/hunav_ws/install/hunav_msgs' for CMake config files
[0.783s] Level 1:colcon.colcon_core.shell:create_environment_hook('hunav_msgs', 'cmake_prefix_path')
[0.784s] INFO:colcon.colcon_core.shell:Creating environment hook '/home/ambroise/hunav_ws/install/hunav_msgs/share/hunav_msgs/hook/cmake_prefix_path.ps1'
[0.784s] INFO:colcon.colcon_core.shell:Creating environment descriptor '/home/ambroise/hunav_ws/install/hunav_msgs/share/hunav_msgs/hook/cmake_prefix_path.dsv'
[0.784s] INFO:colcon.colcon_core.shell:Creating environment hook '/home/ambroise/hunav_ws/install/hunav_msgs/share/hunav_msgs/hook/cmake_prefix_path.sh'
[0.784s] Level 1:colcon.colcon_core.environment:checking '/home/ambroise/hunav_ws/install/hunav_msgs/lib'
[0.785s] Level 1:colcon.colcon_core.shell:create_environment_hook('hunav_msgs', 'ld_library_path_lib')
[0.785s] INFO:colcon.colcon_core.shell:Creating environment hook '/home/ambroise/hunav_ws/install/hunav_msgs/share/hunav_msgs/hook/ld_library_path_lib.ps1'
[0.785s] INFO:colcon.colcon_core.shell:Creating environment descriptor '/home/ambroise/hunav_ws/install/hunav_msgs/share/hunav_msgs/hook/ld_library_path_lib.dsv'
[0.785s] INFO:colcon.colcon_core.shell:Creating environment hook '/home/ambroise/hunav_ws/install/hunav_msgs/share/hunav_msgs/hook/ld_library_path_lib.sh'
[0.786s] Level 1:colcon.colcon_core.environment:checking '/home/ambroise/hunav_ws/install/hunav_msgs/bin'
[0.786s] Level 1:colcon.colcon_core.environment:checking '/home/ambroise/hunav_ws/install/hunav_msgs/lib/pkgconfig/hunav_msgs.pc'
[0.786s] Level 1:colcon.colcon_core.environment:checking '/home/ambroise/hunav_ws/install/hunav_msgs/lib/python3.10/site-packages'
[0.786s] Level 1:colcon.colcon_core.environment:checking '/home/ambroise/hunav_ws/install/hunav_msgs/bin'
[0.786s] INFO:colcon.colcon_core.shell:Creating package script '/home/ambroise/hunav_ws/install/hunav_msgs/share/hunav_msgs/package.ps1'
[0.787s] INFO:colcon.colcon_core.shell:Creating package descriptor '/home/ambroise/hunav_ws/install/hunav_msgs/share/hunav_msgs/package.dsv'
[0.787s] INFO:colcon.colcon_core.shell:Creating package script '/home/ambroise/hunav_ws/install/hunav_msgs/share/hunav_msgs/package.sh'
[0.787s] INFO:colcon.colcon_core.shell:Creating package script '/home/ambroise/hunav_ws/install/hunav_msgs/share/hunav_msgs/package.bash'
[0.788s] INFO:colcon.colcon_core.shell:Creating package script '/home/ambroise/hunav_ws/install/hunav_msgs/share/hunav_msgs/package.zsh'
[0.788s] Level 1:colcon.colcon_core.environment:create_file_with_runtime_dependencies(/home/ambroise/hunav_ws/install/hunav_msgs/share/colcon-core/packages/hunav_msgs)
[0.788s] INFO:colcon.colcon_ros.task.ament_cmake.build:Building ROS package in '/home/ambroise/hunav_ws/src/hunav_sim/hunav_agent_manager' with build type 'ament_cmake'
[0.789s] INFO:colcon.colcon_cmake.task.cmake.build:Building CMake package in '/home/ambroise/hunav_ws/src/hunav_sim/hunav_agent_manager'
[0.789s] INFO:colcon.colcon_core.shell:Skip shell extension 'powershell' for command environment: Not usable outside of PowerShell
[0.789s] DEBUG:colcon.colcon_core.shell:Skip shell extension 'dsv' for command environment
[0.793s] INFO:colcon.colcon_ros.task.ament_python.build:Building ROS package in '/home/ambroise/hunav_ws/src/hunav_sim/hunav_evaluator' with build type 'ament_python'
[0.793s] Level 1:colcon.colcon_core.shell:create_environment_hook('hunav_evaluator', 'ament_prefix_path')
[0.793s] INFO:colcon.colcon_core.shell:Creating environment hook '/home/ambroise/hunav_ws/install/hunav_evaluator/share/hunav_evaluator/hook/ament_prefix_path.ps1'
[0.793s] INFO:colcon.colcon_core.shell:Creating environment descriptor '/home/ambroise/hunav_ws/install/hunav_evaluator/share/hunav_evaluator/hook/ament_prefix_path.dsv'
[0.794s] INFO:colcon.colcon_core.shell:Creating environment hook '/home/ambroise/hunav_ws/install/hunav_evaluator/share/hunav_evaluator/hook/ament_prefix_path.sh'
[0.794s] INFO:colcon.colcon_core.shell:Skip shell extension 'powershell' for command environment: Not usable outside of PowerShell
[0.794s] DEBUG:colcon.colcon_core.shell:Skip shell extension 'dsv' for command environment
[0.797s] INFO:colcon.colcon_ros.task.ament_cmake.build:Building ROS package in '/home/ambroise/hunav_ws/src/hunav_gazebo_wrapper' with build type 'ament_cmake'
[0.797s] INFO:colcon.colcon_cmake.task.cmake.build:Building CMake package in '/home/ambroise/hunav_ws/src/hunav_gazebo_wrapper'
[0.798s] INFO:colcon.colcon_core.shell:Skip shell extension 'powershell' for command environment: Not usable outside of PowerShell
[0.798s] DEBUG:colcon.colcon_core.shell:Skip shell extension 'dsv' for command environment
[0.801s] INFO:colcon.colcon_ros.task.ament_cmake.build:Building ROS package in '/home/ambroise/hunav_ws/src/hunav_sim/hunav_rviz2_panel' with build type 'ament_cmake'
[0.801s] INFO:colcon.colcon_cmake.task.cmake.build:Building CMake package in '/home/ambroise/hunav_ws/src/hunav_sim/hunav_rviz2_panel'
[0.801s] INFO:colcon.colcon_core.shell:Skip shell extension 'powershell' for command environment: Not usable outside of PowerShell
[0.801s] DEBUG:colcon.colcon_core.shell:Skip shell extension 'dsv' for command environment
[0.808s] DEBUG:colcon.colcon_core.event_handler.log_command:Invoking command in '/home/ambroise/hunav_ws/build/hunav_agent_manager': CMAKE_PREFIX_PATH=/home/ambroise/hunav_ws/install/people_msgs:/home/ambroise/hunav_ws/install/hunav_msgs:/home/ambroise/hunav_ws/install/hunav_sim:/home/ambroise/hunav_ws/install/hunav_agent_manager:/home/ambroise/hunav_ws/install/hunav_rviz2_panel:/home/ambroise/hunav_ws/install/hunav_gazebo_wrapper:/home/ambroise/hunav_ws/install/hunav_behavior_tree_generator:/home/ambroise/hunav_ws/install/hunav_evaluator:/opt/ros/humble LD_LIBRARY_PATH=/home/ambroise/hunav_ws/install/people_msgs/lib:/home/ambroise/hunav_ws/install/hunav_msgs/lib:/home/ambroise/hunav_ws/install/hunav_rviz2_panel/lib:/home/ambroise/hunav_ws/install/hunav_gazebo_wrapper/lib:/usr/lib/x86_64-linux-gnu/gazebo-11/plugins:/opt/ros/humble/opt/rviz_ogre_vendor/lib:/opt/ros/humble/lib/x86_64-linux-gnu:/opt/ros/humble/lib:/usr/lib/x86_64-linux-gnu/gazebo-11/plugins:/home/ambroise/hunav_ws/install/hunav_gazebo_wrapper/lib /usr/bin/cmake --build /home/ambroise/hunav_ws/build/hunav_agent_manager -- -j16 -l16
[1.022s] INFO:colcon.colcon_core.task.python.build:Building Python package in '/home/ambroise/hunav_ws/src/hunav_sim/hunav_evaluator'
[1.022s] INFO:colcon.colcon_core.shell:Skip shell extension 'powershell' for command environment: Not usable outside of PowerShell
[1.022s] DEBUG:colcon.colcon_core.shell:Skip shell extension 'dsv' for command environment
[1.029s] DEBUG:colcon.colcon_core.event_handler.log_command:Invoking command in '/home/ambroise/hunav_ws/build/hunav_gazebo_wrapper': CMAKE_PREFIX_PATH=/home/ambroise/hunav_ws/install/hunav_msgs:/home/ambroise/hunav_ws/install/hunav_sim:/home/ambroise/hunav_ws/install/hunav_agent_manager:/home/ambroise/hunav_ws/install/people_msgs:/home/ambroise/hunav_ws/install/hunav_rviz2_panel:/home/ambroise/hunav_ws/install/hunav_gazebo_wrapper:/home/ambroise/hunav_ws/install/hunav_behavior_tree_generator:/home/ambroise/hunav_ws/install/hunav_evaluator:/opt/ros/humble LD_LIBRARY_PATH=/home/ambroise/hunav_ws/install/hunav_msgs/lib:/home/ambroise/hunav_ws/install/people_msgs/lib:/home/ambroise/hunav_ws/install/hunav_rviz2_panel/lib:/home/ambroise/hunav_ws/install/hunav_gazebo_wrapper/lib:/usr/lib/x86_64-linux-gnu/gazebo-11/plugins:/opt/ros/humble/opt/rviz_ogre_vendor/lib:/opt/ros/humble/lib/x86_64-linux-gnu:/opt/ros/humble/lib:/usr/lib/x86_64-linux-gnu/gazebo-11/plugins:/home/ambroise/hunav_ws/install/hunav_gazebo_wrapper/lib /usr/bin/cmake /home/ambroise/hunav_ws/src/hunav_gazebo_wrapper -DAMENT_CMAKE_SYMLINK_INSTALL=1 -DCMAKE_INSTALL_PREFIX=/home/ambroise/hunav_ws/install/hunav_gazebo_wrapper
[1.031s] DEBUG:colcon.colcon_core.event_handler.log_command:Invoking command in '/home/ambroise/hunav_ws/build/hunav_rviz2_panel': CMAKE_PREFIX_PATH=/home/ambroise/hunav_ws/install/hunav_msgs:/home/ambroise/hunav_ws/install/hunav_sim:/home/ambroise/hunav_ws/install/hunav_agent_manager:/home/ambroise/hunav_ws/install/people_msgs:/home/ambroise/hunav_ws/install/hunav_rviz2_panel:/home/ambroise/hunav_ws/install/hunav_gazebo_wrapper:/home/ambroise/hunav_ws/install/hunav_behavior_tree_generator:/home/ambroise/hunav_ws/install/hunav_evaluator:/opt/ros/humble LD_LIBRARY_PATH=/home/ambroise/hunav_ws/install/hunav_msgs/lib:/home/ambroise/hunav_ws/install/people_msgs/lib:/home/ambroise/hunav_ws/install/hunav_rviz2_panel/lib:/home/ambroise/hunav_ws/install/hunav_gazebo_wrapper/lib:/usr/lib/x86_64-linux-gnu/gazebo-11/plugins:/opt/ros/humble/opt/rviz_ogre_vendor/lib:/opt/ros/humble/lib/x86_64-linux-gnu:/opt/ros/humble/lib:/usr/lib/x86_64-linux-gnu/gazebo-11/plugins:/home/ambroise/hunav_ws/install/hunav_gazebo_wrapper/lib /usr/bin/cmake --build /home/ambroise/hunav_ws/build/hunav_rviz2_panel -- -j16 -l16
[1.031s] DEBUG:colcon.colcon_core.event_handler.log_command:Invoked command in '/home/ambroise/hunav_ws/build/hunav_agent_manager' returned '0': CMAKE_PREFIX_PATH=/home/ambroise/hunav_ws/install/people_msgs:/home/ambroise/hunav_ws/install/hunav_msgs:/home/ambroise/hunav_ws/install/hunav_sim:/home/ambroise/hunav_ws/install/hunav_agent_manager:/home/ambroise/hunav_ws/install/hunav_rviz2_panel:/home/ambroise/hunav_ws/install/hunav_gazebo_wrapper:/home/ambroise/hunav_ws/install/hunav_behavior_tree_generator:/home/ambroise/hunav_ws/install/hunav_evaluator:/opt/ros/humble LD_LIBRARY_PATH=/home/ambroise/hunav_ws/install/people_msgs/lib:/home/ambroise/hunav_ws/install/hunav_msgs/lib:/home/ambroise/hunav_ws/install/hunav_rviz2_panel/lib:/home/ambroise/hunav_ws/install/hunav_gazebo_wrapper/lib:/usr/lib/x86_64-linux-gnu/gazebo-11/plugins:/opt/ros/humble/opt/rviz_ogre_vendor/lib:/opt/ros/humble/lib/x86_64-linux-gnu:/opt/ros/humble/lib:/usr/lib/x86_64-linux-gnu/gazebo-11/plugins:/home/ambroise/hunav_ws/install/hunav_gazebo_wrapper/lib /usr/bin/cmake --build /home/ambroise/hunav_ws/build/hunav_agent_manager -- -j16 -l16
[1.032s] DEBUG:colcon.colcon_core.event_handler.log_command:Invoking command in '/home/ambroise/hunav_ws/build/hunav_agent_manager': CMAKE_PREFIX_PATH=/home/ambroise/hunav_ws/install/people_msgs:/home/ambroise/hunav_ws/install/hunav_msgs:/home/ambroise/hunav_ws/install/hunav_sim:/home/ambroise/hunav_ws/install/hunav_agent_manager:/home/ambroise/hunav_ws/install/hunav_rviz2_panel:/home/ambroise/hunav_ws/install/hunav_gazebo_wrapper:/home/ambroise/hunav_ws/install/hunav_behavior_tree_generator:/home/ambroise/hunav_ws/install/hunav_evaluator:/opt/ros/humble LD_LIBRARY_PATH=/home/ambroise/hunav_ws/install/people_msgs/lib:/home/ambroise/hunav_ws/install/hunav_msgs/lib:/home/ambroise/hunav_ws/install/hunav_rviz2_panel/lib:/home/ambroise/hunav_ws/install/hunav_gazebo_wrapper/lib:/usr/lib/x86_64-linux-gnu/gazebo-11/plugins:/opt/ros/humble/opt/rviz_ogre_vendor/lib:/opt/ros/humble/lib/x86_64-linux-gnu:/opt/ros/humble/lib:/usr/lib/x86_64-linux-gnu/gazebo-11/plugins:/home/ambroise/hunav_ws/install/hunav_gazebo_wrapper/lib /usr/bin/cmake --install /home/ambroise/hunav_ws/build/hunav_agent_manager
[1.055s] Level 1:colcon.colcon_core.environment:create_environment_scripts_only(hunav_agent_manager)
[1.056s] Level 1:colcon.colcon_core.environment:checking '/home/ambroise/hunav_ws/install/hunav_agent_manager' for CMake module files
[1.056s] DEBUG:colcon.colcon_core.event_handler.log_command:Invoked command in '/home/ambroise/hunav_ws/build/hunav_agent_manager' returned '0': CMAKE_PREFIX_PATH=/home/ambroise/hunav_ws/install/people_msgs:/home/ambroise/hunav_ws/install/hunav_msgs:/home/ambroise/hunav_ws/install/hunav_sim:/home/ambroise/hunav_ws/install/hunav_agent_manager:/home/ambroise/hunav_ws/install/hunav_rviz2_panel:/home/ambroise/hunav_ws/install/hunav_gazebo_wrapper:/home/ambroise/hunav_ws/install/hunav_behavior_tree_generator:/home/ambroise/hunav_ws/install/hunav_evaluator:/opt/ros/humble LD_LIBRARY_PATH=/home/ambroise/hunav_ws/install/people_msgs/lib:/home/ambroise/hunav_ws/install/hunav_msgs/lib:/home/ambroise/hunav_ws/install/hunav_rviz2_panel/lib:/home/ambroise/hunav_ws/install/hunav_gazebo_wrapper/lib:/usr/lib/x86_64-linux-gnu/gazebo-11/plugins:/opt/ros/humble/opt/rviz_ogre_vendor/lib:/opt/ros/humble/lib/x86_64-linux-gnu:/opt/ros/humble/lib:/usr/lib/x86_64-linux-gnu/gazebo-11/plugins:/home/ambroise/hunav_ws/install/hunav_gazebo_wrapper/lib /usr/bin/cmake --install /home/ambroise/hunav_ws/build/hunav_agent_manager
[1.057s] Level 1:colcon.colcon_core.environment:checking '/home/ambroise/hunav_ws/install/hunav_agent_manager' for CMake config files
[1.057s] Level 1:colcon.colcon_core.shell:create_environment_hook('hunav_agent_manager', 'cmake_prefix_path')
[1.058s] INFO:colcon.colcon_core.shell:Creating environment hook '/home/ambroise/hunav_ws/install/hunav_agent_manager/share/hunav_agent_manager/hook/cmake_prefix_path.ps1'
[1.058s] INFO:colcon.colcon_core.shell:Creating environment descriptor '/home/ambroise/hunav_ws/install/hunav_agent_manager/share/hunav_agent_manager/hook/cmake_prefix_path.dsv'
[1.058s] INFO:colcon.colcon_core.shell:Creating environment hook '/home/ambroise/hunav_ws/install/hunav_agent_manager/share/hunav_agent_manager/hook/cmake_prefix_path.sh'
[1.059s] Level 1:colcon.colcon_core.environment:checking '/home/ambroise/hunav_ws/install/hunav_agent_manager/lib'
[1.059s] Level 1:colcon.colcon_core.environment:checking '/home/ambroise/hunav_ws/install/hunav_agent_manager/bin'
[1.059s] Level 1:colcon.colcon_core.environment:checking '/home/ambroise/hunav_ws/install/hunav_agent_manager/lib/pkgconfig/hunav_agent_manager.pc'
[1.059s] Level 1:colcon.colcon_core.environment:checking '/home/ambroise/hunav_ws/install/hunav_agent_manager/lib/python3.10/site-packages'
[1.059s] Level 1:colcon.colcon_core.environment:checking '/home/ambroise/hunav_ws/install/hunav_agent_manager/bin'
[1.060s] INFO:colcon.colcon_core.shell:Creating package script '/home/ambroise/hunav_ws/install/hunav_agent_manager/share/hunav_agent_manager/package.ps1'
[1.060s] INFO:colcon.colcon_core.shell:Creating package descriptor '/home/ambroise/hunav_ws/install/hunav_agent_manager/share/hunav_agent_manager/package.dsv'
[1.061s] INFO:colcon.colcon_core.shell:Creating package script '/home/ambroise/hunav_ws/install/hunav_agent_manager/share/hunav_agent_manager/package.sh'
[1.061s] INFO:colcon.colcon_core.shell:Creating package script '/home/ambroise/hunav_ws/install/hunav_agent_manager/share/hunav_agent_manager/package.bash'
[1.061s] INFO:colcon.colcon_core.shell:Creating package script '/home/ambroise/hunav_ws/install/hunav_agent_manager/share/hunav_agent_manager/package.zsh'
[1.061s] Level 1:colcon.colcon_core.environment:create_file_with_runtime_dependencies(/home/ambroise/hunav_ws/install/hunav_agent_manager/share/colcon-core/packages/hunav_agent_manager)
[1.062s] Level 1:colcon.colcon_core.environment:create_environment_scripts_only(hunav_agent_manager)
[1.062s] Level 1:colcon.colcon_core.environment:checking '/home/ambroise/hunav_ws/install/hunav_agent_manager' for CMake module files
[1.063s] Level 1:colcon.colcon_core.environment:checking '/home/ambroise/hunav_ws/install/hunav_agent_manager' for CMake config files
[1.063s] Level 1:colcon.colcon_core.shell:create_environment_hook('hunav_agent_manager', 'cmake_prefix_path')
[1.063s] INFO:colcon.colcon_core.shell:Creating environment hook '/home/ambroise/hunav_ws/install/hunav_agent_manager/share/hunav_agent_manager/hook/cmake_prefix_path.ps1'
[1.064s] INFO:colcon.colcon_core.shell:Creating environment descriptor '/home/ambroise/hunav_ws/install/hunav_agent_manager/share/hunav_agent_manager/hook/cmake_prefix_path.dsv'
[1.064s] INFO:colcon.colcon_core.shell:Creating environment hook '/home/ambroise/hunav_ws/install/hunav_agent_manager/share/hunav_agent_manager/hook/cmake_prefix_path.sh'
[1.064s] Level 1:colcon.colcon_core.environment:checking '/home/ambroise/hunav_ws/install/hunav_agent_manager/lib'
[1.064s] Level 1:colcon.colcon_core.environment:checking '/home/ambroise/hunav_ws/install/hunav_agent_manager/bin'
[1.064s] Level 1:colcon.colcon_core.environment:checking '/home/ambroise/hunav_ws/install/hunav_agent_manager/lib/pkgconfig/hunav_agent_manager.pc'
[1.065s] Level 1:colcon.colcon_core.environment:checking '/home/ambroise/hunav_ws/install/hunav_agent_manager/lib/python3.10/site-packages'
[1.065s] Level 1:colcon.colcon_core.environment:checking '/home/ambroise/hunav_ws/install/hunav_agent_manager/bin'
[1.065s] INFO:colcon.colcon_core.shell:Creating package script '/home/ambroise/hunav_ws/install/hunav_agent_manager/share/hunav_agent_manager/package.ps1'
[1.066s] INFO:colcon.colcon_core.shell:Creating package descriptor '/home/ambroise/hunav_ws/install/hunav_agent_manager/share/hunav_agent_manager/package.dsv'
[1.066s] INFO:colcon.colcon_core.shell:Creating package script '/home/ambroise/hunav_ws/install/hunav_agent_manager/share/hunav_agent_manager/package.sh'
[1.067s] INFO:colcon.colcon_core.shell:Creating package script '/home/ambroise/hunav_ws/install/hunav_agent_manager/share/hunav_agent_manager/package.bash'
[1.067s] INFO:colcon.colcon_core.shell:Creating package script '/home/ambroise/hunav_ws/install/hunav_agent_manager/share/hunav_agent_manager/package.zsh'
[1.067s] Level 1:colcon.colcon_core.environment:create_file_with_runtime_dependencies(/home/ambroise/hunav_ws/install/hunav_agent_manager/share/colcon-core/packages/hunav_agent_manager)
[1.198s] DEBUG:colcon.colcon_core.event_handler.log_command:Invoked command in '/home/ambroise/hunav_ws/build/hunav_rviz2_panel' returned '0': CMAKE_PREFIX_PATH=/home/ambroise/hunav_ws/install/hunav_msgs:/home/ambroise/hunav_ws/install/hunav_sim:/home/ambroise/hunav_ws/install/hunav_agent_manager:/home/ambroise/hunav_ws/install/people_msgs:/home/ambroise/hunav_ws/install/hunav_rviz2_panel:/home/ambroise/hunav_ws/install/hunav_gazebo_wrapper:/home/ambroise/hunav_ws/install/hunav_behavior_tree_generator:/home/ambroise/hunav_ws/install/hunav_evaluator:/opt/ros/humble LD_LIBRARY_PATH=/home/ambroise/hunav_ws/install/hunav_msgs/lib:/home/ambroise/hunav_ws/install/people_msgs/lib:/home/ambroise/hunav_ws/install/hunav_rviz2_panel/lib:/home/ambroise/hunav_ws/install/hunav_gazebo_wrapper/lib:/usr/lib/x86_64-linux-gnu/gazebo-11/plugins:/opt/ros/humble/opt/rviz_ogre_vendor/lib:/opt/ros/humble/lib/x86_64-linux-gnu:/opt/ros/humble/lib:/usr/lib/x86_64-linux-gnu/gazebo-11/plugins:/home/ambroise/hunav_ws/install/hunav_gazebo_wrapper/lib /usr/bin/cmake --build /home/ambroise/hunav_ws/build/hunav_rviz2_panel -- -j16 -l16
[1.200s] DEBUG:colcon.colcon_core.event_handler.log_command:Invoking command in '/home/ambroise/hunav_ws/build/hunav_rviz2_panel': CMAKE_PREFIX_PATH=/home/ambroise/hunav_ws/install/hunav_msgs:/home/ambroise/hunav_ws/install/hunav_sim:/home/ambroise/hunav_ws/install/hunav_agent_manager:/home/ambroise/hunav_ws/install/people_msgs:/home/ambroise/hunav_ws/install/hunav_rviz2_panel:/home/ambroise/hunav_ws/install/hunav_gazebo_wrapper:/home/ambroise/hunav_ws/install/hunav_behavior_tree_generator:/home/ambroise/hunav_ws/install/hunav_evaluator:/opt/ros/humble LD_LIBRARY_PATH=/home/ambroise/hunav_ws/install/hunav_msgs/lib:/home/ambroise/hunav_ws/install/people_msgs/lib:/home/ambroise/hunav_ws/install/hunav_rviz2_panel/lib:/home/ambroise/hunav_ws/install/hunav_gazebo_wrapper/lib:/usr/lib/x86_64-linux-gnu/gazebo-11/plugins:/opt/ros/humble/opt/rviz_ogre_vendor/lib:/opt/ros/humble/lib/x86_64-linux-gnu:/opt/ros/humble/lib:/usr/lib/x86_64-linux-gnu/gazebo-11/plugins:/home/ambroise/hunav_ws/install/hunav_gazebo_wrapper/lib /usr/bin/cmake --install /home/ambroise/hunav_ws/build/hunav_rviz2_panel
[1.227s] Level 1:colcon.colcon_core.environment:create_environment_scripts_only(hunav_rviz2_panel)
[1.228s] Level 1:colcon.colcon_core.environment:checking '/home/ambroise/hunav_ws/install/hunav_rviz2_panel' for CMake module files
[1.229s] DEBUG:colcon.colcon_core.event_handler.log_command:Invoked command in '/home/ambroise/hunav_ws/build/hunav_rviz2_panel' returned '0': CMAKE_PREFIX_PATH=/home/ambroise/hunav_ws/install/hunav_msgs:/home/ambroise/hunav_ws/install/hunav_sim:/home/ambroise/hunav_ws/install/hunav_agent_manager:/home/ambroise/hunav_ws/install/people_msgs:/home/ambroise/hunav_ws/install/hunav_rviz2_panel:/home/ambroise/hunav_ws/install/hunav_gazebo_wrapper:/home/ambroise/hunav_ws/install/hunav_behavior_tree_generator:/home/ambroise/hunav_ws/install/hunav_evaluator:/opt/ros/humble LD_LIBRARY_PATH=/home/ambroise/hunav_ws/install/hunav_msgs/lib:/home/ambroise/hunav_ws/install/people_msgs/lib:/home/ambroise/hunav_ws/install/hunav_rviz2_panel/lib:/home/ambroise/hunav_ws/install/hunav_gazebo_wrapper/lib:/usr/lib/x86_64-linux-gnu/gazebo-11/plugins:/opt/ros/humble/opt/rviz_ogre_vendor/lib:/opt/ros/humble/lib/x86_64-linux-gnu:/opt/ros/humble/lib:/usr/lib/x86_64-linux-gnu/gazebo-11/plugins:/home/ambroise/hunav_ws/install/hunav_gazebo_wrapper/lib /usr/bin/cmake --install /home/ambroise/hunav_ws/build/hunav_rviz2_panel
[1.229s] Level 1:colcon.colcon_core.environment:checking '/home/ambroise/hunav_ws/install/hunav_rviz2_panel' for CMake config files
[1.229s] Level 1:colcon.colcon_core.shell:create_environment_hook('hunav_rviz2_panel', 'cmake_prefix_path')
[1.230s] INFO:colcon.colcon_core.shell:Creating environment hook '/home/ambroise/hunav_ws/install/hunav_rviz2_panel/share/hunav_rviz2_panel/hook/cmake_prefix_path.ps1'
[1.230s] INFO:colcon.colcon_core.shell:Creating environment descriptor '/home/ambroise/hunav_ws/install/hunav_rviz2_panel/share/hunav_rviz2_panel/hook/cmake_prefix_path.dsv'
[1.230s] INFO:colcon.colcon_core.shell:Creating environment hook '/home/ambroise/hunav_ws/install/hunav_rviz2_panel/share/hunav_rviz2_panel/hook/cmake_prefix_path.sh'
[1.231s] Level 1:colcon.colcon_core.environment:checking '/home/ambroise/hunav_ws/install/hunav_rviz2_panel/lib'
[1.231s] Level 1:colcon.colcon_core.shell:create_environment_hook('hunav_rviz2_panel', 'ld_library_path_lib')
[1.231s] INFO:colcon.colcon_core.shell:Creating environment hook '/home/ambroise/hunav_ws/install/hunav_rviz2_panel/share/hunav_rviz2_panel/hook/ld_library_path_lib.ps1'
[1.231s] INFO:colcon.colcon_core.shell:Creating environment descriptor '/home/ambroise/hunav_ws/install/hunav_rviz2_panel/share/hunav_rviz2_panel/hook/ld_library_path_lib.dsv'
[1.232s] INFO:colcon.colcon_core.shell:Creating environment hook '/home/ambroise/hunav_ws/install/hunav_rviz2_panel/share/hunav_rviz2_panel/hook/ld_library_path_lib.sh'
[1.232s] Level 1:colcon.colcon_core.environment:checking '/home/ambroise/hunav_ws/install/hunav_rviz2_panel/bin'
[1.232s] Level 1:colcon.colcon_core.environment:checking '/home/ambroise/hunav_ws/install/hunav_rviz2_panel/lib/pkgconfig/hunav_rviz2_panel.pc'
[1.232s] Level 1:colcon.colcon_core.environment:checking '/home/ambroise/hunav_ws/install/hunav_rviz2_panel/lib/python3.10/site-packages'
[1.232s] Level 1:colcon.colcon_core.environment:checking '/home/ambroise/hunav_ws/install/hunav_rviz2_panel/bin'
[1.233s] INFO:colcon.colcon_core.shell:Creating package script '/home/ambroise/hunav_ws/install/hunav_rviz2_panel/share/hunav_rviz2_panel/package.ps1'
[1.233s] INFO:colcon.colcon_core.shell:Creating package descriptor '/home/ambroise/hunav_ws/install/hunav_rviz2_panel/share/hunav_rviz2_panel/package.dsv'
[1.234s] INFO:colcon.colcon_core.shell:Creating package script '/home/ambroise/hunav_ws/install/hunav_rviz2_panel/share/hunav_rviz2_panel/package.sh'
[1.234s] INFO:colcon.colcon_core.shell:Creating package script '/home/ambroise/hunav_ws/install/hunav_rviz2_panel/share/hunav_rviz2_panel/package.bash'
[1.234s] INFO:colcon.colcon_core.shell:Creating package script '/home/ambroise/hunav_ws/install/hunav_rviz2_panel/share/hunav_rviz2_panel/package.zsh'
[1.234s] Level 1:colcon.colcon_core.environment:create_file_with_runtime_dependencies(/home/ambroise/hunav_ws/install/hunav_rviz2_panel/share/colcon-core/packages/hunav_rviz2_panel)
[1.235s] Level 1:colcon.colcon_core.environment:create_environment_scripts_only(hunav_rviz2_panel)
[1.235s] Level 1:colcon.colcon_core.environment:checking '/home/ambroise/hunav_ws/install/hunav_rviz2_panel' for CMake module files
[1.235s] Level 1:colcon.colcon_core.environment:checking '/home/ambroise/hunav_ws/install/hunav_rviz2_panel' for CMake config files
[1.236s] Level 1:colcon.colcon_core.shell:create_environment_hook('hunav_rviz2_panel', 'cmake_prefix_path')
[1.236s] INFO:colcon.colcon_core.shell:Creating environment hook '/home/ambroise/hunav_ws/install/hunav_rviz2_panel/share/hunav_rviz2_panel/hook/cmake_prefix_path.ps1'
[1.236s] INFO:colcon.colcon_core.shell:Creating environment descriptor '/home/ambroise/hunav_ws/install/hunav_rviz2_panel/share/hunav_rviz2_panel/hook/cmake_prefix_path.dsv'
[1.237s] INFO:colcon.colcon_core.shell:Creating environment hook '/home/ambroise/hunav_ws/install/hunav_rviz2_panel/share/hunav_rviz2_panel/hook/cmake_prefix_path.sh'
[1.237s] Level 1:colcon.colcon_core.environment:checking '/home/ambroise/hunav_ws/install/hunav_rviz2_panel/lib'
[1.237s] Level 1:colcon.colcon_core.shell:create_environment_hook('hunav_rviz2_panel', 'ld_library_path_lib')
[1.237s] INFO:colcon.colcon_core.shell:Creating environment hook '/home/ambroise/hunav_ws/install/hunav_rviz2_panel/share/hunav_rviz2_panel/hook/ld_library_path_lib.ps1'
[1.237s] INFO:colcon.colcon_core.shell:Creating environment descriptor '/home/ambroise/hunav_ws/install/hunav_rviz2_panel/share/hunav_rviz2_panel/hook/ld_library_path_lib.dsv'
[1.238s] INFO:colcon.colcon_core.shell:Creating environment hook '/home/ambroise/hunav_ws/install/hunav_rviz2_panel/share/hunav_rviz2_panel/hook/ld_library_path_lib.sh'
[1.238s] Level 1:colcon.colcon_core.environment:checking '/home/ambroise/hunav_ws/install/hunav_rviz2_panel/bin'
[1.238s] Level 1:colcon.colcon_core.environment:checking '/home/ambroise/hunav_ws/install/hunav_rviz2_panel/lib/pkgconfig/hunav_rviz2_panel.pc'
[1.238s] Level 1:colcon.colcon_core.environment:checking '/home/ambroise/hunav_ws/install/hunav_rviz2_panel/lib/python3.10/site-packages'
[1.238s] Level 1:colcon.colcon_core.environment:checking '/home/ambroise/hunav_ws/install/hunav_rviz2_panel/bin'
[1.239s] INFO:colcon.colcon_core.shell:Creating package script '/home/ambroise/hunav_ws/install/hunav_rviz2_panel/share/hunav_rviz2_panel/package.ps1'
[1.239s] INFO:colcon.colcon_core.shell:Creating package descriptor '/home/ambroise/hunav_ws/install/hunav_rviz2_panel/share/hunav_rviz2_panel/package.dsv'
[1.239s] INFO:colcon.colcon_core.shell:Creating package script '/home/ambroise/hunav_ws/install/hunav_rviz2_panel/share/hunav_rviz2_panel/package.sh'
[1.240s] INFO:colcon.colcon_core.shell:Creating package script '/home/ambroise/hunav_ws/install/hunav_rviz2_panel/share/hunav_rviz2_panel/package.bash'
[1.240s] INFO:colcon.colcon_core.shell:Creating package script '/home/ambroise/hunav_ws/install/hunav_rviz2_panel/share/hunav_rviz2_panel/package.zsh'
[1.240s] Level 1:colcon.colcon_core.environment:create_file_with_runtime_dependencies(/home/ambroise/hunav_ws/install/hunav_rviz2_panel/share/colcon-core/packages/hunav_rviz2_panel)
[1.360s] DEBUG:colcon.colcon_core.event_handler.log_command:Invoking command in '/home/ambroise/hunav_ws/build/hunav_evaluator': CMAKE_PREFIX_PATH=/home/ambroise/hunav_ws/install/hunav_msgs:/home/ambroise/hunav_ws/install/hunav_sim:/home/ambroise/hunav_ws/install/hunav_agent_manager:/home/ambroise/hunav_ws/install/people_msgs:/home/ambroise/hunav_ws/install/hunav_rviz2_panel:/home/ambroise/hunav_ws/install/hunav_gazebo_wrapper LD_LIBRARY_PATH=/home/ambroise/hunav_ws/install/hunav_msgs/lib:/home/ambroise/hunav_ws/install/people_msgs/lib:/home/ambroise/hunav_ws/install/hunav_rviz2_panel/lib:/home/ambroise/hunav_ws/install/hunav_gazebo_wrapper/lib:/usr/lib/x86_64-linux-gnu/gazebo-11/plugins:/opt/ros/humble/opt/rviz_ogre_vendor/lib:/opt/ros/humble/lib/x86_64-linux-gnu:/opt/ros/humble/lib:/usr/lib/x86_64-linux-gnu/gazebo-11/plugins:/home/ambroise/hunav_ws/install/hunav_gazebo_wrapper/lib PYTHONPATH=/home/ambroise/hunav_ws/build/hunav_evaluator/prefix_override:/usr/lib/python3/dist-packages/colcon_core/task/python/colcon_distutils_commands:/home/ambroise/hunav_ws/install/hunav_evaluator/lib/python3.10/site-packages:${PYTHONPATH} /usr/bin/python3 -W ignore:setup.py install is deprecated -W ignore:easy_install command is deprecated setup.py develop --editable --build-directory /home/ambroise/hunav_ws/build/hunav_evaluator/build --no-deps symlink_data
[1.749s] Level 1:colcon.colcon_core.shell:create_environment_hook('hunav_evaluator', 'pythonpath_develop')
[1.749s] INFO:colcon.colcon_core.shell:Creating environment hook '/home/ambroise/hunav_ws/build/hunav_evaluator/share/hunav_evaluator/hook/pythonpath_develop.ps1'
[1.750s] DEBUG:colcon.colcon_core.event_handler.log_command:Invoked command in '/home/ambroise/hunav_ws/build/hunav_evaluator' returned '0': CMAKE_PREFIX_PATH=/home/ambroise/hunav_ws/install/hunav_msgs:/home/ambroise/hunav_ws/install/hunav_sim:/home/ambroise/hunav_ws/install/hunav_agent_manager:/home/ambroise/hunav_ws/install/people_msgs:/home/ambroise/hunav_ws/install/hunav_rviz2_panel:/home/ambroise/hunav_ws/install/hunav_gazebo_wrapper LD_LIBRARY_PATH=/home/ambroise/hunav_ws/install/hunav_msgs/lib:/home/ambroise/hunav_ws/install/people_msgs/lib:/home/ambroise/hunav_ws/install/hunav_rviz2_panel/lib:/home/ambroise/hunav_ws/install/hunav_gazebo_wrapper/lib:/usr/lib/x86_64-linux-gnu/gazebo-11/plugins:/opt/ros/humble/opt/rviz_ogre_vendor/lib:/opt/ros/humble/lib/x86_64-linux-gnu:/opt/ros/humble/lib:/usr/lib/x86_64-linux-gnu/gazebo-11/plugins:/home/ambroise/hunav_ws/install/hunav_gazebo_wrapper/lib PYTHONPATH=/home/ambroise/hunav_ws/build/hunav_evaluator/prefix_override:/usr/lib/python3/dist-packages/colcon_core/task/python/colcon_distutils_commands:/home/ambroise/hunav_ws/install/hunav_evaluator/lib/python3.10/site-packages:${PYTHONPATH} /usr/bin/python3 -W ignore:setup.py install is deprecated -W ignore:easy_install command is deprecated setup.py develop --editable --build-directory /home/ambroise/hunav_ws/build/hunav_evaluator/build --no-deps symlink_data
[1.750s] INFO:colcon.colcon_core.shell:Creating environment descriptor '/home/ambroise/hunav_ws/build/hunav_evaluator/share/hunav_evaluator/hook/pythonpath_develop.dsv'
[1.750s] INFO:colcon.colcon_core.shell:Creating environment hook '/home/ambroise/hunav_ws/build/hunav_evaluator/share/hunav_evaluator/hook/pythonpath_develop.sh'
[1.751s] Level 1:colcon.colcon_core.environment:checking '/home/ambroise/hunav_ws/install/hunav_evaluator' for CMake module files
[1.752s] Level 1:colcon.colcon_core.environment:checking '/home/ambroise/hunav_ws/install/hunav_evaluator' for CMake config files
[1.752s] Level 1:colcon.colcon_core.environment:checking '/home/ambroise/hunav_ws/install/hunav_evaluator/lib'
[1.752s] Level 1:colcon.colcon_core.environment:checking '/home/ambroise/hunav_ws/install/hunav_evaluator/bin'
[1.752s] Level 1:colcon.colcon_core.environment:checking '/home/ambroise/hunav_ws/install/hunav_evaluator/lib/pkgconfig/hunav_evaluator.pc'
[1.753s] Level 1:colcon.colcon_core.environment:checking '/home/ambroise/hunav_ws/install/hunav_evaluator/lib/python3.10/site-packages'
[1.753s] Level 1:colcon.colcon_core.shell:create_environment_hook('hunav_evaluator', 'pythonpath')
[1.753s] INFO:colcon.colcon_core.shell:Creating environment hook '/home/ambroise/hunav_ws/install/hunav_evaluator/share/hunav_evaluator/hook/pythonpath.ps1'
[1.753s] INFO:colcon.colcon_core.shell:Creating environment descriptor '/home/ambroise/hunav_ws/install/hunav_evaluator/share/hunav_evaluator/hook/pythonpath.dsv'
[1.754s] INFO:colcon.colcon_core.shell:Creating environment hook '/home/ambroise/hunav_ws/install/hunav_evaluator/share/hunav_evaluator/hook/pythonpath.sh'
[1.754s] Level 1:colcon.colcon_core.environment:checking '/home/ambroise/hunav_ws/install/hunav_evaluator/bin'
[1.754s] Level 1:colcon.colcon_core.environment:create_environment_scripts_only(hunav_evaluator)
[1.754s] INFO:colcon.colcon_core.shell:Creating package script '/home/ambroise/hunav_ws/install/hunav_evaluator/share/hunav_evaluator/package.ps1'
[1.755s] INFO:colcon.colcon_core.shell:Creating package descriptor '/home/ambroise/hunav_ws/install/hunav_evaluator/share/hunav_evaluator/package.dsv'
[1.755s] INFO:colcon.colcon_core.shell:Creating package script '/home/ambroise/hunav_ws/install/hunav_evaluator/share/hunav_evaluator/package.sh'
[1.755s] INFO:colcon.colcon_core.shell:Creating package script '/home/ambroise/hunav_ws/install/hunav_evaluator/share/hunav_evaluator/package.bash'
[1.756s] INFO:colcon.colcon_core.shell:Creating package script '/home/ambroise/hunav_ws/install/hunav_evaluator/share/hunav_evaluator/package.zsh'
[1.756s] Level 1:colcon.colcon_core.environment:create_file_with_runtime_dependencies(/home/ambroise/hunav_ws/install/hunav_evaluator/share/colcon-core/packages/hunav_evaluator)
[1.756s] INFO:colcon.colcon_ros.task.ament_cmake.build:Building ROS package in '/home/ambroise/hunav_ws/src/hunav_sim/hunav_sim' with build type 'ament_cmake'
[1.756s] INFO:colcon.colcon_cmake.task.cmake.build:Building CMake package in '/home/ambroise/hunav_ws/src/hunav_sim/hunav_sim'
[1.757s] INFO:colcon.colcon_core.shell:Skip shell extension 'powershell' for command environment: Not usable outside of PowerShell
[1.757s] DEBUG:colcon.colcon_core.shell:Skip shell extension 'dsv' for command environment
[1.774s] DEBUG:colcon.colcon_core.event_handler.log_command:Invoking command in '/home/ambroise/hunav_ws/build/hunav_sim': AMENT_PREFIX_PATH=/home/ambroise/hunav_ws/install/hunav_evaluator:/home/ambroise/hunav_ws/install/hunav_sim:/home/ambroise/hunav_ws/install/hunav_agent_manager:/home/ambroise/hunav_ws/install/people_msgs:/home/ambroise/hunav_ws/install/hunav_rviz2_panel:/home/ambroise/hunav_ws/install/hunav_behavior_tree_generator:/home/ambroise/hunav_ws/install/hunav_gazebo_wrapper:/home/ambroise/hunav_ws/install/hunav_msgs:/opt/ros/humble CMAKE_PREFIX_PATH=/home/ambroise/hunav_ws/install/hunav_rviz2_panel:/home/ambroise/hunav_ws/install/hunav_agent_manager:/home/ambroise/hunav_ws/install/people_msgs:/home/ambroise/hunav_ws/install/hunav_msgs:/home/ambroise/hunav_ws/install/hunav_sim:/home/ambroise/hunav_ws/install/hunav_gazebo_wrapper:/home/ambroise/hunav_ws/install/hunav_behavior_tree_generator:/home/ambroise/hunav_ws/install/hunav_evaluator:/opt/ros/humble LD_LIBRARY_PATH=/home/ambroise/hunav_ws/install/hunav_rviz2_panel/lib:/home/ambroise/hunav_ws/install/people_msgs/lib:/home/ambroise/hunav_ws/install/hunav_msgs/lib:/home/ambroise/hunav_ws/install/hunav_gazebo_wrapper/lib:/usr/lib/x86_64-linux-gnu/gazebo-11/plugins:/opt/ros/humble/opt/rviz_ogre_vendor/lib:/opt/ros/humble/lib/x86_64-linux-gnu:/opt/ros/humble/lib:/usr/lib/x86_64-linux-gnu/gazebo-11/plugins:/home/ambroise/hunav_ws/install/hunav_gazebo_wrapper/lib PYTHONPATH=/home/ambroise/hunav_ws/build/hunav_evaluator:/home/ambroise/hunav_ws/install/hunav_evaluator/lib/python3.10/site-packages:/home/ambroise/hunav_ws/install/people_msgs/local/lib/python3.10/dist-packages:/home/ambroise/hunav_ws/build/hunav_behavior_tree_generator:/home/ambroise/hunav_ws/install/hunav_behavior_tree_generator/lib/python3.10/site-packages:/home/ambroise/hunav_ws/install/hunav_msgs/local/lib/python3.10/dist-packages:/opt/ros/humble/lib/python3.10/site-packages:/opt/ros/humble/local/lib/python3.10/dist-packages /usr/bin/cmake --build /home/ambroise/hunav_ws/build/hunav_sim -- -j16 -l16
[1.813s] DEBUG:colcon.colcon_core.event_handler.log_command:Invoked command in '/home/ambroise/hunav_ws/build/hunav_sim' returned '0': AMENT_PREFIX_PATH=/home/ambroise/hunav_ws/install/hunav_evaluator:/home/ambroise/hunav_ws/install/hunav_sim:/home/ambroise/hunav_ws/install/hunav_agent_manager:/home/ambroise/hunav_ws/install/people_msgs:/home/ambroise/hunav_ws/install/hunav_rviz2_panel:/home/ambroise/hunav_ws/install/hunav_behavior_tree_generator:/home/ambroise/hunav_ws/install/hunav_gazebo_wrapper:/home/ambroise/hunav_ws/install/hunav_msgs:/opt/ros/humble CMAKE_PREFIX_PATH=/home/ambroise/hunav_ws/install/hunav_rviz2_panel:/home/ambroise/hunav_ws/install/hunav_agent_manager:/home/ambroise/hunav_ws/install/people_msgs:/home/ambroise/hunav_ws/install/hunav_msgs:/home/ambroise/hunav_ws/install/hunav_sim:/home/ambroise/hunav_ws/install/hunav_gazebo_wrapper:/home/ambroise/hunav_ws/install/hunav_behavior_tree_generator:/home/ambroise/hunav_ws/install/hunav_evaluator:/opt/ros/humble LD_LIBRARY_PATH=/home/ambroise/hunav_ws/install/hunav_rviz2_panel/lib:/home/ambroise/hunav_ws/install/people_msgs/lib:/home/ambroise/hunav_ws/install/hunav_msgs/lib:/home/ambroise/hunav_ws/install/hunav_gazebo_wrapper/lib:/usr/lib/x86_64-linux-gnu/gazebo-11/plugins:/opt/ros/humble/opt/rviz_ogre_vendor/lib:/opt/ros/humble/lib/x86_64-linux-gnu:/opt/ros/humble/lib:/usr/lib/x86_64-linux-gnu/gazebo-11/plugins:/home/ambroise/hunav_ws/install/hunav_gazebo_wrapper/lib PYTHONPATH=/home/ambroise/hunav_ws/build/hunav_evaluator:/home/ambroise/hunav_ws/install/hunav_evaluator/lib/python3.10/site-packages:/home/ambroise/hunav_ws/install/people_msgs/local/lib/python3.10/dist-packages:/home/ambroise/hunav_ws/build/hunav_behavior_tree_generator:/home/ambroise/hunav_ws/install/hunav_behavior_tree_generator/lib/python3.10/site-packages:/home/ambroise/hunav_ws/install/hunav_msgs/local/lib/python3.10/dist-packages:/opt/ros/humble/lib/python3.10/site-packages:/opt/ros/humble/local/lib/python3.10/dist-packages /usr/bin/cmake --build /home/ambroise/hunav_ws/build/hunav_sim -- -j16 -l16
[1.814s] DEBUG:colcon.colcon_core.event_handler.log_command:Invoking command in '/home/ambroise/hunav_ws/build/hunav_sim': AMENT_PREFIX_PATH=/home/ambroise/hunav_ws/install/hunav_evaluator:/home/ambroise/hunav_ws/install/hunav_sim:/home/ambroise/hunav_ws/install/hunav_agent_manager:/home/ambroise/hunav_ws/install/people_msgs:/home/ambroise/hunav_ws/install/hunav_rviz2_panel:/home/ambroise/hunav_ws/install/hunav_behavior_tree_generator:/home/ambroise/hunav_ws/install/hunav_gazebo_wrapper:/home/ambroise/hunav_ws/install/hunav_msgs:/opt/ros/humble CMAKE_PREFIX_PATH=/home/ambroise/hunav_ws/install/hunav_rviz2_panel:/home/ambroise/hunav_ws/install/hunav_agent_manager:/home/ambroise/hunav_ws/install/people_msgs:/home/ambroise/hunav_ws/install/hunav_msgs:/home/ambroise/hunav_ws/install/hunav_sim:/home/ambroise/hunav_ws/install/hunav_gazebo_wrapper:/home/ambroise/hunav_ws/install/hunav_behavior_tree_generator:/home/ambroise/hunav_ws/install/hunav_evaluator:/opt/ros/humble LD_LIBRARY_PATH=/home/ambroise/hunav_ws/install/hunav_rviz2_panel/lib:/home/ambroise/hunav_ws/install/people_msgs/lib:/home/ambroise/hunav_ws/install/hunav_msgs/lib:/home/ambroise/hunav_ws/install/hunav_gazebo_wrapper/lib:/usr/lib/x86_64-linux-gnu/gazebo-11/plugins:/opt/ros/humble/opt/rviz_ogre_vendor/lib:/opt/ros/humble/lib/x86_64-linux-gnu:/opt/ros/humble/lib:/usr/lib/x86_64-linux-gnu/gazebo-11/plugins:/home/ambroise/hunav_ws/install/hunav_gazebo_wrapper/lib PYTHONPATH=/home/ambroise/hunav_ws/build/hunav_evaluator:/home/ambroise/hunav_ws/install/hunav_evaluator/lib/python3.10/site-packages:/home/ambroise/hunav_ws/install/people_msgs/local/lib/python3.10/dist-packages:/home/ambroise/hunav_ws/build/hunav_behavior_tree_generator:/home/ambroise/hunav_ws/install/hunav_behavior_tree_generator/lib/python3.10/site-packages:/home/ambroise/hunav_ws/install/hunav_msgs/local/lib/python3.10/dist-packages:/opt/ros/humble/lib/python3.10/site-packages:/opt/ros/humble/local/lib/python3.10/dist-packages /usr/bin/cmake --install /home/ambroise/hunav_ws/build/hunav_sim
[1.834s] Level 1:colcon.colcon_core.environment:create_environment_scripts_only(hunav_sim)
[1.835s] Level 1:colcon.colcon_core.environment:checking '/home/ambroise/hunav_ws/install/hunav_sim' for CMake module files
[1.835s] DEBUG:colcon.colcon_core.event_handler.log_command:Invoked command in '/home/ambroise/hunav_ws/build/hunav_sim' returned '0': AMENT_PREFIX_PATH=/home/ambroise/hunav_ws/install/hunav_evaluator:/home/ambroise/hunav_ws/install/hunav_sim:/home/ambroise/hunav_ws/install/hunav_agent_manager:/home/ambroise/hunav_ws/install/people_msgs:/home/ambroise/hunav_ws/install/hunav_rviz2_panel:/home/ambroise/hunav_ws/install/hunav_behavior_tree_generator:/home/ambroise/hunav_ws/install/hunav_gazebo_wrapper:/home/ambroise/hunav_ws/install/hunav_msgs:/opt/ros/humble CMAKE_PREFIX_PATH=/home/ambroise/hunav_ws/install/hunav_rviz2_panel:/home/ambroise/hunav_ws/install/hunav_agent_manager:/home/ambroise/hunav_ws/install/people_msgs:/home/ambroise/hunav_ws/install/hunav_msgs:/home/ambroise/hunav_ws/install/hunav_sim:/home/ambroise/hunav_ws/install/hunav_gazebo_wrapper:/home/ambroise/hunav_ws/install/hunav_behavior_tree_generator:/home/ambroise/hunav_ws/install/hunav_evaluator:/opt/ros/humble LD_LIBRARY_PATH=/home/ambroise/hunav_ws/install/hunav_rviz2_panel/lib:/home/ambroise/hunav_ws/install/people_msgs/lib:/home/ambroise/hunav_ws/install/hunav_msgs/lib:/home/ambroise/hunav_ws/install/hunav_gazebo_wrapper/lib:/usr/lib/x86_64-linux-gnu/gazebo-11/plugins:/opt/ros/humble/opt/rviz_ogre_vendor/lib:/opt/ros/humble/lib/x86_64-linux-gnu:/opt/ros/humble/lib:/usr/lib/x86_64-linux-gnu/gazebo-11/plugins:/home/ambroise/hunav_ws/install/hunav_gazebo_wrapper/lib PYTHONPATH=/home/ambroise/hunav_ws/build/hunav_evaluator:/home/ambroise/hunav_ws/install/hunav_evaluator/lib/python3.10/site-packages:/home/ambroise/hunav_ws/install/people_msgs/local/lib/python3.10/dist-packages:/home/ambroise/hunav_ws/build/hunav_behavior_tree_generator:/home/ambroise/hunav_ws/install/hunav_behavior_tree_generator/lib/python3.10/site-packages:/home/ambroise/hunav_ws/install/hunav_msgs/local/lib/python3.10/dist-packages:/opt/ros/humble/lib/python3.10/site-packages:/opt/ros/humble/local/lib/python3.10/dist-packages /usr/bin/cmake --install /home/ambroise/hunav_ws/build/hunav_sim
[1.836s] Level 1:colcon.colcon_core.environment:checking '/home/ambroise/hunav_ws/install/hunav_sim' for CMake config files
[1.836s] Level 1:colcon.colcon_core.shell:create_environment_hook('hunav_sim', 'cmake_prefix_path')
[1.836s] INFO:colcon.colcon_core.shell:Creating environment hook '/home/ambroise/hunav_ws/install/hunav_sim/share/hunav_sim/hook/cmake_prefix_path.ps1'
[1.837s] INFO:colcon.colcon_core.shell:Creating environment descriptor '/home/ambroise/hunav_ws/install/hunav_sim/share/hunav_sim/hook/cmake_prefix_path.dsv'
[1.837s] INFO:colcon.colcon_core.shell:Creating environment hook '/home/ambroise/hunav_ws/install/hunav_sim/share/hunav_sim/hook/cmake_prefix_path.sh'
[1.838s] Level 1:colcon.colcon_core.environment:checking '/home/ambroise/hunav_ws/install/hunav_sim/bin'
[1.838s] Level 1:colcon.colcon_core.environment:checking '/home/ambroise/hunav_ws/install/hunav_sim/lib/pkgconfig/hunav_sim.pc'
[1.838s] Level 1:colcon.colcon_core.environment:checking '/home/ambroise/hunav_ws/install/hunav_sim/lib/python3.10/site-packages'
[1.838s] Level 1:colcon.colcon_core.environment:checking '/home/ambroise/hunav_ws/install/hunav_sim/bin'
[1.838s] INFO:colcon.colcon_core.shell:Creating package script '/home/ambroise/hunav_ws/install/hunav_sim/share/hunav_sim/package.ps1'
[1.839s] INFO:colcon.colcon_core.shell:Creating package descriptor '/home/ambroise/hunav_ws/install/hunav_sim/share/hunav_sim/package.dsv'
[1.839s] INFO:colcon.colcon_core.shell:Creating package script '/home/ambroise/hunav_ws/install/hunav_sim/share/hunav_sim/package.sh'
[1.839s] INFO:colcon.colcon_core.shell:Creating package script '/home/ambroise/hunav_ws/install/hunav_sim/share/hunav_sim/package.bash'
[1.840s] INFO:colcon.colcon_core.shell:Creating package script '/home/ambroise/hunav_ws/install/hunav_sim/share/hunav_sim/package.zsh'
[1.840s] Level 1:colcon.colcon_core.environment:create_file_with_runtime_dependencies(/home/ambroise/hunav_ws/install/hunav_sim/share/colcon-core/packages/hunav_sim)
[1.841s] Level 1:colcon.colcon_core.environment:create_environment_scripts_only(hunav_sim)
[1.841s] Level 1:colcon.colcon_core.environment:checking '/home/ambroise/hunav_ws/install/hunav_sim' for CMake module files
[1.841s] Level 1:colcon.colcon_core.environment:checking '/home/ambroise/hunav_ws/install/hunav_sim' for CMake config files
[1.841s] Level 1:colcon.colcon_core.shell:create_environment_hook('hunav_sim', 'cmake_prefix_path')
[1.841s] INFO:colcon.colcon_core.shell:Creating environment hook '/home/ambroise/hunav_ws/install/hunav_sim/share/hunav_sim/hook/cmake_prefix_path.ps1'
[1.842s] INFO:colcon.colcon_core.shell:Creating environment descriptor '/home/ambroise/hunav_ws/install/hunav_sim/share/hunav_sim/hook/cmake_prefix_path.dsv'
[1.842s] INFO:colcon.colcon_core.shell:Creating environment hook '/home/ambroise/hunav_ws/install/hunav_sim/share/hunav_sim/hook/cmake_prefix_path.sh'
[1.843s] Level 1:colcon.colcon_core.environment:checking '/home/ambroise/hunav_ws/install/hunav_sim/bin'
[1.843s] Level 1:colcon.colcon_core.environment:checking '/home/ambroise/hunav_ws/install/hunav_sim/lib/pkgconfig/hunav_sim.pc'
[1.843s] Level 1:colcon.colcon_core.environment:checking '/home/ambroise/hunav_ws/install/hunav_sim/lib/python3.10/site-packages'
[1.843s] Level 1:colcon.colcon_core.environment:checking '/home/ambroise/hunav_ws/install/hunav_sim/bin'
[1.843s] INFO:colcon.colcon_core.shell:Creating package script '/home/ambroise/hunav_ws/install/hunav_sim/share/hunav_sim/package.ps1'
[1.844s] INFO:colcon.colcon_core.shell:Creating package descriptor '/home/ambroise/hunav_ws/install/hunav_sim/share/hunav_sim/package.dsv'
[1.844s] INFO:colcon.colcon_core.shell:Creating package script '/home/ambroise/hunav_ws/install/hunav_sim/share/hunav_sim/package.sh'
[1.845s] INFO:colcon.colcon_core.shell:Creating package script '/home/ambroise/hunav_ws/install/hunav_sim/share/hunav_sim/package.bash'
[1.845s] INFO:colcon.colcon_core.shell:Creating package script '/home/ambroise/hunav_ws/install/hunav_sim/share/hunav_sim/package.zsh'
[1.846s] Level 1:colcon.colcon_core.environment:create_file_with_runtime_dependencies(/home/ambroise/hunav_ws/install/hunav_sim/share/colcon-core/packages/hunav_sim)
[2.088s] DEBUG:colcon.colcon_core.event_handler.log_command:Invoked command in '/home/ambroise/hunav_ws/build/hunav_gazebo_wrapper' returned '0': CMAKE_PREFIX_PATH=/home/ambroise/hunav_ws/install/hunav_msgs:/home/ambroise/hunav_ws/install/hunav_sim:/home/ambroise/hunav_ws/install/hunav_agent_manager:/home/ambroise/hunav_ws/install/people_msgs:/home/ambroise/hunav_ws/install/hunav_rviz2_panel:/home/ambroise/hunav_ws/install/hunav_gazebo_wrapper:/home/ambroise/hunav_ws/install/hunav_behavior_tree_generator:/home/ambroise/hunav_ws/install/hunav_evaluator:/opt/ros/humble LD_LIBRARY_PATH=/home/ambroise/hunav_ws/install/hunav_msgs/lib:/home/ambroise/hunav_ws/install/people_msgs/lib:/home/ambroise/hunav_ws/install/hunav_rviz2_panel/lib:/home/ambroise/hunav_ws/install/hunav_gazebo_wrapper/lib:/usr/lib/x86_64-linux-gnu/gazebo-11/plugins:/opt/ros/humble/opt/rviz_ogre_vendor/lib:/opt/ros/humble/lib/x86_64-linux-gnu:/opt/ros/humble/lib:/usr/lib/x86_64-linux-gnu/gazebo-11/plugins:/home/ambroise/hunav_ws/install/hunav_gazebo_wrapper/lib /usr/bin/cmake /home/ambroise/hunav_ws/src/hunav_gazebo_wrapper -DAMENT_CMAKE_SYMLINK_INSTALL=1 -DCMAKE_INSTALL_PREFIX=/home/ambroise/hunav_ws/install/hunav_gazebo_wrapper
[2.090s] DEBUG:colcon.colcon_core.event_handler.log_command:Invoking command in '/home/ambroise/hunav_ws/build/hunav_gazebo_wrapper': CMAKE_PREFIX_PATH=/home/ambroise/hunav_ws/install/hunav_msgs:/home/ambroise/hunav_ws/install/hunav_sim:/home/ambroise/hunav_ws/install/hunav_agent_manager:/home/ambroise/hunav_ws/install/people_msgs:/home/ambroise/hunav_ws/install/hunav_rviz2_panel:/home/ambroise/hunav_ws/install/hunav_gazebo_wrapper:/home/ambroise/hunav_ws/install/hunav_behavior_tree_generator:/home/ambroise/hunav_ws/install/hunav_evaluator:/opt/ros/humble LD_LIBRARY_PATH=/home/ambroise/hunav_ws/install/hunav_msgs/lib:/home/ambroise/hunav_ws/install/people_msgs/lib:/home/ambroise/hunav_ws/install/hunav_rviz2_panel/lib:/home/ambroise/hunav_ws/install/hunav_gazebo_wrapper/lib:/usr/lib/x86_64-linux-gnu/gazebo-11/plugins:/opt/ros/humble/opt/rviz_ogre_vendor/lib:/opt/ros/humble/lib/x86_64-linux-gnu:/opt/ros/humble/lib:/usr/lib/x86_64-linux-gnu/gazebo-11/plugins:/home/ambroise/hunav_ws/install/hunav_gazebo_wrapper/lib /usr/bin/cmake --build /home/ambroise/hunav_ws/build/hunav_gazebo_wrapper -- -j16 -l16
[2.179s] DEBUG:colcon.colcon_core.event_handler.log_command:Invoked command in '/home/ambroise/hunav_ws/build/hunav_gazebo_wrapper' returned '0': CMAKE_PREFIX_PATH=/home/ambroise/hunav_ws/install/hunav_msgs:/home/ambroise/hunav_ws/install/hunav_sim:/home/ambroise/hunav_ws/install/hunav_agent_manager:/home/ambroise/hunav_ws/install/people_msgs:/home/ambroise/hunav_ws/install/hunav_rviz2_panel:/home/ambroise/hunav_ws/install/hunav_gazebo_wrapper:/home/ambroise/hunav_ws/install/hunav_behavior_tree_generator:/home/ambroise/hunav_ws/install/hunav_evaluator:/opt/ros/humble LD_LIBRARY_PATH=/home/ambroise/hunav_ws/install/hunav_msgs/lib:/home/ambroise/hunav_ws/install/people_msgs/lib:/home/ambroise/hunav_ws/install/hunav_rviz2_panel/lib:/home/ambroise/hunav_ws/install/hunav_gazebo_wrapper/lib:/usr/lib/x86_64-linux-gnu/gazebo-11/plugins:/opt/ros/humble/opt/rviz_ogre_vendor/lib:/opt/ros/humble/lib/x86_64-linux-gnu:/opt/ros/humble/lib:/usr/lib/x86_64-linux-gnu/gazebo-11/plugins:/home/ambroise/hunav_ws/install/hunav_gazebo_wrapper/lib /usr/bin/cmake --build /home/ambroise/hunav_ws/build/hunav_gazebo_wrapper -- -j16 -l16
[2.180s] DEBUG:colcon.colcon_core.event_handler.log_command:Invoking command in '/home/ambroise/hunav_ws/build/hunav_gazebo_wrapper': CMAKE_PREFIX_PATH=/home/ambroise/hunav_ws/install/hunav_msgs:/home/ambroise/hunav_ws/install/hunav_sim:/home/ambroise/hunav_ws/install/hunav_agent_manager:/home/ambroise/hunav_ws/install/people_msgs:/home/ambroise/hunav_ws/install/hunav_rviz2_panel:/home/ambroise/hunav_ws/install/hunav_gazebo_wrapper:/home/ambroise/hunav_ws/install/hunav_behavior_tree_generator:/home/ambroise/hunav_ws/install/hunav_evaluator:/opt/ros/humble LD_LIBRARY_PATH=/home/ambroise/hunav_ws/install/hunav_msgs/lib:/home/ambroise/hunav_ws/install/people_msgs/lib:/home/ambroise/hunav_ws/install/hunav_rviz2_panel/lib:/home/ambroise/hunav_ws/install/hunav_gazebo_wrapper/lib:/usr/lib/x86_64-linux-gnu/gazebo-11/plugins:/opt/ros/humble/opt/rviz_ogre_vendor/lib:/opt/ros/humble/lib/x86_64-linux-gnu:/opt/ros/humble/lib:/usr/lib/x86_64-linux-gnu/gazebo-11/plugins:/home/ambroise/hunav_ws/install/hunav_gazebo_wrapper/lib /usr/bin/cmake --install /home/ambroise/hunav_ws/build/hunav_gazebo_wrapper
[2.267s] Level 1:colcon.colcon_core.environment:create_environment_scripts_only(hunav_gazebo_wrapper)
[2.268s] Level 1:colcon.colcon_core.environment:checking '/home/ambroise/hunav_ws/install/hunav_gazebo_wrapper' for CMake module files
[2.268s] DEBUG:colcon.colcon_core.event_handler.log_command:Invoked command in '/home/ambroise/hunav_ws/build/hunav_gazebo_wrapper' returned '0': CMAKE_PREFIX_PATH=/home/ambroise/hunav_ws/install/hunav_msgs:/home/ambroise/hunav_ws/install/hunav_sim:/home/ambroise/hunav_ws/install/hunav_agent_manager:/home/ambroise/hunav_ws/install/people_msgs:/home/ambroise/hunav_ws/install/hunav_rviz2_panel:/home/ambroise/hunav_ws/install/hunav_gazebo_wrapper:/home/ambroise/hunav_ws/install/hunav_behavior_tree_generator:/home/ambroise/hunav_ws/install/hunav_evaluator:/opt/ros/humble LD_LIBRARY_PATH=/home/ambroise/hunav_ws/install/hunav_msgs/lib:/home/ambroise/hunav_ws/install/people_msgs/lib:/home/ambroise/hunav_ws/install/hunav_rviz2_panel/lib:/home/ambroise/hunav_ws/install/hunav_gazebo_wrapper/lib:/usr/lib/x86_64-linux-gnu/gazebo-11/plugins:/opt/ros/humble/opt/rviz_ogre_vendor/lib:/opt/ros/humble/lib/x86_64-linux-gnu:/opt/ros/humble/lib:/usr/lib/x86_64-linux-gnu/gazebo-11/plugins:/home/ambroise/hunav_ws/install/hunav_gazebo_wrapper/lib /usr/bin/cmake --install /home/ambroise/hunav_ws/build/hunav_gazebo_wrapper
[2.268s] Level 1:colcon.colcon_core.environment:checking '/home/ambroise/hunav_ws/install/hunav_gazebo_wrapper' for CMake config files
[2.269s] Level 1:colcon.colcon_core.shell:create_environment_hook('hunav_gazebo_wrapper', 'cmake_prefix_path')
[2.269s] INFO:colcon.colcon_core.shell:Creating environment hook '/home/ambroise/hunav_ws/install/hunav_gazebo_wrapper/share/hunav_gazebo_wrapper/hook/cmake_prefix_path.ps1'
[2.270s] INFO:colcon.colcon_core.shell:Creating environment descriptor '/home/ambroise/hunav_ws/install/hunav_gazebo_wrapper/share/hunav_gazebo_wrapper/hook/cmake_prefix_path.dsv'
[2.270s] INFO:colcon.colcon_core.shell:Creating environment hook '/home/ambroise/hunav_ws/install/hunav_gazebo_wrapper/share/hunav_gazebo_wrapper/hook/cmake_prefix_path.sh'
[2.270s] Level 1:colcon.colcon_core.environment:checking '/home/ambroise/hunav_ws/install/hunav_gazebo_wrapper/lib'
[2.270s] Level 1:colcon.colcon_core.shell:create_environment_hook('hunav_gazebo_wrapper', 'ld_library_path_lib')
[2.270s] INFO:colcon.colcon_core.shell:Creating environment hook '/home/ambroise/hunav_ws/install/hunav_gazebo_wrapper/share/hunav_gazebo_wrapper/hook/ld_library_path_lib.ps1'
[2.271s] INFO:colcon.colcon_core.shell:Creating environment descriptor '/home/ambroise/hunav_ws/install/hunav_gazebo_wrapper/share/hunav_gazebo_wrapper/hook/ld_library_path_lib.dsv'
[2.271s] INFO:colcon.colcon_core.shell:Creating environment hook '/home/ambroise/hunav_ws/install/hunav_gazebo_wrapper/share/hunav_gazebo_wrapper/hook/ld_library_path_lib.sh'
[2.271s] Level 1:colcon.colcon_core.environment:checking '/home/ambroise/hunav_ws/install/hunav_gazebo_wrapper/bin'
[2.271s] Level 1:colcon.colcon_core.environment:checking '/home/ambroise/hunav_ws/install/hunav_gazebo_wrapper/lib/pkgconfig/hunav_gazebo_wrapper.pc'
[2.271s] Level 1:colcon.colcon_core.environment:checking '/home/ambroise/hunav_ws/install/hunav_gazebo_wrapper/lib/python3.10/site-packages'
[2.271s] Level 1:colcon.colcon_core.environment:checking '/home/ambroise/hunav_ws/install/hunav_gazebo_wrapper/bin'
[2.272s] INFO:colcon.colcon_core.shell:Creating package script '/home/ambroise/hunav_ws/install/hunav_gazebo_wrapper/share/hunav_gazebo_wrapper/package.ps1'
[2.272s] INFO:colcon.colcon_core.shell:Creating package descriptor '/home/ambroise/hunav_ws/install/hunav_gazebo_wrapper/share/hunav_gazebo_wrapper/package.dsv'
[2.272s] INFO:colcon.colcon_core.shell:Creating package script '/home/ambroise/hunav_ws/install/hunav_gazebo_wrapper/share/hunav_gazebo_wrapper/package.sh'
[2.273s] INFO:colcon.colcon_core.shell:Creating package script '/home/ambroise/hunav_ws/install/hunav_gazebo_wrapper/share/hunav_gazebo_wrapper/package.bash'
[2.273s] INFO:colcon.colcon_core.shell:Creating package script '/home/ambroise/hunav_ws/install/hunav_gazebo_wrapper/share/hunav_gazebo_wrapper/package.zsh'
[2.273s] Level 1:colcon.colcon_core.environment:create_file_with_runtime_dependencies(/home/ambroise/hunav_ws/install/hunav_gazebo_wrapper/share/colcon-core/packages/hunav_gazebo_wrapper)
[2.273s] Level 1:colcon.colcon_core.environment:create_environment_scripts_only(hunav_gazebo_wrapper)
[2.274s] Level 1:colcon.colcon_core.environment:checking '/home/ambroise/hunav_ws/install/hunav_gazebo_wrapper' for CMake module files
[2.274s] Level 1:colcon.colcon_core.environment:checking '/home/ambroise/hunav_ws/install/hunav_gazebo_wrapper' for CMake config files
[2.274s] Level 1:colcon.colcon_core.shell:create_environment_hook('hunav_gazebo_wrapper', 'cmake_prefix_path')
[2.274s] INFO:colcon.colcon_core.shell:Creating environment hook '/home/ambroise/hunav_ws/install/hunav_gazebo_wrapper/share/hunav_gazebo_wrapper/hook/cmake_prefix_path.ps1'
[2.281s] INFO:colcon.colcon_core.shell:Creating environment descriptor '/home/ambroise/hunav_ws/install/hunav_gazebo_wrapper/share/hunav_gazebo_wrapper/hook/cmake_prefix_path.dsv'
[2.281s] INFO:colcon.colcon_core.shell:Creating environment hook '/home/ambroise/hunav_ws/install/hunav_gazebo_wrapper/share/hunav_gazebo_wrapper/hook/cmake_prefix_path.sh'
[2.282s] Level 1:colcon.colcon_core.environment:checking '/home/ambroise/hunav_ws/install/hunav_gazebo_wrapper/lib'
[2.282s] Level 1:colcon.colcon_core.shell:create_environment_hook('hunav_gazebo_wrapper', 'ld_library_path_lib')
[2.282s] INFO:colcon.colcon_core.shell:Creating environment hook '/home/ambroise/hunav_ws/install/hunav_gazebo_wrapper/share/hunav_gazebo_wrapper/hook/ld_library_path_lib.ps1'
[2.283s] INFO:colcon.colcon_core.shell:Creating environment descriptor '/home/ambroise/hunav_ws/install/hunav_gazebo_wrapper/share/hunav_gazebo_wrapper/hook/ld_library_path_lib.dsv'
[2.283s] INFO:colcon.colcon_core.shell:Creating environment hook '/home/ambroise/hunav_ws/install/hunav_gazebo_wrapper/share/hunav_gazebo_wrapper/hook/ld_library_path_lib.sh'
[2.283s] Level 1:colcon.colcon_core.environment:checking '/home/ambroise/hunav_ws/install/hunav_gazebo_wrapper/bin'
[2.283s] Level 1:colcon.colcon_core.environment:checking '/home/ambroise/hunav_ws/install/hunav_gazebo_wrapper/lib/pkgconfig/hunav_gazebo_wrapper.pc'
[2.283s] Level 1:colcon.colcon_core.environment:checking '/home/ambroise/hunav_ws/install/hunav_gazebo_wrapper/lib/python3.10/site-packages'
[2.283s] Level 1:colcon.colcon_core.environment:checking '/home/ambroise/hunav_ws/install/hunav_gazebo_wrapper/bin'
[2.284s] INFO:colcon.colcon_core.shell:Creating package script '/home/ambroise/hunav_ws/install/hunav_gazebo_wrapper/share/hunav_gazebo_wrapper/package.ps1'
[2.284s] INFO:colcon.colcon_core.shell:Creating package descriptor '/home/ambroise/hunav_ws/install/hunav_gazebo_wrapper/share/hunav_gazebo_wrapper/package.dsv'
[2.284s] INFO:colcon.colcon_core.shell:Creating package script '/home/ambroise/hunav_ws/install/hunav_gazebo_wrapper/share/hunav_gazebo_wrapper/package.sh'
[2.285s] INFO:colcon.colcon_core.shell:Creating package script '/home/ambroise/hunav_ws/install/hunav_gazebo_wrapper/share/hunav_gazebo_wrapper/package.bash'
[2.285s] INFO:colcon.colcon_core.shell:Creating package script '/home/ambroise/hunav_ws/install/hunav_gazebo_wrapper/share/hunav_gazebo_wrapper/package.zsh'
[2.285s] Level 1:colcon.colcon_core.environment:create_file_with_runtime_dependencies(/home/ambroise/hunav_ws/install/hunav_gazebo_wrapper/share/colcon-core/packages/hunav_gazebo_wrapper)
[2.285s] INFO:colcon.colcon_ros.task.ament_python.build:Building ROS package in '/home/ambroise/hunav_ws/src/hunav_sim/hunav_behavior_tree_generator' with build type 'ament_python'
[2.286s] Level 1:colcon.colcon_core.shell:create_environment_hook('hunav_behavior_tree_generator', 'ament_prefix_path')
[2.286s] INFO:colcon.colcon_core.shell:Creating environment hook '/home/ambroise/hunav_ws/install/hunav_behavior_tree_generator/share/hunav_behavior_tree_generator/hook/ament_prefix_path.ps1'
[2.286s] INFO:colcon.colcon_core.shell:Creating environment descriptor '/home/ambroise/hunav_ws/install/hunav_behavior_tree_generator/share/hunav_behavior_tree_generator/hook/ament_prefix_path.dsv'
[2.287s] INFO:colcon.colcon_core.shell:Creating environment hook '/home/ambroise/hunav_ws/install/hunav_behavior_tree_generator/share/hunav_behavior_tree_generator/hook/ament_prefix_path.sh'
[2.287s] INFO:colcon.colcon_core.shell:Skip shell extension 'powershell' for command environment: Not usable outside of PowerShell
[2.287s] DEBUG:colcon.colcon_core.shell:Skip shell extension 'dsv' for command environment
[2.509s] INFO:colcon.colcon_core.task.python.build:Building Python package in '/home/ambroise/hunav_ws/src/hunav_sim/hunav_behavior_tree_generator'
[2.509s] INFO:colcon.colcon_core.shell:Skip shell extension 'powershell' for command environment: Not usable outside of PowerShell
[2.509s] DEBUG:colcon.colcon_core.shell:Skip shell extension 'dsv' for command environment
[2.809s] DEBUG:colcon.colcon_core.event_handler.log_command:Invoking command in '/home/ambroise/hunav_ws/build/hunav_behavior_tree_generator': CMAKE_PREFIX_PATH=/home/ambroise/hunav_ws/install/hunav_gazebo_wrapper:/home/ambroise/hunav_ws/install/hunav_msgs:/home/ambroise/hunav_ws/install/hunav_sim:/home/ambroise/hunav_ws/install/hunav_agent_manager:/home/ambroise/hunav_ws/install/people_msgs:/home/ambroise/hunav_ws/install/hunav_rviz2_panel LD_LIBRARY_PATH=/home/ambroise/hunav_ws/install/hunav_gazebo_wrapper/lib:/home/ambroise/hunav_ws/install/hunav_msgs/lib:/home/ambroise/hunav_ws/install/people_msgs/lib:/home/ambroise/hunav_ws/install/hunav_rviz2_panel/lib:/usr/lib/x86_64-linux-gnu/gazebo-11/plugins:/opt/ros/humble/opt/rviz_ogre_vendor/lib:/opt/ros/humble/lib/x86_64-linux-gnu:/opt/ros/humble/lib:/usr/lib/x86_64-linux-gnu/gazebo-11/plugins PYTHONPATH=/home/ambroise/hunav_ws/build/hunav_behavior_tree_generator/prefix_override:/usr/lib/python3/dist-packages/colcon_core/task/python/colcon_distutils_commands:/home/ambroise/hunav_ws/install/hunav_behavior_tree_generator/lib/python3.10/site-packages:${PYTHONPATH} /usr/bin/python3 -W ignore:setup.py install is deprecated -W ignore:easy_install command is deprecated setup.py develop --editable --build-directory /home/ambroise/hunav_ws/build/hunav_behavior_tree_generator/build --no-deps symlink_data
[3.183s] Level 1:colcon.colcon_core.shell:create_environment_hook('hunav_behavior_tree_generator', 'pythonpath_develop')
[3.184s] INFO:colcon.colcon_core.shell:Creating environment hook '/home/ambroise/hunav_ws/build/hunav_behavior_tree_generator/share/hunav_behavior_tree_generator/hook/pythonpath_develop.ps1'
[3.184s] DEBUG:colcon.colcon_core.event_handler.log_command:Invoked command in '/home/ambroise/hunav_ws/build/hunav_behavior_tree_generator' returned '0': CMAKE_PREFIX_PATH=/home/ambroise/hunav_ws/install/hunav_gazebo_wrapper:/home/ambroise/hunav_ws/install/hunav_msgs:/home/ambroise/hunav_ws/install/hunav_sim:/home/ambroise/hunav_ws/install/hunav_agent_manager:/home/ambroise/hunav_ws/install/people_msgs:/home/ambroise/hunav_ws/install/hunav_rviz2_panel LD_LIBRARY_PATH=/home/ambroise/hunav_ws/install/hunav_gazebo_wrapper/lib:/home/ambroise/hunav_ws/install/hunav_msgs/lib:/home/ambroise/hunav_ws/install/people_msgs/lib:/home/ambroise/hunav_ws/install/hunav_rviz2_panel/lib:/usr/lib/x86_64-linux-gnu/gazebo-11/plugins:/opt/ros/humble/opt/rviz_ogre_vendor/lib:/opt/ros/humble/lib/x86_64-linux-gnu:/opt/ros/humble/lib:/usr/lib/x86_64-linux-gnu/gazebo-11/plugins PYTHONPATH=/home/ambroise/hunav_ws/build/hunav_behavior_tree_generator/prefix_override:/usr/lib/python3/dist-packages/colcon_core/task/python/colcon_distutils_commands:/home/ambroise/hunav_ws/install/hunav_behavior_tree_generator/lib/python3.10/site-packages:${PYTHONPATH} /usr/bin/python3 -W ignore:setup.py install is deprecated -W ignore:easy_install command is deprecated setup.py develop --editable --build-directory /home/ambroise/hunav_ws/build/hunav_behavior_tree_generator/build --no-deps symlink_data
[3.185s] INFO:colcon.colcon_core.shell:Creating environment descriptor '/home/ambroise/hunav_ws/build/hunav_behavior_tree_generator/share/hunav_behavior_tree_generator/hook/pythonpath_develop.dsv'
[3.185s] INFO:colcon.colcon_core.shell:Creating environment hook '/home/ambroise/hunav_ws/build/hunav_behavior_tree_generator/share/hunav_behavior_tree_generator/hook/pythonpath_develop.sh'
[3.185s] Level 1:colcon.colcon_core.environment:checking '/home/ambroise/hunav_ws/install/hunav_behavior_tree_generator' for CMake module files
[3.186s] Level 1:colcon.colcon_core.environment:checking '/home/ambroise/hunav_ws/install/hunav_behavior_tree_generator' for CMake config files
[3.186s] Level 1:colcon.colcon_core.environment:checking '/home/ambroise/hunav_ws/install/hunav_behavior_tree_generator/lib'
[3.186s] Level 1:colcon.colcon_core.environment:checking '/home/ambroise/hunav_ws/install/hunav_behavior_tree_generator/bin'
[3.186s] Level 1:colcon.colcon_core.environment:checking '/home/ambroise/hunav_ws/install/hunav_behavior_tree_generator/lib/pkgconfig/hunav_behavior_tree_generator.pc'
[3.186s] Level 1:colcon.colcon_core.environment:checking '/home/ambroise/hunav_ws/install/hunav_behavior_tree_generator/lib/python3.10/site-packages'
[3.186s] Level 1:colcon.colcon_core.shell:create_environment_hook('hunav_behavior_tree_generator', 'pythonpath')
[3.186s] INFO:colcon.colcon_core.shell:Creating environment hook '/home/ambroise/hunav_ws/install/hunav_behavior_tree_generator/share/hunav_behavior_tree_generator/hook/pythonpath.ps1'
[3.187s] INFO:colcon.colcon_core.shell:Creating environment descriptor '/home/ambroise/hunav_ws/install/hunav_behavior_tree_generator/share/hunav_behavior_tree_generator/hook/pythonpath.dsv'
[3.187s] INFO:colcon.colcon_core.shell:Creating environment hook '/home/ambroise/hunav_ws/install/hunav_behavior_tree_generator/share/hunav_behavior_tree_generator/hook/pythonpath.sh'
[3.187s] Level 1:colcon.colcon_core.environment:checking '/home/ambroise/hunav_ws/install/hunav_behavior_tree_generator/bin'
[3.187s] Level 1:colcon.colcon_core.environment:create_environment_scripts_only(hunav_behavior_tree_generator)
[3.188s] INFO:colcon.colcon_core.shell:Creating package script '/home/ambroise/hunav_ws/install/hunav_behavior_tree_generator/share/hunav_behavior_tree_generator/package.ps1'
[3.188s] INFO:colcon.colcon_core.shell:Creating package descriptor '/home/ambroise/hunav_ws/install/hunav_behavior_tree_generator/share/hunav_behavior_tree_generator/package.dsv'
[3.188s] INFO:colcon.colcon_core.shell:Creating package script '/home/ambroise/hunav_ws/install/hunav_behavior_tree_generator/share/hunav_behavior_tree_generator/package.sh'
[3.189s] INFO:colcon.colcon_core.shell:Creating package script '/home/ambroise/hunav_ws/install/hunav_behavior_tree_generator/share/hunav_behavior_tree_generator/package.bash'
[3.189s] INFO:colcon.colcon_core.shell:Creating package script '/home/ambroise/hunav_ws/install/hunav_behavior_tree_generator/share/hunav_behavior_tree_generator/package.zsh'
[3.189s] Level 1:colcon.colcon_core.environment:create_file_with_runtime_dependencies(/home/ambroise/hunav_ws/install/hunav_behavior_tree_generator/share/colcon-core/packages/hunav_behavior_tree_generator)
[3.189s] DEBUG:colcon.colcon_parallel_executor.executor.parallel:closing loop
[3.190s] DEBUG:colcon.colcon_parallel_executor.executor.parallel:loop closed
[3.190s] DEBUG:colcon.colcon_parallel_executor.executor.parallel:run_until_complete finished with '0'
[3.190s] DEBUG:colcon.colcon_core.event_reactor:joining thread
[3.194s] INFO:colcon.colcon_core.plugin_system:Skipping extension 'colcon_notification.desktop_notification.terminal_notifier': Not used on non-Darwin systems
[3.194s] INFO:colcon.colcon_core.plugin_system:Skipping extension 'colcon_notification.desktop_notification.win32': Not used on non-Windows systems
[3.194s] INFO:colcon.colcon_notification.desktop_notification:Sending desktop notification using 'notify2'
[3.207s] DEBUG:colcon.colcon_core.event_reactor:joined thread
[3.208s] INFO:colcon.colcon_core.shell:Creating prefix script '/home/ambroise/hunav_ws/install/local_setup.ps1'
[3.208s] INFO:colcon.colcon_core.shell:Creating prefix util module '/home/ambroise/hunav_ws/install/_local_setup_util_ps1.py'
[3.210s] INFO:colcon.colcon_core.shell:Creating prefix chain script '/home/ambroise/hunav_ws/install/setup.ps1'
[3.211s] INFO:colcon.colcon_core.shell:Creating prefix script '/home/ambroise/hunav_ws/install/local_setup.sh'
[3.211s] INFO:colcon.colcon_core.shell:Creating prefix util module '/home/ambroise/hunav_ws/install/_local_setup_util_sh.py'
[3.212s] INFO:colcon.colcon_core.shell:Creating prefix chain script '/home/ambroise/hunav_ws/install/setup.sh'
[3.213s] INFO:colcon.colcon_core.shell:Creating prefix script '/home/ambroise/hunav_ws/install/local_setup.bash'
[3.213s] INFO:colcon.colcon_core.shell:Creating prefix chain script '/home/ambroise/hunav_ws/install/setup.bash'
[3.214s] INFO:colcon.colcon_core.shell:Creating prefix script '/home/ambroise/hunav_ws/install/local_setup.zsh'
[3.215s] INFO:colcon.colcon_core.shell:Creating prefix chain script '/home/ambroise/hunav_ws/install/setup.zsh'
