[0.015s] Invoking command in '/home/ambroise/hunav_ws/build/hunav_gazebo_wrapper': CMAKE_PREFIX_PATH=/home/ambroise/hunav_ws/install/hunav_msgs:/home/ambroise/hunav_ws/install/hunav_sim:/home/ambroise/hunav_ws/install/hunav_agent_manager:/home/ambroise/hunav_ws/install/people_msgs:/home/ambroise/hunav_ws/install/hunav_rviz2_panel:/home/ambroise/hunav_ws/install/hunav_gazebo_wrapper:/home/ambroise/hunav_ws/install/hunav_behavior_tree_generator:/home/ambroise/hunav_ws/install/hunav_evaluator:/opt/ros/humble LD_LIBRARY_PATH=/home/ambroise/hunav_ws/install/hunav_msgs/lib:/home/ambroise/hunav_ws/install/people_msgs/lib:/home/ambroise/hunav_ws/install/hunav_rviz2_panel/lib:/home/ambroise/hunav_ws/install/hunav_gazebo_wrapper/lib:/usr/lib/x86_64-linux-gnu/gazebo-11/plugins:/opt/ros/humble/opt/rviz_ogre_vendor/lib:/opt/ros/humble/lib/x86_64-linux-gnu:/opt/ros/humble/lib:/usr/lib/x86_64-linux-gnu/gazebo-11/plugins:/home/ambroise/hunav_ws/install/hunav_gazebo_wrapper/lib:/usr/lib/x86_64-linux-gnu/gazebo-11/plugins:/usr/lib/x86_64-linux-gnu/gazebo-11/plugins:/home/ambroise/hunav_ws/install/hunav_gazebo_wrapper/lib:/usr/lib/x86_64-linux-gnu/gazebo-11/plugins:/usr/lib/x86_64-linux-gnu/gazebo-11/plugins:/usr/lib/x86_64-linux-gnu/gazebo-11/plugins:/home/ambroise/hunav_ws/install/hunav_gazebo_wrapper/lib:/usr/lib/x86_64-linux-gnu/gazebo-11/plugins:/usr/lib/x86_64-linux-gnu/gazebo-11/plugins:/usr/lib/x86_64-linux-gnu/gazebo-11/plugins:/usr/lib/x86_64-linux-gnu/gazebo-11/plugins:/home/ambroise/hunav_ws/install/hunav_gazebo_wrapper/lib:/usr/lib/x86_64-linux-gnu/gazebo-11/plugins:/usr/lib/x86_64-linux-gnu/gazebo-11/plugins:/usr/lib/x86_64-linux-gnu/gazebo-11/plugins:/usr/lib/x86_64-linux-gnu/gazebo-11/plugins:/usr/lib/x86_64-linux-gnu/gazebo-11/plugins:/home/ambroise/hunav_ws/install/hunav_gazebo_wrapper/lib:/usr/lib/x86_64-linux-gnu/gazebo-11/plugins:/usr/lib/x86_64-linux-gnu/gazebo-11/plugins:/usr/lib/x86_64-linux-gnu/gazebo-11/plugins:/usr/lib/x86_64-linux-gnu/gazebo-11/plugins:/usr/lib/x86_64-linux-gnu/gazebo-11/plugins:/usr/lib/x86_64-linux-gnu/gazebo-11/plugins:/home/ambroise/hunav_ws/install/hunav_gazebo_wrapper/lib:/usr/lib/x86_64-linux-gnu/gazebo-11/plugins:/usr/lib/x86_64-linux-gnu/gazebo-11/plugins:/usr/lib/x86_64-linux-gnu/gazebo-11/plugins:/usr/lib/x86_64-linux-gnu/gazebo-11/plugins:/usr/lib/x86_64-linux-gnu/gazebo-11/plugins:/usr/lib/x86_64-linux-gnu/gazebo-11/plugins:/usr/lib/x86_64-linux-gnu/gazebo-11/plugins:/home/ambroise/hunav_ws/install/hunav_gazebo_wrapper/lib:/usr/lib/x86_64-linux-gnu/gazebo-11/plugins:/usr/lib/x86_64-linux-gnu/gazebo-11/plugins:/usr/lib/x86_64-linux-gnu/gazebo-11/plugins:/usr/lib/x86_64-linux-gnu/gazebo-11/plugins:/usr/lib/x86_64-linux-gnu/gazebo-11/plugins:/usr/lib/x86_64-linux-gnu/gazebo-11/plugins:/usr/lib/x86_64-linux-gnu/gazebo-11/plugins:/usr/lib/x86_64-linux-gnu/gazebo-11/plugins:/home/ambroise/hunav_ws/install/hunav_gazebo_wrapper/lib:/usr/lib/x86_64-linux-gnu/gazebo-11/plugins:/usr/lib/x86_64-linux-gnu/gazebo-11/plugins:/usr/lib/x86_64-linux-gnu/gazebo-11/plugins:/usr/lib/x86_64-linux-gnu/gazebo-11/plugins:/usr/lib/x86_64-linux-gnu/gazebo-11/plugins:/usr/lib/x86_64-linux-gnu/gazebo-11/plugins:/usr/lib/x86_64-linux-gnu/gazebo-11/plugins:/usr/lib/x86_64-linux-gnu/gazebo-11/plugins:/usr/lib/x86_64-linux-gnu/gazebo-11/plugins:/home/ambroise/hunav_ws/install/hunav_gazebo_wrapper/lib /usr/bin/cmake --build /home/ambroise/hunav_ws/build/hunav_gazebo_wrapper -- -j16 -l16
[0.082s] [ 50%] Built target hunav_gazebo_world_generator
[0.090s] [100%] Built target HuNavPlugin
[0.102s] Invoked command in '/home/ambroise/hunav_ws/build/hunav_gazebo_wrapper' returned '0': CMAKE_PREFIX_PATH=/home/ambroise/hunav_ws/install/hunav_msgs:/home/ambroise/hunav_ws/install/hunav_sim:/home/ambroise/hunav_ws/install/hunav_agent_manager:/home/ambroise/hunav_ws/install/people_msgs:/home/ambroise/hunav_ws/install/hunav_rviz2_panel:/home/ambroise/hunav_ws/install/hunav_gazebo_wrapper:/home/ambroise/hunav_ws/install/hunav_behavior_tree_generator:/home/ambroise/hunav_ws/install/hunav_evaluator:/opt/ros/humble LD_LIBRARY_PATH=/home/ambroise/hunav_ws/install/hunav_msgs/lib:/home/ambroise/hunav_ws/install/people_msgs/lib:/home/ambroise/hunav_ws/install/hunav_rviz2_panel/lib:/home/ambroise/hunav_ws/install/hunav_gazebo_wrapper/lib:/usr/lib/x86_64-linux-gnu/gazebo-11/plugins:/opt/ros/humble/opt/rviz_ogre_vendor/lib:/opt/ros/humble/lib/x86_64-linux-gnu:/opt/ros/humble/lib:/usr/lib/x86_64-linux-gnu/gazebo-11/plugins:/home/ambroise/hunav_ws/install/hunav_gazebo_wrapper/lib:/usr/lib/x86_64-linux-gnu/gazebo-11/plugins:/usr/lib/x86_64-linux-gnu/gazebo-11/plugins:/home/ambroise/hunav_ws/install/hunav_gazebo_wrapper/lib:/usr/lib/x86_64-linux-gnu/gazebo-11/plugins:/usr/lib/x86_64-linux-gnu/gazebo-11/plugins:/usr/lib/x86_64-linux-gnu/gazebo-11/plugins:/home/ambroise/hunav_ws/install/hunav_gazebo_wrapper/lib:/usr/lib/x86_64-linux-gnu/gazebo-11/plugins:/usr/lib/x86_64-linux-gnu/gazebo-11/plugins:/usr/lib/x86_64-linux-gnu/gazebo-11/plugins:/usr/lib/x86_64-linux-gnu/gazebo-11/plugins:/home/ambroise/hunav_ws/install/hunav_gazebo_wrapper/lib:/usr/lib/x86_64-linux-gnu/gazebo-11/plugins:/usr/lib/x86_64-linux-gnu/gazebo-11/plugins:/usr/lib/x86_64-linux-gnu/gazebo-11/plugins:/usr/lib/x86_64-linux-gnu/gazebo-11/plugins:/usr/lib/x86_64-linux-gnu/gazebo-11/plugins:/home/ambroise/hunav_ws/install/hunav_gazebo_wrapper/lib:/usr/lib/x86_64-linux-gnu/gazebo-11/plugins:/usr/lib/x86_64-linux-gnu/gazebo-11/plugins:/usr/lib/x86_64-linux-gnu/gazebo-11/plugins:/usr/lib/x86_64-linux-gnu/gazebo-11/plugins:/usr/lib/x86_64-linux-gnu/gazebo-11/plugins:/usr/lib/x86_64-linux-gnu/gazebo-11/plugins:/home/ambroise/hunav_ws/install/hunav_gazebo_wrapper/lib:/usr/lib/x86_64-linux-gnu/gazebo-11/plugins:/usr/lib/x86_64-linux-gnu/gazebo-11/plugins:/usr/lib/x86_64-linux-gnu/gazebo-11/plugins:/usr/lib/x86_64-linux-gnu/gazebo-11/plugins:/usr/lib/x86_64-linux-gnu/gazebo-11/plugins:/usr/lib/x86_64-linux-gnu/gazebo-11/plugins:/usr/lib/x86_64-linux-gnu/gazebo-11/plugins:/home/ambroise/hunav_ws/install/hunav_gazebo_wrapper/lib:/usr/lib/x86_64-linux-gnu/gazebo-11/plugins:/usr/lib/x86_64-linux-gnu/gazebo-11/plugins:/usr/lib/x86_64-linux-gnu/gazebo-11/plugins:/usr/lib/x86_64-linux-gnu/gazebo-11/plugins:/usr/lib/x86_64-linux-gnu/gazebo-11/plugins:/usr/lib/x86_64-linux-gnu/gazebo-11/plugins:/usr/lib/x86_64-linux-gnu/gazebo-11/plugins:/usr/lib/x86_64-linux-gnu/gazebo-11/plugins:/home/ambroise/hunav_ws/install/hunav_gazebo_wrapper/lib:/usr/lib/x86_64-linux-gnu/gazebo-11/plugins:/usr/lib/x86_64-linux-gnu/gazebo-11/plugins:/usr/lib/x86_64-linux-gnu/gazebo-11/plugins:/usr/lib/x86_64-linux-gnu/gazebo-11/plugins:/usr/lib/x86_64-linux-gnu/gazebo-11/plugins:/usr/lib/x86_64-linux-gnu/gazebo-11/plugins:/usr/lib/x86_64-linux-gnu/gazebo-11/plugins:/usr/lib/x86_64-linux-gnu/gazebo-11/plugins:/usr/lib/x86_64-linux-gnu/gazebo-11/plugins:/home/ambroise/hunav_ws/install/hunav_gazebo_wrapper/lib /usr/bin/cmake --build /home/ambroise/hunav_ws/build/hunav_gazebo_wrapper -- -j16 -l16
[0.113s] Invoking command in '/home/ambroise/hunav_ws/build/hunav_gazebo_wrapper': CMAKE_PREFIX_PATH=/home/ambroise/hunav_ws/install/hunav_msgs:/home/ambroise/hunav_ws/install/hunav_sim:/home/ambroise/hunav_ws/install/hunav_agent_manager:/home/ambroise/hunav_ws/install/people_msgs:/home/ambroise/hunav_ws/install/hunav_rviz2_panel:/home/ambroise/hunav_ws/install/hunav_gazebo_wrapper:/home/ambroise/hunav_ws/install/hunav_behavior_tree_generator:/home/ambroise/hunav_ws/install/hunav_evaluator:/opt/ros/humble LD_LIBRARY_PATH=/home/ambroise/hunav_ws/install/hunav_msgs/lib:/home/ambroise/hunav_ws/install/people_msgs/lib:/home/ambroise/hunav_ws/install/hunav_rviz2_panel/lib:/home/ambroise/hunav_ws/install/hunav_gazebo_wrapper/lib:/usr/lib/x86_64-linux-gnu/gazebo-11/plugins:/opt/ros/humble/opt/rviz_ogre_vendor/lib:/opt/ros/humble/lib/x86_64-linux-gnu:/opt/ros/humble/lib:/usr/lib/x86_64-linux-gnu/gazebo-11/plugins:/home/ambroise/hunav_ws/install/hunav_gazebo_wrapper/lib:/usr/lib/x86_64-linux-gnu/gazebo-11/plugins:/usr/lib/x86_64-linux-gnu/gazebo-11/plugins:/home/ambroise/hunav_ws/install/hunav_gazebo_wrapper/lib:/usr/lib/x86_64-linux-gnu/gazebo-11/plugins:/usr/lib/x86_64-linux-gnu/gazebo-11/plugins:/usr/lib/x86_64-linux-gnu/gazebo-11/plugins:/home/ambroise/hunav_ws/install/hunav_gazebo_wrapper/lib:/usr/lib/x86_64-linux-gnu/gazebo-11/plugins:/usr/lib/x86_64-linux-gnu/gazebo-11/plugins:/usr/lib/x86_64-linux-gnu/gazebo-11/plugins:/usr/lib/x86_64-linux-gnu/gazebo-11/plugins:/home/ambroise/hunav_ws/install/hunav_gazebo_wrapper/lib:/usr/lib/x86_64-linux-gnu/gazebo-11/plugins:/usr/lib/x86_64-linux-gnu/gazebo-11/plugins:/usr/lib/x86_64-linux-gnu/gazebo-11/plugins:/usr/lib/x86_64-linux-gnu/gazebo-11/plugins:/usr/lib/x86_64-linux-gnu/gazebo-11/plugins:/home/ambroise/hunav_ws/install/hunav_gazebo_wrapper/lib:/usr/lib/x86_64-linux-gnu/gazebo-11/plugins:/usr/lib/x86_64-linux-gnu/gazebo-11/plugins:/usr/lib/x86_64-linux-gnu/gazebo-11/plugins:/usr/lib/x86_64-linux-gnu/gazebo-11/plugins:/usr/lib/x86_64-linux-gnu/gazebo-11/plugins:/usr/lib/x86_64-linux-gnu/gazebo-11/plugins:/home/ambroise/hunav_ws/install/hunav_gazebo_wrapper/lib:/usr/lib/x86_64-linux-gnu/gazebo-11/plugins:/usr/lib/x86_64-linux-gnu/gazebo-11/plugins:/usr/lib/x86_64-linux-gnu/gazebo-11/plugins:/usr/lib/x86_64-linux-gnu/gazebo-11/plugins:/usr/lib/x86_64-linux-gnu/gazebo-11/plugins:/usr/lib/x86_64-linux-gnu/gazebo-11/plugins:/usr/lib/x86_64-linux-gnu/gazebo-11/plugins:/home/ambroise/hunav_ws/install/hunav_gazebo_wrapper/lib:/usr/lib/x86_64-linux-gnu/gazebo-11/plugins:/usr/lib/x86_64-linux-gnu/gazebo-11/plugins:/usr/lib/x86_64-linux-gnu/gazebo-11/plugins:/usr/lib/x86_64-linux-gnu/gazebo-11/plugins:/usr/lib/x86_64-linux-gnu/gazebo-11/plugins:/usr/lib/x86_64-linux-gnu/gazebo-11/plugins:/usr/lib/x86_64-linux-gnu/gazebo-11/plugins:/usr/lib/x86_64-linux-gnu/gazebo-11/plugins:/home/ambroise/hunav_ws/install/hunav_gazebo_wrapper/lib:/usr/lib/x86_64-linux-gnu/gazebo-11/plugins:/usr/lib/x86_64-linux-gnu/gazebo-11/plugins:/usr/lib/x86_64-linux-gnu/gazebo-11/plugins:/usr/lib/x86_64-linux-gnu/gazebo-11/plugins:/usr/lib/x86_64-linux-gnu/gazebo-11/plugins:/usr/lib/x86_64-linux-gnu/gazebo-11/plugins:/usr/lib/x86_64-linux-gnu/gazebo-11/plugins:/usr/lib/x86_64-linux-gnu/gazebo-11/plugins:/usr/lib/x86_64-linux-gnu/gazebo-11/plugins:/home/ambroise/hunav_ws/install/hunav_gazebo_wrapper/lib /usr/bin/cmake --install /home/ambroise/hunav_ws/build/hunav_gazebo_wrapper
[0.122s] -- Install configuration: ""
[0.122s] -- Execute custom install script
[0.122s] -- Up-to-date symlink: /home/ambroise/hunav_ws/install/hunav_gazebo_wrapper/share/hunav_gazebo_wrapper/environment/library_path.sh
[0.122s] -- Up-to-date symlink: /home/ambroise/hunav_ws/install/hunav_gazebo_wrapper/share/hunav_gazebo_wrapper/environment/library_path.dsv
[0.123s] -- Up-to-date symlink: /home/ambroise/hunav_ws/install/hunav_gazebo_wrapper/lib/hunav_gazebo_wrapper/hunav_gazebo_world_generator
[0.123s] -- Up-to-date symlink: /home/ambroise/hunav_ws/install/hunav_gazebo_wrapper/lib/libHuNavPlugin.so
[0.123s] -- Up-to-date symlink: /home/ambroise/hunav_ws/install/hunav_gazebo_wrapper/include/hunav_gazebo_wrapper/HuNavPlugin.h
[0.123s] -- Up-to-date symlink: /home/ambroise/hunav_ws/install/hunav_gazebo_wrapper/include/hunav_gazebo_wrapper/WorldGenerator.hpp
[0.123s] -- Up-to-date symlink: /home/ambroise/hunav_ws/install/hunav_gazebo_wrapper/share/hunav_gazebo_wrapper/launch/params.yaml
[0.123s] -- Up-to-date symlink: /home/ambroise/hunav_ws/install/hunav_gazebo_wrapper/share/hunav_gazebo_wrapper/launch/pmb2_cafe.launch.py
[0.124s] -- Up-to-date symlink: /home/ambroise/hunav_ws/install/hunav_gazebo_wrapper/share/hunav_gazebo_wrapper/launch/pmb2_hunav.launch.py
[0.124s] -- Up-to-date symlink: /home/ambroise/hunav_ws/install/hunav_gazebo_wrapper/share/hunav_gazebo_wrapper/launch/pmb2_pal.launch.py
[0.124s] -- Up-to-date symlink: /home/ambroise/hunav_ws/install/hunav_gazebo_wrapper/share/hunav_gazebo_wrapper/launch/pmb2_params/pmb2_nav_public_sim.yaml
[0.124s] -- Up-to-date symlink: /home/ambroise/hunav_ws/install/hunav_gazebo_wrapper/share/hunav_gazebo_wrapper/launch/simulation.launch.py
[0.124s] -- Up-to-date symlink: /home/ambroise/hunav_ws/install/hunav_gazebo_wrapper/share/hunav_gazebo_wrapper/launch/small_house.launch.py
[0.124s] -- Up-to-date symlink: /home/ambroise/hunav_ws/install/hunav_gazebo_wrapper/share/hunav_gazebo_wrapper/launch/small_warehouse.launch.py
[0.124s] -- Up-to-date symlink: /home/ambroise/hunav_ws/install/hunav_gazebo_wrapper/share/hunav_gazebo_wrapper/worlds/cafe.world
[0.124s] -- Up-to-date symlink: /home/ambroise/hunav_ws/install/hunav_gazebo_wrapper/share/hunav_gazebo_wrapper/worlds/example_cafe.world
[0.124s] -- Up-to-date symlink: /home/ambroise/hunav_ws/install/hunav_gazebo_wrapper/share/hunav_gazebo_wrapper/worlds/house.world
[0.124s] -- Up-to-date symlink: /home/ambroise/hunav_ws/install/hunav_gazebo_wrapper/share/hunav_gazebo_wrapper/worlds/warehouse.world
[0.125s] -- Up-to-date symlink: /home/ambroise/hunav_ws/install/hunav_gazebo_wrapper/share/hunav_gazebo_wrapper/maps/cafe.pgm
[0.125s] -- Up-to-date symlink: /home/ambroise/hunav_ws/install/hunav_gazebo_wrapper/share/hunav_gazebo_wrapper/maps/cafe.yaml
[0.125s] -- Up-to-date symlink: /home/ambroise/hunav_ws/install/hunav_gazebo_wrapper/share/hunav_gazebo_wrapper/maps/house.pgm
[0.125s] -- Up-to-date symlink: /home/ambroise/hunav_ws/install/hunav_gazebo_wrapper/share/hunav_gazebo_wrapper/maps/house.yaml
[0.125s] -- Up-to-date symlink: /home/ambroise/hunav_ws/install/hunav_gazebo_wrapper/share/hunav_gazebo_wrapper/maps/warehouse.pgm
[0.125s] -- Up-to-date symlink: /home/ambroise/hunav_ws/install/hunav_gazebo_wrapper/share/hunav_gazebo_wrapper/maps/warehouse.yaml
[0.125s] -- Up-to-date symlink: /home/ambroise/hunav_ws/install/hunav_gazebo_wrapper/share/hunav_gazebo_wrapper/scenarios/agents_cafe.yaml
[0.125s] -- Up-to-date symlink: /home/ambroise/hunav_ws/install/hunav_gazebo_wrapper/share/hunav_gazebo_wrapper/scenarios/agents_house.yaml
[0.126s] -- Up-to-date symlink: /home/ambroise/hunav_ws/install/hunav_gazebo_wrapper/share/hunav_gazebo_wrapper/scenarios/agents_warehouse.yaml
[0.126s] -- Up-to-date symlink: /home/ambroise/hunav_ws/install/hunav_gazebo_wrapper/share/hunav_gazebo_wrapper/scenarios/warehouse_agents_1.yaml
[0.126s] -- Up-to-date symlink: /home/ambroise/hunav_ws/install/hunav_gazebo_wrapper/share/hunav_gazebo_wrapper/behavior_trees/BTCuriousNav.xml
[0.126s] -- Up-to-date symlink: /home/ambroise/hunav_ws/install/hunav_gazebo_wrapper/share/hunav_gazebo_wrapper/behavior_trees/BTRegularNav.xml
[0.126s] -- Up-to-date symlink: /home/ambroise/hunav_ws/install/hunav_gazebo_wrapper/share/hunav_gazebo_wrapper/behavior_trees/BTScaredNav.xml
[0.126s] -- Up-to-date symlink: /home/ambroise/hunav_ws/install/hunav_gazebo_wrapper/share/hunav_gazebo_wrapper/behavior_trees/BTSurprisedNav.xml
[0.126s] -- Up-to-date symlink: /home/ambroise/hunav_ws/install/hunav_gazebo_wrapper/share/hunav_gazebo_wrapper/behavior_trees/BTThreateningNav.xml
[0.127s] -- Up-to-date symlink: /home/ambroise/hunav_ws/install/hunav_gazebo_wrapper/share/hunav_gazebo_wrapper/behavior_trees/agents_cafe__agent_1_bt.xml
[0.127s] -- Up-to-date symlink: /home/ambroise/hunav_ws/install/hunav_gazebo_wrapper/share/hunav_gazebo_wrapper/behavior_trees/agents_cafe__agent_2_bt.xml
[0.127s] -- Up-to-date symlink: /home/ambroise/hunav_ws/install/hunav_gazebo_wrapper/share/hunav_gazebo_wrapper/behavior_trees/agents_cafe__agent_3_bt.xml
[0.127s] -- Up-to-date symlink: /home/ambroise/hunav_ws/install/hunav_gazebo_wrapper/share/hunav_gazebo_wrapper/behavior_trees/agents_house__agent_1_bt.xml
[0.127s] -- Up-to-date symlink: /home/ambroise/hunav_ws/install/hunav_gazebo_wrapper/share/hunav_gazebo_wrapper/behavior_trees/agents_house__agent_2_bt.xml
[0.127s] -- Up-to-date symlink: /home/ambroise/hunav_ws/install/hunav_gazebo_wrapper/share/hunav_gazebo_wrapper/behavior_trees/agents_house__agent_3_bt.xml
[0.127s] -- Up-to-date symlink: /home/ambroise/hunav_ws/install/hunav_gazebo_wrapper/share/hunav_gazebo_wrapper/behavior_trees/agents_warehouse__agent_1_bt.xml
[0.127s] -- Up-to-date symlink: /home/ambroise/hunav_ws/install/hunav_gazebo_wrapper/share/hunav_gazebo_wrapper/behavior_trees/agents_warehouse__agent_2_bt.xml
[0.127s] -- Up-to-date symlink: /home/ambroise/hunav_ws/install/hunav_gazebo_wrapper/share/hunav_gazebo_wrapper/behavior_trees/agents_warehouse__agent_3_bt.xml
[0.127s] -- Up-to-date symlink: /home/ambroise/hunav_ws/install/hunav_gazebo_wrapper/share/hunav_gazebo_wrapper/behavior_trees/warehouse_agents_1__agent_1_bt.xml
[0.127s] -- Up-to-date symlink: /home/ambroise/hunav_ws/install/hunav_gazebo_wrapper/share/hunav_gazebo_wrapper/behavior_trees/warehouse_agents_1__agent_2_bt.xml
[0.137s] -- Up-to-date symlink: /home/ambroise/hunav_ws/install/hunav_gazebo_wrapper/share/hunav_gazebo_wrapper//models/02_01-walk.bvh
[0.137s] -- Up-to-date symlink: /home/ambroise/hunav_ws/install/hunav_gazebo_wrapper/share/hunav_gazebo_wrapper//models/02_07.bvh
[0.137s] -- Up-to-date symlink: /home/ambroise/hunav_ws/install/hunav_gazebo_wrapper/share/hunav_gazebo_wrapper//models/05_02.bvh
[0.137s] -- Up-to-date symlink: /home/ambroise/hunav_ws/install/hunav_gazebo_wrapper/share/hunav_gazebo_wrapper//models/07_01-walk.bvh
[0.137s] -- Up-to-date symlink: /home/ambroise/hunav_ws/install/hunav_gazebo_wrapper/share/hunav_gazebo_wrapper//models/07_04-slow_walk.bvh
[0.138s] -- Up-to-date symlink: /home/ambroise/hunav_ws/install/hunav_gazebo_wrapper/share/hunav_gazebo_wrapper//models/07_05-slow_walk.bvh
[0.138s] -- Up-to-date symlink: /home/ambroise/hunav_ws/install/hunav_gazebo_wrapper/share/hunav_gazebo_wrapper//models/08_08-walk2.bvh
[0.138s] -- Up-to-date symlink: /home/ambroise/hunav_ws/install/hunav_gazebo_wrapper/share/hunav_gazebo_wrapper//models/120_19-walk_slow.bvh
[0.138s] -- Up-to-date symlink: /home/ambroise/hunav_ws/install/hunav_gazebo_wrapper/share/hunav_gazebo_wrapper//models/137_28-normal_wait.bvh
[0.138s] -- Up-to-date symlink: /home/ambroise/hunav_ws/install/hunav_gazebo_wrapper/share/hunav_gazebo_wrapper//models/13_14-laugh.bvh
[0.138s] -- Up-to-date symlink: /home/ambroise/hunav_ws/install/hunav_gazebo_wrapper/share/hunav_gazebo_wrapper//models/141_16-wave_hello.bvh
[0.138s] -- Up-to-date symlink: /home/ambroise/hunav_ws/install/hunav_gazebo_wrapper/share/hunav_gazebo_wrapper//models/141_20-waiting.bvh
[0.138s] -- Up-to-date symlink: /home/ambroise/hunav_ws/install/hunav_gazebo_wrapper/share/hunav_gazebo_wrapper//models/142_01-walk_childist.bvh
[0.138s] -- Up-to-date symlink: /home/ambroise/hunav_ws/install/hunav_gazebo_wrapper/share/hunav_gazebo_wrapper//models/142_04-walk_cool.bvh
[0.138s] -- Up-to-date symlink: /home/ambroise/hunav_ws/install/hunav_gazebo_wrapper/share/hunav_gazebo_wrapper//models/142_08-walk_happy.bvh
[0.138s] -- Up-to-date symlink: /home/ambroise/hunav_ws/install/hunav_gazebo_wrapper/share/hunav_gazebo_wrapper//models/142_16-walk_scared.bvh
[0.138s] -- Up-to-date symlink: /home/ambroise/hunav_ws/install/hunav_gazebo_wrapper/share/hunav_gazebo_wrapper//models/142_17-walk_scared.bvh
[0.138s] -- Up-to-date symlink: /home/ambroise/hunav_ws/install/hunav_gazebo_wrapper/share/hunav_gazebo_wrapper//models/142_19-walk_shy.bvh
[0.139s] -- Up-to-date symlink: /home/ambroise/hunav_ws/install/hunav_gazebo_wrapper/share/hunav_gazebo_wrapper//models/17_01-walk_with_anger.bvh
[0.139s] -- Up-to-date symlink: /home/ambroise/hunav_ws/install/hunav_gazebo_wrapper/share/hunav_gazebo_wrapper//models/69_02_walk_forward.bvh
[0.139s] -- Up-to-date symlink: /home/ambroise/hunav_ws/install/hunav_gazebo_wrapper/share/hunav_gazebo_wrapper//models/aws_robomaker_residential_AirconditionerA_01/materials/textures/aws_AirconditionerA_01.png
[0.139s] -- Up-to-date symlink: /home/ambroise/hunav_ws/install/hunav_gazebo_wrapper/share/hunav_gazebo_wrapper//models/aws_robomaker_residential_AirconditionerA_01/meshes/aws_AirconditionerA_01_collision.DAE
[0.139s] -- Up-to-date symlink: /home/ambroise/hunav_ws/install/hunav_gazebo_wrapper/share/hunav_gazebo_wrapper//models/aws_robomaker_residential_AirconditionerA_01/meshes/aws_AirconditionerA_01_visual.DAE
[0.139s] -- Up-to-date symlink: /home/ambroise/hunav_ws/install/hunav_gazebo_wrapper/share/hunav_gazebo_wrapper//models/aws_robomaker_residential_AirconditionerA_01/model.config
[0.139s] -- Up-to-date symlink: /home/ambroise/hunav_ws/install/hunav_gazebo_wrapper/share/hunav_gazebo_wrapper//models/aws_robomaker_residential_AirconditionerA_01/model.sdf
[0.139s] -- Up-to-date symlink: /home/ambroise/hunav_ws/install/hunav_gazebo_wrapper/share/hunav_gazebo_wrapper//models/aws_robomaker_residential_AirconditionerB_01/materials/textures/aws_AirconditionerB_01.png
[0.139s] -- Up-to-date symlink: /home/ambroise/hunav_ws/install/hunav_gazebo_wrapper/share/hunav_gazebo_wrapper//models/aws_robomaker_residential_AirconditionerB_01/meshes/aws_AirconditionerB_01_collision.DAE
[0.139s] -- Up-to-date symlink: /home/ambroise/hunav_ws/install/hunav_gazebo_wrapper/share/hunav_gazebo_wrapper//models/aws_robomaker_residential_AirconditionerB_01/meshes/aws_AirconditionerB_01_visual.DAE
[0.140s] -- Up-to-date symlink: /home/ambroise/hunav_ws/install/hunav_gazebo_wrapper/share/hunav_gazebo_wrapper//models/aws_robomaker_residential_AirconditionerB_01/model.config
[0.140s] -- Up-to-date symlink: /home/ambroise/hunav_ws/install/hunav_gazebo_wrapper/share/hunav_gazebo_wrapper//models/aws_robomaker_residential_AirconditionerB_01/model.sdf
[0.140s] -- Up-to-date symlink: /home/ambroise/hunav_ws/install/hunav_gazebo_wrapper/share/hunav_gazebo_wrapper//models/aws_robomaker_residential_BalconyTable_01/materials/textures/aws_BalconyTable_01.png
[0.140s] -- Up-to-date symlink: /home/ambroise/hunav_ws/install/hunav_gazebo_wrapper/share/hunav_gazebo_wrapper//models/aws_robomaker_residential_BalconyTable_01/meshes/aws_BalconyTable_01_collision.DAE
[0.140s] -- Up-to-date symlink: /home/ambroise/hunav_ws/install/hunav_gazebo_wrapper/share/hunav_gazebo_wrapper//models/aws_robomaker_residential_BalconyTable_01/meshes/aws_BalconyTable_01_visual.DAE
[0.140s] -- Up-to-date symlink: /home/ambroise/hunav_ws/install/hunav_gazebo_wrapper/share/hunav_gazebo_wrapper//models/aws_robomaker_residential_BalconyTable_01/model.config
[0.140s] -- Up-to-date symlink: /home/ambroise/hunav_ws/install/hunav_gazebo_wrapper/share/hunav_gazebo_wrapper//models/aws_robomaker_residential_BalconyTable_01/model.sdf
[0.140s] -- Up-to-date symlink: /home/ambroise/hunav_ws/install/hunav_gazebo_wrapper/share/hunav_gazebo_wrapper//models/aws_robomaker_residential_Ball_01/materials/textures/aws_Ball_01.png
[0.140s] -- Up-to-date symlink: /home/ambroise/hunav_ws/install/hunav_gazebo_wrapper/share/hunav_gazebo_wrapper//models/aws_robomaker_residential_Ball_01/meshes/aws_Ball_01_collision.DAE
[0.141s] -- Up-to-date symlink: /home/ambroise/hunav_ws/install/hunav_gazebo_wrapper/share/hunav_gazebo_wrapper//models/aws_robomaker_residential_Ball_01/meshes/aws_Ball_01_visual.DAE
[0.141s] -- Up-to-date symlink: /home/ambroise/hunav_ws/install/hunav_gazebo_wrapper/share/hunav_gazebo_wrapper//models/aws_robomaker_residential_Ball_01/model.config
[0.141s] -- Up-to-date symlink: /home/ambroise/hunav_ws/install/hunav_gazebo_wrapper/share/hunav_gazebo_wrapper//models/aws_robomaker_residential_Ball_01/model.sdf
[0.141s] -- Up-to-date symlink: /home/ambroise/hunav_ws/install/hunav_gazebo_wrapper/share/hunav_gazebo_wrapper//models/aws_robomaker_residential_Bed_01/materials/textures/aws_BedA_01.png
[0.141s] -- Up-to-date symlink: /home/ambroise/hunav_ws/install/hunav_gazebo_wrapper/share/hunav_gazebo_wrapper//models/aws_robomaker_residential_Bed_01/materials/textures/aws_BedB_01.png
[0.141s] -- Up-to-date symlink: /home/ambroise/hunav_ws/install/hunav_gazebo_wrapper/share/hunav_gazebo_wrapper//models/aws_robomaker_residential_Bed_01/materials/textures/aws_BedC_01.png
[0.141s] -- Up-to-date symlink: /home/ambroise/hunav_ws/install/hunav_gazebo_wrapper/share/hunav_gazebo_wrapper//models/aws_robomaker_residential_Bed_01/materials/textures/aws_Bed_01.png
[0.141s] -- Up-to-date symlink: /home/ambroise/hunav_ws/install/hunav_gazebo_wrapper/share/hunav_gazebo_wrapper//models/aws_robomaker_residential_Bed_01/meshes/aws_Bed_01_collision.DAE
[0.141s] -- Up-to-date symlink: /home/ambroise/hunav_ws/install/hunav_gazebo_wrapper/share/hunav_gazebo_wrapper//models/aws_robomaker_residential_Bed_01/meshes/aws_Bed_01_visual.DAE
[0.141s] -- Up-to-date symlink: /home/ambroise/hunav_ws/install/hunav_gazebo_wrapper/share/hunav_gazebo_wrapper//models/aws_robomaker_residential_Bed_01/model.config
[0.142s] -- Up-to-date symlink: /home/ambroise/hunav_ws/install/hunav_gazebo_wrapper/share/hunav_gazebo_wrapper//models/aws_robomaker_residential_Bed_01/model.sdf
[0.142s] -- Up-to-date symlink: /home/ambroise/hunav_ws/install/hunav_gazebo_wrapper/share/hunav_gazebo_wrapper//models/aws_robomaker_residential_Board_01/materials/textures/aws_Board_01.png
[0.142s] -- Up-to-date symlink: /home/ambroise/hunav_ws/install/hunav_gazebo_wrapper/share/hunav_gazebo_wrapper//models/aws_robomaker_residential_Board_01/meshes/aws_Board_01_collision.DAE
[0.142s] -- Up-to-date symlink: /home/ambroise/hunav_ws/install/hunav_gazebo_wrapper/share/hunav_gazebo_wrapper//models/aws_robomaker_residential_Board_01/meshes/aws_Board_01_visual.DAE
[0.142s] -- Up-to-date symlink: /home/ambroise/hunav_ws/install/hunav_gazebo_wrapper/share/hunav_gazebo_wrapper//models/aws_robomaker_residential_Board_01/model.config
[0.142s] -- Up-to-date symlink: /home/ambroise/hunav_ws/install/hunav_gazebo_wrapper/share/hunav_gazebo_wrapper//models/aws_robomaker_residential_Board_01/model.sdf
[0.142s] -- Up-to-date symlink: /home/ambroise/hunav_ws/install/hunav_gazebo_wrapper/share/hunav_gazebo_wrapper//models/aws_robomaker_residential_Carpet_01/materials/textures/aws_Carpet_01.png
[0.142s] -- Up-to-date symlink: /home/ambroise/hunav_ws/install/hunav_gazebo_wrapper/share/hunav_gazebo_wrapper//models/aws_robomaker_residential_Carpet_01/meshes/aws_Carpet_01_collision.DAE
[0.142s] -- Up-to-date symlink: /home/ambroise/hunav_ws/install/hunav_gazebo_wrapper/share/hunav_gazebo_wrapper//models/aws_robomaker_residential_Carpet_01/meshes/aws_Carpet_01_visual.DAE
[0.142s] -- Up-to-date symlink: /home/ambroise/hunav_ws/install/hunav_gazebo_wrapper/share/hunav_gazebo_wrapper//models/aws_robomaker_residential_Carpet_01/model.config
[0.143s] -- Up-to-date symlink: /home/ambroise/hunav_ws/install/hunav_gazebo_wrapper/share/hunav_gazebo_wrapper//models/aws_robomaker_residential_Carpet_01/model.sdf
[0.143s] -- Up-to-date symlink: /home/ambroise/hunav_ws/install/hunav_gazebo_wrapper/share/hunav_gazebo_wrapper//models/aws_robomaker_residential_ChairA_01/materials/textures/aws_ChairA_01.png
[0.143s] -- Up-to-date symlink: /home/ambroise/hunav_ws/install/hunav_gazebo_wrapper/share/hunav_gazebo_wrapper//models/aws_robomaker_residential_ChairA_01/meshes/aws_ChairA_01_collision.DAE
[0.143s] -- Up-to-date symlink: /home/ambroise/hunav_ws/install/hunav_gazebo_wrapper/share/hunav_gazebo_wrapper//models/aws_robomaker_residential_ChairA_01/meshes/aws_ChairA_01_visual.DAE
[0.143s] -- Up-to-date symlink: /home/ambroise/hunav_ws/install/hunav_gazebo_wrapper/share/hunav_gazebo_wrapper//models/aws_robomaker_residential_ChairA_01/model.config
[0.143s] -- Up-to-date symlink: /home/ambroise/hunav_ws/install/hunav_gazebo_wrapper/share/hunav_gazebo_wrapper//models/aws_robomaker_residential_ChairA_01/model.sdf
[0.143s] -- Up-to-date symlink: /home/ambroise/hunav_ws/install/hunav_gazebo_wrapper/share/hunav_gazebo_wrapper//models/aws_robomaker_residential_ChairD_01/materials/textures/aws_ChairD_01.png
[0.143s] -- Up-to-date symlink: /home/ambroise/hunav_ws/install/hunav_gazebo_wrapper/share/hunav_gazebo_wrapper//models/aws_robomaker_residential_ChairD_01/meshes/aws_ChairD_01_collision.DAE
[0.143s] -- Up-to-date symlink: /home/ambroise/hunav_ws/install/hunav_gazebo_wrapper/share/hunav_gazebo_wrapper//models/aws_robomaker_residential_ChairD_01/meshes/aws_ChairD_01_visual.DAE
[0.143s] -- Up-to-date symlink: /home/ambroise/hunav_ws/install/hunav_gazebo_wrapper/share/hunav_gazebo_wrapper//models/aws_robomaker_residential_ChairD_01/model.config
[0.144s] -- Up-to-date symlink: /home/ambroise/hunav_ws/install/hunav_gazebo_wrapper/share/hunav_gazebo_wrapper//models/aws_robomaker_residential_ChairD_01/model.sdf
[0.144s] -- Up-to-date symlink: /home/ambroise/hunav_ws/install/hunav_gazebo_wrapper/share/hunav_gazebo_wrapper//models/aws_robomaker_residential_Chandelier_01/materials/textures/aws_Chandelier_01.png
[0.144s] -- Up-to-date symlink: /home/ambroise/hunav_ws/install/hunav_gazebo_wrapper/share/hunav_gazebo_wrapper//models/aws_robomaker_residential_Chandelier_01/meshes/aws_Chandelier_01.DAE
[0.144s] -- Up-to-date symlink: /home/ambroise/hunav_ws/install/hunav_gazebo_wrapper/share/hunav_gazebo_wrapper//models/aws_robomaker_residential_Chandelier_01/meshes/aws_Chandelier_01_collision.DAE
[0.144s] -- Up-to-date symlink: /home/ambroise/hunav_ws/install/hunav_gazebo_wrapper/share/hunav_gazebo_wrapper//models/aws_robomaker_residential_Chandelier_01/meshes/aws_Chandelier_01_visual.DAE
[0.144s] -- Up-to-date symlink: /home/ambroise/hunav_ws/install/hunav_gazebo_wrapper/share/hunav_gazebo_wrapper//models/aws_robomaker_residential_Chandelier_01/model.config
[0.144s] -- Up-to-date symlink: /home/ambroise/hunav_ws/install/hunav_gazebo_wrapper/share/hunav_gazebo_wrapper//models/aws_robomaker_residential_Chandelier_01/model.sdf
[0.144s] -- Up-to-date symlink: /home/ambroise/hunav_ws/install/hunav_gazebo_wrapper/share/hunav_gazebo_wrapper//models/aws_robomaker_residential_CoffeeTable_01/materials/textures/aws_CoffeeTable_01.png
[0.144s] -- Up-to-date symlink: /home/ambroise/hunav_ws/install/hunav_gazebo_wrapper/share/hunav_gazebo_wrapper//models/aws_robomaker_residential_CoffeeTable_01/meshes/aws_CoffeeTable_01_collision.DAE
[0.144s] -- Up-to-date symlink: /home/ambroise/hunav_ws/install/hunav_gazebo_wrapper/share/hunav_gazebo_wrapper//models/aws_robomaker_residential_CoffeeTable_01/meshes/aws_CoffeeTable_01_visual.DAE
[0.145s] -- Up-to-date symlink: /home/ambroise/hunav_ws/install/hunav_gazebo_wrapper/share/hunav_gazebo_wrapper//models/aws_robomaker_residential_CoffeeTable_01/model.config
[0.145s] -- Up-to-date symlink: /home/ambroise/hunav_ws/install/hunav_gazebo_wrapper/share/hunav_gazebo_wrapper//models/aws_robomaker_residential_CoffeeTable_01/model.sdf
[0.145s] -- Up-to-date symlink: /home/ambroise/hunav_ws/install/hunav_gazebo_wrapper/share/hunav_gazebo_wrapper//models/aws_robomaker_residential_CookingBench_01/materials/textures/aws_CookingBench_01.png
[0.145s] -- Up-to-date symlink: /home/ambroise/hunav_ws/install/hunav_gazebo_wrapper/share/hunav_gazebo_wrapper//models/aws_robomaker_residential_CookingBench_01/meshes/aws_CookingBench_01.DAE
[0.145s] -- Up-to-date symlink: /home/ambroise/hunav_ws/install/hunav_gazebo_wrapper/share/hunav_gazebo_wrapper//models/aws_robomaker_residential_CookingBench_01/meshes/aws_CookingBench_01_collision.DAE
[0.145s] -- Up-to-date symlink: /home/ambroise/hunav_ws/install/hunav_gazebo_wrapper/share/hunav_gazebo_wrapper//models/aws_robomaker_residential_CookingBench_01/meshes/aws_CookingBench_01_visual.DAE
[0.145s] -- Up-to-date symlink: /home/ambroise/hunav_ws/install/hunav_gazebo_wrapper/share/hunav_gazebo_wrapper//models/aws_robomaker_residential_CookingBench_01/model.config
[0.145s] -- Up-to-date symlink: /home/ambroise/hunav_ws/install/hunav_gazebo_wrapper/share/hunav_gazebo_wrapper//models/aws_robomaker_residential_CookingBench_01/model.sdf
[0.145s] -- Up-to-date symlink: /home/ambroise/hunav_ws/install/hunav_gazebo_wrapper/share/hunav_gazebo_wrapper//models/aws_robomaker_residential_Curtain_01/materials/textures/aws_Curtain_01.png
[0.146s] -- Up-to-date symlink: /home/ambroise/hunav_ws/install/hunav_gazebo_wrapper/share/hunav_gazebo_wrapper//models/aws_robomaker_residential_Curtain_01/meshes/aws_Curtain_01_collision.DAE
[0.146s] -- Up-to-date symlink: /home/ambroise/hunav_ws/install/hunav_gazebo_wrapper/share/hunav_gazebo_wrapper//models/aws_robomaker_residential_Curtain_01/meshes/aws_Curtain_01_visual.DAE
[0.146s] -- Up-to-date symlink: /home/ambroise/hunav_ws/install/hunav_gazebo_wrapper/share/hunav_gazebo_wrapper//models/aws_robomaker_residential_Curtain_01/model.config
[0.146s] -- Up-to-date symlink: /home/ambroise/hunav_ws/install/hunav_gazebo_wrapper/share/hunav_gazebo_wrapper//models/aws_robomaker_residential_Curtain_01/model.sdf
[0.146s] -- Up-to-date symlink: /home/ambroise/hunav_ws/install/hunav_gazebo_wrapper/share/hunav_gazebo_wrapper//models/aws_robomaker_residential_DeskPortraitA_01/materials/textures/DeskPortraitA_01.jpg
[0.146s] -- Up-to-date symlink: /home/ambroise/hunav_ws/install/hunav_gazebo_wrapper/share/hunav_gazebo_wrapper//models/aws_robomaker_residential_DeskPortraitA_01/materials/textures/aws_DeskPortraitA_01.png
[0.146s] -- Up-to-date symlink: /home/ambroise/hunav_ws/install/hunav_gazebo_wrapper/share/hunav_gazebo_wrapper//models/aws_robomaker_residential_DeskPortraitA_01/materials/textures/aws_DeskPortraitA_02.png
[0.146s] -- Up-to-date symlink: /home/ambroise/hunav_ws/install/hunav_gazebo_wrapper/share/hunav_gazebo_wrapper//models/aws_robomaker_residential_DeskPortraitA_01/meshes/aws_DeskPortraitA_01_collision.DAE
[0.146s] -- Up-to-date symlink: /home/ambroise/hunav_ws/install/hunav_gazebo_wrapper/share/hunav_gazebo_wrapper//models/aws_robomaker_residential_DeskPortraitA_01/meshes/aws_DeskPortraitA_01_visual.DAE
[0.146s] -- Up-to-date symlink: /home/ambroise/hunav_ws/install/hunav_gazebo_wrapper/share/hunav_gazebo_wrapper//models/aws_robomaker_residential_DeskPortraitA_01/model.config
[0.147s] -- Up-to-date symlink: /home/ambroise/hunav_ws/install/hunav_gazebo_wrapper/share/hunav_gazebo_wrapper//models/aws_robomaker_residential_DeskPortraitA_01/model.sdf
[0.147s] -- Up-to-date symlink: /home/ambroise/hunav_ws/install/hunav_gazebo_wrapper/share/hunav_gazebo_wrapper//models/aws_robomaker_residential_DeskPortraitA_02/materials/textures/DeskPortraitA_02.jpg
[0.147s] -- Up-to-date symlink: /home/ambroise/hunav_ws/install/hunav_gazebo_wrapper/share/hunav_gazebo_wrapper//models/aws_robomaker_residential_DeskPortraitA_02/materials/textures/aws_DeskPortraitA_01.png
[0.147s] -- Up-to-date symlink: /home/ambroise/hunav_ws/install/hunav_gazebo_wrapper/share/hunav_gazebo_wrapper//models/aws_robomaker_residential_DeskPortraitA_02/materials/textures/aws_DeskPortraitA_02.png
[0.147s] -- Up-to-date symlink: /home/ambroise/hunav_ws/install/hunav_gazebo_wrapper/share/hunav_gazebo_wrapper//models/aws_robomaker_residential_DeskPortraitA_02/meshes/aws_DeskPortraitA_01_collision.DAE
[0.147s] -- Up-to-date symlink: /home/ambroise/hunav_ws/install/hunav_gazebo_wrapper/share/hunav_gazebo_wrapper//models/aws_robomaker_residential_DeskPortraitA_02/meshes/aws_DeskPortraitA_01_visual.DAE
[0.147s] -- Up-to-date symlink: /home/ambroise/hunav_ws/install/hunav_gazebo_wrapper/share/hunav_gazebo_wrapper//models/aws_robomaker_residential_DeskPortraitA_02/model.config
[0.147s] -- Up-to-date symlink: /home/ambroise/hunav_ws/install/hunav_gazebo_wrapper/share/hunav_gazebo_wrapper//models/aws_robomaker_residential_DeskPortraitA_02/model.sdf
[0.147s] -- Up-to-date symlink: /home/ambroise/hunav_ws/install/hunav_gazebo_wrapper/share/hunav_gazebo_wrapper//models/aws_robomaker_residential_DeskPortraitB_01/materials/textures/DeskPortraitB_01.jpg
[0.147s] -- Up-to-date symlink: /home/ambroise/hunav_ws/install/hunav_gazebo_wrapper/share/hunav_gazebo_wrapper//models/aws_robomaker_residential_DeskPortraitB_01/materials/textures/aws_DeskPortraitB_01.png
[0.148s] -- Up-to-date symlink: /home/ambroise/hunav_ws/install/hunav_gazebo_wrapper/share/hunav_gazebo_wrapper//models/aws_robomaker_residential_DeskPortraitB_01/materials/textures/aws_DeskPortraitB_02.png
[0.148s] -- Up-to-date symlink: /home/ambroise/hunav_ws/install/hunav_gazebo_wrapper/share/hunav_gazebo_wrapper//models/aws_robomaker_residential_DeskPortraitB_01/meshes/aws_DeskPortraitB_01_collision.DAE
[0.148s] -- Up-to-date symlink: /home/ambroise/hunav_ws/install/hunav_gazebo_wrapper/share/hunav_gazebo_wrapper//models/aws_robomaker_residential_DeskPortraitB_01/meshes/aws_DeskPortraitB_01_visual.DAE
[0.148s] -- Up-to-date symlink: /home/ambroise/hunav_ws/install/hunav_gazebo_wrapper/share/hunav_gazebo_wrapper//models/aws_robomaker_residential_DeskPortraitB_01/model.config
[0.148s] -- Up-to-date symlink: /home/ambroise/hunav_ws/install/hunav_gazebo_wrapper/share/hunav_gazebo_wrapper//models/aws_robomaker_residential_DeskPortraitB_01/model.sdf
[0.148s] -- Up-to-date symlink: /home/ambroise/hunav_ws/install/hunav_gazebo_wrapper/share/hunav_gazebo_wrapper//models/aws_robomaker_residential_DeskPortraitB_02/materials/textures/DeskPortraitB_02.jpg
[0.148s] -- Up-to-date symlink: /home/ambroise/hunav_ws/install/hunav_gazebo_wrapper/share/hunav_gazebo_wrapper//models/aws_robomaker_residential_DeskPortraitB_02/materials/textures/aws_DeskPortraitB_01.png
[0.148s] -- Up-to-date symlink: /home/ambroise/hunav_ws/install/hunav_gazebo_wrapper/share/hunav_gazebo_wrapper//models/aws_robomaker_residential_DeskPortraitB_02/materials/textures/aws_DeskPortraitB_02.png
[0.148s] -- Up-to-date symlink: /home/ambroise/hunav_ws/install/hunav_gazebo_wrapper/share/hunav_gazebo_wrapper//models/aws_robomaker_residential_DeskPortraitB_02/meshes/aws_DeskPortraitB_01_collision.DAE
[0.149s] -- Up-to-date symlink: /home/ambroise/hunav_ws/install/hunav_gazebo_wrapper/share/hunav_gazebo_wrapper//models/aws_robomaker_residential_DeskPortraitB_02/meshes/aws_DeskPortraitB_01_visual.DAE
[0.149s] -- Up-to-date symlink: /home/ambroise/hunav_ws/install/hunav_gazebo_wrapper/share/hunav_gazebo_wrapper//models/aws_robomaker_residential_DeskPortraitB_02/model.config
[0.149s] -- Up-to-date symlink: /home/ambroise/hunav_ws/install/hunav_gazebo_wrapper/share/hunav_gazebo_wrapper//models/aws_robomaker_residential_DeskPortraitB_02/model.sdf
[0.149s] -- Up-to-date symlink: /home/ambroise/hunav_ws/install/hunav_gazebo_wrapper/share/hunav_gazebo_wrapper//models/aws_robomaker_residential_DeskPortraitC_01/materials/textures/DeskPortraitC_01.jpg
[0.149s] -- Up-to-date symlink: /home/ambroise/hunav_ws/install/hunav_gazebo_wrapper/share/hunav_gazebo_wrapper//models/aws_robomaker_residential_DeskPortraitC_01/materials/textures/aws_DeskPortraitC_01.png
[0.149s] -- Up-to-date symlink: /home/ambroise/hunav_ws/install/hunav_gazebo_wrapper/share/hunav_gazebo_wrapper//models/aws_robomaker_residential_DeskPortraitC_01/materials/textures/aws_DeskPortraitC_02.png
[0.149s] -- Up-to-date symlink: /home/ambroise/hunav_ws/install/hunav_gazebo_wrapper/share/hunav_gazebo_wrapper//models/aws_robomaker_residential_DeskPortraitC_01/meshes/aws_DeskPortraitC_01_collision.DAE
[0.149s] -- Up-to-date symlink: /home/ambroise/hunav_ws/install/hunav_gazebo_wrapper/share/hunav_gazebo_wrapper//models/aws_robomaker_residential_DeskPortraitC_01/meshes/aws_DeskPortraitC_01_visual.DAE
[0.149s] -- Up-to-date symlink: /home/ambroise/hunav_ws/install/hunav_gazebo_wrapper/share/hunav_gazebo_wrapper//models/aws_robomaker_residential_DeskPortraitC_01/model.config
[0.149s] -- Up-to-date symlink: /home/ambroise/hunav_ws/install/hunav_gazebo_wrapper/share/hunav_gazebo_wrapper//models/aws_robomaker_residential_DeskPortraitC_01/model.sdf
[0.150s] -- Up-to-date symlink: /home/ambroise/hunav_ws/install/hunav_gazebo_wrapper/share/hunav_gazebo_wrapper//models/aws_robomaker_residential_DeskPortraitC_02/materials/textures/DeskPortraitC_02.jpg
[0.150s] -- Up-to-date symlink: /home/ambroise/hunav_ws/install/hunav_gazebo_wrapper/share/hunav_gazebo_wrapper//models/aws_robomaker_residential_DeskPortraitC_02/materials/textures/aws_DeskPortraitC_01.png
[0.150s] -- Up-to-date symlink: /home/ambroise/hunav_ws/install/hunav_gazebo_wrapper/share/hunav_gazebo_wrapper//models/aws_robomaker_residential_DeskPortraitC_02/materials/textures/aws_DeskPortraitC_02.png
[0.150s] -- Up-to-date symlink: /home/ambroise/hunav_ws/install/hunav_gazebo_wrapper/share/hunav_gazebo_wrapper//models/aws_robomaker_residential_DeskPortraitC_02/meshes/aws_DeskPortraitC_01_collision.DAE
[0.150s] -- Up-to-date symlink: /home/ambroise/hunav_ws/install/hunav_gazebo_wrapper/share/hunav_gazebo_wrapper//models/aws_robomaker_residential_DeskPortraitC_02/meshes/aws_DeskPortraitC_01_visual.DAE
[0.150s] -- Up-to-date symlink: /home/ambroise/hunav_ws/install/hunav_gazebo_wrapper/share/hunav_gazebo_wrapper//models/aws_robomaker_residential_DeskPortraitC_02/model.config
[0.150s] -- Up-to-date symlink: /home/ambroise/hunav_ws/install/hunav_gazebo_wrapper/share/hunav_gazebo_wrapper//models/aws_robomaker_residential_DeskPortraitC_02/model.sdf
[0.150s] -- Up-to-date symlink: /home/ambroise/hunav_ws/install/hunav_gazebo_wrapper/share/hunav_gazebo_wrapper//models/aws_robomaker_residential_DeskPortraitD_01/materials/textures/DeskPortraitD_01.jpg
[0.150s] -- Up-to-date symlink: /home/ambroise/hunav_ws/install/hunav_gazebo_wrapper/share/hunav_gazebo_wrapper//models/aws_robomaker_residential_DeskPortraitD_01/materials/textures/aws_DeskPortraitD_01.png
[0.151s] -- Up-to-date symlink: /home/ambroise/hunav_ws/install/hunav_gazebo_wrapper/share/hunav_gazebo_wrapper//models/aws_robomaker_residential_DeskPortraitD_01/materials/textures/aws_DeskPortraitD_02.png
[0.151s] -- Up-to-date symlink: /home/ambroise/hunav_ws/install/hunav_gazebo_wrapper/share/hunav_gazebo_wrapper//models/aws_robomaker_residential_DeskPortraitD_01/meshes/aws_DeskPortraitD_01_collision.DAE
[0.151s] -- Up-to-date symlink: /home/ambroise/hunav_ws/install/hunav_gazebo_wrapper/share/hunav_gazebo_wrapper//models/aws_robomaker_residential_DeskPortraitD_01/meshes/aws_DeskPortraitD_01_visual.DAE
[0.151s] -- Up-to-date symlink: /home/ambroise/hunav_ws/install/hunav_gazebo_wrapper/share/hunav_gazebo_wrapper//models/aws_robomaker_residential_DeskPortraitD_01/model.config
[0.151s] -- Up-to-date symlink: /home/ambroise/hunav_ws/install/hunav_gazebo_wrapper/share/hunav_gazebo_wrapper//models/aws_robomaker_residential_DeskPortraitD_01/model.sdf
[0.151s] -- Up-to-date symlink: /home/ambroise/hunav_ws/install/hunav_gazebo_wrapper/share/hunav_gazebo_wrapper//models/aws_robomaker_residential_DeskPortraitD_02/materials/textures/DeskPortraitD_02.jpg
[0.151s] -- Up-to-date symlink: /home/ambroise/hunav_ws/install/hunav_gazebo_wrapper/share/hunav_gazebo_wrapper//models/aws_robomaker_residential_DeskPortraitD_02/materials/textures/aws_DeskPortraitD_01.png
[0.151s] -- Up-to-date symlink: /home/ambroise/hunav_ws/install/hunav_gazebo_wrapper/share/hunav_gazebo_wrapper//models/aws_robomaker_residential_DeskPortraitD_02/materials/textures/aws_DeskPortraitD_02.png
[0.151s] -- Up-to-date symlink: /home/ambroise/hunav_ws/install/hunav_gazebo_wrapper/share/hunav_gazebo_wrapper//models/aws_robomaker_residential_DeskPortraitD_02/meshes/aws_DeskPortraitD_01_collision.DAE
[0.151s] -- Up-to-date symlink: /home/ambroise/hunav_ws/install/hunav_gazebo_wrapper/share/hunav_gazebo_wrapper//models/aws_robomaker_residential_DeskPortraitD_02/meshes/aws_DeskPortraitD_01_visual.DAE
[0.152s] -- Up-to-date symlink: /home/ambroise/hunav_ws/install/hunav_gazebo_wrapper/share/hunav_gazebo_wrapper//models/aws_robomaker_residential_DeskPortraitD_02/model.config
[0.152s] -- Up-to-date symlink: /home/ambroise/hunav_ws/install/hunav_gazebo_wrapper/share/hunav_gazebo_wrapper//models/aws_robomaker_residential_DeskPortraitD_02/model.sdf
[0.152s] -- Up-to-date symlink: /home/ambroise/hunav_ws/install/hunav_gazebo_wrapper/share/hunav_gazebo_wrapper//models/aws_robomaker_residential_DeskPortraitD_03/materials/textures/DeskPortraitD_03.jpg
[0.152s] -- Up-to-date symlink: /home/ambroise/hunav_ws/install/hunav_gazebo_wrapper/share/hunav_gazebo_wrapper//models/aws_robomaker_residential_DeskPortraitD_03/materials/textures/aws_DeskPortraitD_01.png
[0.152s] -- Up-to-date symlink: /home/ambroise/hunav_ws/install/hunav_gazebo_wrapper/share/hunav_gazebo_wrapper//models/aws_robomaker_residential_DeskPortraitD_03/materials/textures/aws_DeskPortraitD_02.png
[0.152s] -- Up-to-date symlink: /home/ambroise/hunav_ws/install/hunav_gazebo_wrapper/share/hunav_gazebo_wrapper//models/aws_robomaker_residential_DeskPortraitD_03/meshes/aws_DeskPortraitD_01_collision.DAE
[0.152s] -- Up-to-date symlink: /home/ambroise/hunav_ws/install/hunav_gazebo_wrapper/share/hunav_gazebo_wrapper//models/aws_robomaker_residential_DeskPortraitD_03/meshes/aws_DeskPortraitD_01_visual.DAE
[0.152s] -- Up-to-date symlink: /home/ambroise/hunav_ws/install/hunav_gazebo_wrapper/share/hunav_gazebo_wrapper//models/aws_robomaker_residential_DeskPortraitD_03/model.config
[0.152s] -- Up-to-date symlink: /home/ambroise/hunav_ws/install/hunav_gazebo_wrapper/share/hunav_gazebo_wrapper//models/aws_robomaker_residential_DeskPortraitD_03/model.sdf
[0.153s] -- Up-to-date symlink: /home/ambroise/hunav_ws/install/hunav_gazebo_wrapper/share/hunav_gazebo_wrapper//models/aws_robomaker_residential_DeskPortraitD_04/materials/textures/DeskPortraitD_04.jpg
[0.153s] -- Up-to-date symlink: /home/ambroise/hunav_ws/install/hunav_gazebo_wrapper/share/hunav_gazebo_wrapper//models/aws_robomaker_residential_DeskPortraitD_04/materials/textures/aws_DeskPortraitD_01.png
[0.153s] -- Up-to-date symlink: /home/ambroise/hunav_ws/install/hunav_gazebo_wrapper/share/hunav_gazebo_wrapper//models/aws_robomaker_residential_DeskPortraitD_04/materials/textures/aws_DeskPortraitD_02.png
[0.153s] -- Up-to-date symlink: /home/ambroise/hunav_ws/install/hunav_gazebo_wrapper/share/hunav_gazebo_wrapper//models/aws_robomaker_residential_DeskPortraitD_04/meshes/aws_DeskPortraitD_01_collision.DAE
[0.153s] -- Up-to-date symlink: /home/ambroise/hunav_ws/install/hunav_gazebo_wrapper/share/hunav_gazebo_wrapper//models/aws_robomaker_residential_DeskPortraitD_04/meshes/aws_DeskPortraitD_01_visual.DAE
[0.153s] -- Up-to-date symlink: /home/ambroise/hunav_ws/install/hunav_gazebo_wrapper/share/hunav_gazebo_wrapper//models/aws_robomaker_residential_DeskPortraitD_04/model.config
[0.153s] -- Up-to-date symlink: /home/ambroise/hunav_ws/install/hunav_gazebo_wrapper/share/hunav_gazebo_wrapper//models/aws_robomaker_residential_DeskPortraitD_04/model.sdf
[0.153s] -- Up-to-date symlink: /home/ambroise/hunav_ws/install/hunav_gazebo_wrapper/share/hunav_gazebo_wrapper//models/aws_robomaker_residential_Door_01/materials/textures/aws_Door_01.png
[0.153s] -- Up-to-date symlink: /home/ambroise/hunav_ws/install/hunav_gazebo_wrapper/share/hunav_gazebo_wrapper//models/aws_robomaker_residential_Door_01/meshes/aws_Door_01_collision.DAE
[0.153s] -- Up-to-date symlink: /home/ambroise/hunav_ws/install/hunav_gazebo_wrapper/share/hunav_gazebo_wrapper//models/aws_robomaker_residential_Door_01/meshes/aws_Door_01_visual.DAE
[0.154s] -- Up-to-date symlink: /home/ambroise/hunav_ws/install/hunav_gazebo_wrapper/share/hunav_gazebo_wrapper//models/aws_robomaker_residential_Door_01/model.config
[0.154s] -- Up-to-date symlink: /home/ambroise/hunav_ws/install/hunav_gazebo_wrapper/share/hunav_gazebo_wrapper//models/aws_robomaker_residential_Door_01/model.sdf
[0.154s] -- Up-to-date symlink: /home/ambroise/hunav_ws/install/hunav_gazebo_wrapper/share/hunav_gazebo_wrapper//models/aws_robomaker_residential_Dumbbell_01/materials/textures/aws_Dumbbell_01.png
[0.154s] -- Up-to-date symlink: /home/ambroise/hunav_ws/install/hunav_gazebo_wrapper/share/hunav_gazebo_wrapper//models/aws_robomaker_residential_Dumbbell_01/meshes/aws_Dumbbell_01_collision.DAE
[0.154s] -- Up-to-date symlink: /home/ambroise/hunav_ws/install/hunav_gazebo_wrapper/share/hunav_gazebo_wrapper//models/aws_robomaker_residential_Dumbbell_01/meshes/aws_Dumbbell_01_visual.DAE
[0.154s] -- Up-to-date symlink: /home/ambroise/hunav_ws/install/hunav_gazebo_wrapper/share/hunav_gazebo_wrapper//models/aws_robomaker_residential_Dumbbell_01/model.config
[0.154s] -- Up-to-date symlink: /home/ambroise/hunav_ws/install/hunav_gazebo_wrapper/share/hunav_gazebo_wrapper//models/aws_robomaker_residential_Dumbbell_01/model.sdf
[0.154s] -- Up-to-date symlink: /home/ambroise/hunav_ws/install/hunav_gazebo_wrapper/share/hunav_gazebo_wrapper//models/aws_robomaker_residential_FitnessEquipment_01/materials/textures/aws_FitnessEquipment_01.png
[0.154s] -- Up-to-date symlink: /home/ambroise/hunav_ws/install/hunav_gazebo_wrapper/share/hunav_gazebo_wrapper//models/aws_robomaker_residential_FitnessEquipment_01/meshes/aws_FitnessEquipment_01_collision.DAE
[0.155s] -- Up-to-date symlink: /home/ambroise/hunav_ws/install/hunav_gazebo_wrapper/share/hunav_gazebo_wrapper//models/aws_robomaker_residential_FitnessEquipment_01/meshes/aws_FitnessEquipment_01_visual.DAE
[0.155s] -- Up-to-date symlink: /home/ambroise/hunav_ws/install/hunav_gazebo_wrapper/share/hunav_gazebo_wrapper//models/aws_robomaker_residential_FitnessEquipment_01/model.config
[0.155s] -- Up-to-date symlink: /home/ambroise/hunav_ws/install/hunav_gazebo_wrapper/share/hunav_gazebo_wrapper//models/aws_robomaker_residential_FitnessEquipment_01/model.sdf
[0.155s] -- Up-to-date symlink: /home/ambroise/hunav_ws/install/hunav_gazebo_wrapper/share/hunav_gazebo_wrapper//models/aws_robomaker_residential_FloorB_01/materials/textures/aws_FloorB_01.png
[0.155s] -- Up-to-date symlink: /home/ambroise/hunav_ws/install/hunav_gazebo_wrapper/share/hunav_gazebo_wrapper//models/aws_robomaker_residential_FloorB_01/meshes/aws_FloorB_01_collision.DAE
[0.155s] -- Up-to-date symlink: /home/ambroise/hunav_ws/install/hunav_gazebo_wrapper/share/hunav_gazebo_wrapper//models/aws_robomaker_residential_FloorB_01/meshes/aws_FloorB_01_visual.DAE
[0.155s] -- Up-to-date symlink: /home/ambroise/hunav_ws/install/hunav_gazebo_wrapper/share/hunav_gazebo_wrapper//models/aws_robomaker_residential_FloorB_01/model.config
[0.155s] -- Up-to-date symlink: /home/ambroise/hunav_ws/install/hunav_gazebo_wrapper/share/hunav_gazebo_wrapper//models/aws_robomaker_residential_FloorB_01/model.sdf
[0.155s] -- Up-to-date symlink: /home/ambroise/hunav_ws/install/hunav_gazebo_wrapper/share/hunav_gazebo_wrapper//models/aws_robomaker_residential_FoldingDoor_01/materials/textures/aws_FoldingDoor_01.png
[0.155s] -- Up-to-date symlink: /home/ambroise/hunav_ws/install/hunav_gazebo_wrapper/share/hunav_gazebo_wrapper//models/aws_robomaker_residential_FoldingDoor_01/meshes/aws_FoldingDoor_01_collision.DAE
[0.156s] -- Up-to-date symlink: /home/ambroise/hunav_ws/install/hunav_gazebo_wrapper/share/hunav_gazebo_wrapper//models/aws_robomaker_residential_FoldingDoor_01/meshes/aws_FoldingDoor_01_visual.DAE
[0.156s] -- Up-to-date symlink: /home/ambroise/hunav_ws/install/hunav_gazebo_wrapper/share/hunav_gazebo_wrapper//models/aws_robomaker_residential_FoldingDoor_01/model.config
[0.156s] -- Up-to-date symlink: /home/ambroise/hunav_ws/install/hunav_gazebo_wrapper/share/hunav_gazebo_wrapper//models/aws_robomaker_residential_FoldingDoor_01/model.sdf
[0.156s] -- Up-to-date symlink: /home/ambroise/hunav_ws/install/hunav_gazebo_wrapper/share/hunav_gazebo_wrapper//models/aws_robomaker_residential_FoldingDoor_02/materials/textures/aws_FoldingDoor_02.png
[0.156s] -- Up-to-date symlink: /home/ambroise/hunav_ws/install/hunav_gazebo_wrapper/share/hunav_gazebo_wrapper//models/aws_robomaker_residential_FoldingDoor_02/meshes/aws_FoldingDoor_02_collision.DAE
[0.156s] -- Up-to-date symlink: /home/ambroise/hunav_ws/install/hunav_gazebo_wrapper/share/hunav_gazebo_wrapper//models/aws_robomaker_residential_FoldingDoor_02/meshes/aws_FoldingDoor_02_visual.DAE
[0.156s] -- Up-to-date symlink: /home/ambroise/hunav_ws/install/hunav_gazebo_wrapper/share/hunav_gazebo_wrapper//models/aws_robomaker_residential_FoldingDoor_02/model.config
[0.156s] -- Up-to-date symlink: /home/ambroise/hunav_ws/install/hunav_gazebo_wrapper/share/hunav_gazebo_wrapper//models/aws_robomaker_residential_FoldingDoor_02/model.sdf
[0.156s] -- Up-to-date symlink: /home/ambroise/hunav_ws/install/hunav_gazebo_wrapper/share/hunav_gazebo_wrapper//models/aws_robomaker_residential_Handle_01/materials/textures/aws_Handle_01.png
[0.157s] -- Up-to-date symlink: /home/ambroise/hunav_ws/install/hunav_gazebo_wrapper/share/hunav_gazebo_wrapper//models/aws_robomaker_residential_Handle_01/meshes/aws_Handle_01_collision.DAE
[0.157s] -- Up-to-date symlink: /home/ambroise/hunav_ws/install/hunav_gazebo_wrapper/share/hunav_gazebo_wrapper//models/aws_robomaker_residential_Handle_01/meshes/aws_Handle_01_visual.DAE
[0.157s] -- Up-to-date symlink: /home/ambroise/hunav_ws/install/hunav_gazebo_wrapper/share/hunav_gazebo_wrapper//models/aws_robomaker_residential_Handle_01/model.config
[0.157s] -- Up-to-date symlink: /home/ambroise/hunav_ws/install/hunav_gazebo_wrapper/share/hunav_gazebo_wrapper//models/aws_robomaker_residential_Handle_01/model.sdf
[0.157s] -- Up-to-date symlink: /home/ambroise/hunav_ws/install/hunav_gazebo_wrapper/share/hunav_gazebo_wrapper//models/aws_robomaker_residential_HouseWallB_01/materials/textures/aws_HouseWallB_01.png
[0.157s] -- Up-to-date symlink: /home/ambroise/hunav_ws/install/hunav_gazebo_wrapper/share/hunav_gazebo_wrapper//models/aws_robomaker_residential_HouseWallB_01/meshes/aws_HouseWallB_01_collision.DAE
[0.157s] -- Up-to-date symlink: /home/ambroise/hunav_ws/install/hunav_gazebo_wrapper/share/hunav_gazebo_wrapper//models/aws_robomaker_residential_HouseWallB_01/meshes/aws_HouseWallB_01_visual.DAE
[0.157s] -- Up-to-date symlink: /home/ambroise/hunav_ws/install/hunav_gazebo_wrapper/share/hunav_gazebo_wrapper//models/aws_robomaker_residential_HouseWallB_01/model.config
[0.157s] -- Up-to-date symlink: /home/ambroise/hunav_ws/install/hunav_gazebo_wrapper/share/hunav_gazebo_wrapper//models/aws_robomaker_residential_HouseWallB_01/model.sdf
[0.158s] -- Up-to-date symlink: /home/ambroise/hunav_ws/install/hunav_gazebo_wrapper/share/hunav_gazebo_wrapper//models/aws_robomaker_residential_KitchenCabinet_01/materials/textures/aws_KitchenCabinet_01.png
[0.158s] -- Up-to-date symlink: /home/ambroise/hunav_ws/install/hunav_gazebo_wrapper/share/hunav_gazebo_wrapper//models/aws_robomaker_residential_KitchenCabinet_01/meshes/aws_KitchenCabinet_01_collision.DAE
[0.158s] -- Up-to-date symlink: /home/ambroise/hunav_ws/install/hunav_gazebo_wrapper/share/hunav_gazebo_wrapper//models/aws_robomaker_residential_KitchenCabinet_01/meshes/aws_KitchenCabinet_01_visual.DAE
[0.158s] -- Up-to-date symlink: /home/ambroise/hunav_ws/install/hunav_gazebo_wrapper/share/hunav_gazebo_wrapper//models/aws_robomaker_residential_KitchenCabinet_01/model.config
[0.158s] -- Up-to-date symlink: /home/ambroise/hunav_ws/install/hunav_gazebo_wrapper/share/hunav_gazebo_wrapper//models/aws_robomaker_residential_KitchenCabinet_01/model.sdf
[0.158s] -- Up-to-date symlink: /home/ambroise/hunav_ws/install/hunav_gazebo_wrapper/share/hunav_gazebo_wrapper//models/aws_robomaker_residential_KitchenTable_01/materials/textures/aws_KitchenTable_01.png
[0.158s] -- Up-to-date symlink: /home/ambroise/hunav_ws/install/hunav_gazebo_wrapper/share/hunav_gazebo_wrapper//models/aws_robomaker_residential_KitchenTable_01/meshes/aws_KitchenTable_01_collision.DAE
[0.158s] -- Up-to-date symlink: /home/ambroise/hunav_ws/install/hunav_gazebo_wrapper/share/hunav_gazebo_wrapper//models/aws_robomaker_residential_KitchenTable_01/meshes/aws_KitchenTable_01_visual.DAE
[0.158s] -- Up-to-date symlink: /home/ambroise/hunav_ws/install/hunav_gazebo_wrapper/share/hunav_gazebo_wrapper//models/aws_robomaker_residential_KitchenTable_01/model.config
[0.158s] -- Up-to-date symlink: /home/ambroise/hunav_ws/install/hunav_gazebo_wrapper/share/hunav_gazebo_wrapper//models/aws_robomaker_residential_KitchenTable_01/model.sdf
[0.159s] -- Up-to-date symlink: /home/ambroise/hunav_ws/install/hunav_gazebo_wrapper/share/hunav_gazebo_wrapper//models/aws_robomaker_residential_KitchenUtensils_01/materials/textures/aws_KitchenUtensils_01.png
[0.159s] -- Up-to-date symlink: /home/ambroise/hunav_ws/install/hunav_gazebo_wrapper/share/hunav_gazebo_wrapper//models/aws_robomaker_residential_KitchenUtensils_01/meshes/aws_KitchenUtensils_01_collision.DAE
[0.159s] -- Up-to-date symlink: /home/ambroise/hunav_ws/install/hunav_gazebo_wrapper/share/hunav_gazebo_wrapper//models/aws_robomaker_residential_KitchenUtensils_01/meshes/aws_KitchenUtensils_01_visual.DAE
[0.159s] -- Up-to-date symlink: /home/ambroise/hunav_ws/install/hunav_gazebo_wrapper/share/hunav_gazebo_wrapper//models/aws_robomaker_residential_KitchenUtensils_01/model.config
[0.159s] -- Up-to-date symlink: /home/ambroise/hunav_ws/install/hunav_gazebo_wrapper/share/hunav_gazebo_wrapper//models/aws_robomaker_residential_KitchenUtensils_01/model.sdf
[0.159s] -- Up-to-date symlink: /home/ambroise/hunav_ws/install/hunav_gazebo_wrapper/share/hunav_gazebo_wrapper//models/aws_robomaker_residential_LightC_01/materials/textures/aws_LightC_01.png
[0.159s] -- Up-to-date symlink: /home/ambroise/hunav_ws/install/hunav_gazebo_wrapper/share/hunav_gazebo_wrapper//models/aws_robomaker_residential_LightC_01/meshes/aws_LightC_01_collision.DAE
[0.159s] -- Up-to-date symlink: /home/ambroise/hunav_ws/install/hunav_gazebo_wrapper/share/hunav_gazebo_wrapper//models/aws_robomaker_residential_LightC_01/meshes/aws_LightC_01_visual.DAE
[0.159s] -- Up-to-date symlink: /home/ambroise/hunav_ws/install/hunav_gazebo_wrapper/share/hunav_gazebo_wrapper//models/aws_robomaker_residential_LightC_01/model.config
[0.159s] -- Up-to-date symlink: /home/ambroise/hunav_ws/install/hunav_gazebo_wrapper/share/hunav_gazebo_wrapper//models/aws_robomaker_residential_LightC_01/model.sdf
[0.160s] -- Up-to-date symlink: /home/ambroise/hunav_ws/install/hunav_gazebo_wrapper/share/hunav_gazebo_wrapper//models/aws_robomaker_residential_NightStand_01/materials/textures/aws_NightStand_01.png
[0.160s] -- Up-to-date symlink: /home/ambroise/hunav_ws/install/hunav_gazebo_wrapper/share/hunav_gazebo_wrapper//models/aws_robomaker_residential_NightStand_01/meshes/aws_NightStand_01_collision.DAE
[0.160s] -- Up-to-date symlink: /home/ambroise/hunav_ws/install/hunav_gazebo_wrapper/share/hunav_gazebo_wrapper//models/aws_robomaker_residential_NightStand_01/meshes/aws_NightStand_01_visual.DAE
[0.160s] -- Up-to-date symlink: /home/ambroise/hunav_ws/install/hunav_gazebo_wrapper/share/hunav_gazebo_wrapper//models/aws_robomaker_residential_NightStand_01/model.config
[0.160s] -- Up-to-date symlink: /home/ambroise/hunav_ws/install/hunav_gazebo_wrapper/share/hunav_gazebo_wrapper//models/aws_robomaker_residential_NightStand_01/model.sdf
[0.160s] -- Up-to-date symlink: /home/ambroise/hunav_ws/install/hunav_gazebo_wrapper/share/hunav_gazebo_wrapper//models/aws_robomaker_residential_Pillow_01/materials/textures/aws_Pillow_01.png
[0.160s] -- Up-to-date symlink: /home/ambroise/hunav_ws/install/hunav_gazebo_wrapper/share/hunav_gazebo_wrapper//models/aws_robomaker_residential_Pillow_01/meshes/aws_Pillow_01_collision.DAE
[0.160s] -- Up-to-date symlink: /home/ambroise/hunav_ws/install/hunav_gazebo_wrapper/share/hunav_gazebo_wrapper//models/aws_robomaker_residential_Pillow_01/meshes/aws_Pillow_01_visual.DAE
[0.160s] -- Up-to-date symlink: /home/ambroise/hunav_ws/install/hunav_gazebo_wrapper/share/hunav_gazebo_wrapper//models/aws_robomaker_residential_Pillow_01/model.config
[0.160s] -- Up-to-date symlink: /home/ambroise/hunav_ws/install/hunav_gazebo_wrapper/share/hunav_gazebo_wrapper//models/aws_robomaker_residential_Pillow_01/model.sdf
[0.161s] -- Up-to-date symlink: /home/ambroise/hunav_ws/install/hunav_gazebo_wrapper/share/hunav_gazebo_wrapper//models/aws_robomaker_residential_PortraitA_01/materials/textures/PortraitA_01.jpg
[0.161s] -- Up-to-date symlink: /home/ambroise/hunav_ws/install/hunav_gazebo_wrapper/share/hunav_gazebo_wrapper//models/aws_robomaker_residential_PortraitA_01/materials/textures/aws_PortraitA_01.png
[0.161s] -- Up-to-date symlink: /home/ambroise/hunav_ws/install/hunav_gazebo_wrapper/share/hunav_gazebo_wrapper//models/aws_robomaker_residential_PortraitA_01/materials/textures/aws_PortraitA_02.png
[0.161s] -- Up-to-date symlink: /home/ambroise/hunav_ws/install/hunav_gazebo_wrapper/share/hunav_gazebo_wrapper//models/aws_robomaker_residential_PortraitA_01/meshes/aws_PortraitA_01_collision.DAE
[0.161s] -- Up-to-date symlink: /home/ambroise/hunav_ws/install/hunav_gazebo_wrapper/share/hunav_gazebo_wrapper//models/aws_robomaker_residential_PortraitA_01/meshes/aws_PortraitA_01_visual.DAE
[0.161s] -- Up-to-date symlink: /home/ambroise/hunav_ws/install/hunav_gazebo_wrapper/share/hunav_gazebo_wrapper//models/aws_robomaker_residential_PortraitA_01/model.config
[0.161s] -- Up-to-date symlink: /home/ambroise/hunav_ws/install/hunav_gazebo_wrapper/share/hunav_gazebo_wrapper//models/aws_robomaker_residential_PortraitA_01/model.sdf
[0.161s] -- Up-to-date symlink: /home/ambroise/hunav_ws/install/hunav_gazebo_wrapper/share/hunav_gazebo_wrapper//models/aws_robomaker_residential_PortraitA_02/materials/textures/PortraitA_02.jpg
[0.161s] -- Up-to-date symlink: /home/ambroise/hunav_ws/install/hunav_gazebo_wrapper/share/hunav_gazebo_wrapper//models/aws_robomaker_residential_PortraitA_02/materials/textures/aws_PortraitA_01.png
[0.162s] -- Up-to-date symlink: /home/ambroise/hunav_ws/install/hunav_gazebo_wrapper/share/hunav_gazebo_wrapper//models/aws_robomaker_residential_PortraitA_02/materials/textures/aws_PortraitA_02.png
[0.162s] -- Up-to-date symlink: /home/ambroise/hunav_ws/install/hunav_gazebo_wrapper/share/hunav_gazebo_wrapper//models/aws_robomaker_residential_PortraitA_02/meshes/aws_PortraitA_01_collision.DAE
[0.162s] -- Up-to-date symlink: /home/ambroise/hunav_ws/install/hunav_gazebo_wrapper/share/hunav_gazebo_wrapper//models/aws_robomaker_residential_PortraitA_02/meshes/aws_PortraitA_01_visual.DAE
[0.162s] -- Up-to-date symlink: /home/ambroise/hunav_ws/install/hunav_gazebo_wrapper/share/hunav_gazebo_wrapper//models/aws_robomaker_residential_PortraitA_02/model.config
[0.162s] -- Up-to-date symlink: /home/ambroise/hunav_ws/install/hunav_gazebo_wrapper/share/hunav_gazebo_wrapper//models/aws_robomaker_residential_PortraitA_02/model.sdf
[0.162s] -- Up-to-date symlink: /home/ambroise/hunav_ws/install/hunav_gazebo_wrapper/share/hunav_gazebo_wrapper//models/aws_robomaker_residential_PortraitB_01/materials/textures/PortraitB_01.jpg
[0.162s] -- Up-to-date symlink: /home/ambroise/hunav_ws/install/hunav_gazebo_wrapper/share/hunav_gazebo_wrapper//models/aws_robomaker_residential_PortraitB_01/materials/textures/aws_PortraitB_01.png
[0.162s] -- Up-to-date symlink: /home/ambroise/hunav_ws/install/hunav_gazebo_wrapper/share/hunav_gazebo_wrapper//models/aws_robomaker_residential_PortraitB_01/materials/textures/aws_PortraitB_02.png
[0.162s] -- Up-to-date symlink: /home/ambroise/hunav_ws/install/hunav_gazebo_wrapper/share/hunav_gazebo_wrapper//models/aws_robomaker_residential_PortraitB_01/meshes/aws_PortraitB_01_collision.DAE
[0.163s] -- Up-to-date symlink: /home/ambroise/hunav_ws/install/hunav_gazebo_wrapper/share/hunav_gazebo_wrapper//models/aws_robomaker_residential_PortraitB_01/meshes/aws_PortraitB_01_visual.DAE
[0.163s] -- Up-to-date symlink: /home/ambroise/hunav_ws/install/hunav_gazebo_wrapper/share/hunav_gazebo_wrapper//models/aws_robomaker_residential_PortraitB_01/model.config
[0.163s] -- Up-to-date symlink: /home/ambroise/hunav_ws/install/hunav_gazebo_wrapper/share/hunav_gazebo_wrapper//models/aws_robomaker_residential_PortraitB_01/model.sdf
[0.163s] -- Up-to-date symlink: /home/ambroise/hunav_ws/install/hunav_gazebo_wrapper/share/hunav_gazebo_wrapper//models/aws_robomaker_residential_PortraitB_02/materials/textures/PortraitB_02.jpg
[0.163s] -- Up-to-date symlink: /home/ambroise/hunav_ws/install/hunav_gazebo_wrapper/share/hunav_gazebo_wrapper//models/aws_robomaker_residential_PortraitB_02/materials/textures/aws_PortraitB_01.png
[0.163s] -- Up-to-date symlink: /home/ambroise/hunav_ws/install/hunav_gazebo_wrapper/share/hunav_gazebo_wrapper//models/aws_robomaker_residential_PortraitB_02/materials/textures/aws_PortraitB_02.png
[0.163s] -- Up-to-date symlink: /home/ambroise/hunav_ws/install/hunav_gazebo_wrapper/share/hunav_gazebo_wrapper//models/aws_robomaker_residential_PortraitB_02/meshes/aws_PortraitB_01_collision.DAE
[0.163s] -- Up-to-date symlink: /home/ambroise/hunav_ws/install/hunav_gazebo_wrapper/share/hunav_gazebo_wrapper//models/aws_robomaker_residential_PortraitB_02/meshes/aws_PortraitB_01_visual.DAE
[0.163s] -- Up-to-date symlink: /home/ambroise/hunav_ws/install/hunav_gazebo_wrapper/share/hunav_gazebo_wrapper//models/aws_robomaker_residential_PortraitB_02/model.config
[0.163s] -- Up-to-date symlink: /home/ambroise/hunav_ws/install/hunav_gazebo_wrapper/share/hunav_gazebo_wrapper//models/aws_robomaker_residential_PortraitB_02/model.sdf
[0.164s] -- Up-to-date symlink: /home/ambroise/hunav_ws/install/hunav_gazebo_wrapper/share/hunav_gazebo_wrapper//models/aws_robomaker_residential_PortraitB_03/materials/textures/PortraitB_03.jpg
[0.164s] -- Up-to-date symlink: /home/ambroise/hunav_ws/install/hunav_gazebo_wrapper/share/hunav_gazebo_wrapper//models/aws_robomaker_residential_PortraitB_03/materials/textures/aws_PortraitB_01.png
[0.164s] -- Up-to-date symlink: /home/ambroise/hunav_ws/install/hunav_gazebo_wrapper/share/hunav_gazebo_wrapper//models/aws_robomaker_residential_PortraitB_03/materials/textures/aws_PortraitB_02.png
[0.164s] -- Up-to-date symlink: /home/ambroise/hunav_ws/install/hunav_gazebo_wrapper/share/hunav_gazebo_wrapper//models/aws_robomaker_residential_PortraitB_03/meshes/aws_PortraitB_01_collision.DAE
[0.164s] -- Up-to-date symlink: /home/ambroise/hunav_ws/install/hunav_gazebo_wrapper/share/hunav_gazebo_wrapper//models/aws_robomaker_residential_PortraitB_03/meshes/aws_PortraitB_01_visual.DAE
[0.164s] -- Up-to-date symlink: /home/ambroise/hunav_ws/install/hunav_gazebo_wrapper/share/hunav_gazebo_wrapper//models/aws_robomaker_residential_PortraitB_03/model.config
[0.164s] -- Up-to-date symlink: /home/ambroise/hunav_ws/install/hunav_gazebo_wrapper/share/hunav_gazebo_wrapper//models/aws_robomaker_residential_PortraitB_03/model.sdf
[0.164s] -- Up-to-date symlink: /home/ambroise/hunav_ws/install/hunav_gazebo_wrapper/share/hunav_gazebo_wrapper//models/aws_robomaker_residential_PortraitC_01/materials/textures/PortraitC_01.jpg
[0.164s] -- Up-to-date symlink: /home/ambroise/hunav_ws/install/hunav_gazebo_wrapper/share/hunav_gazebo_wrapper//models/aws_robomaker_residential_PortraitC_01/materials/textures/aws_PortraitC_01.png
[0.165s] -- Up-to-date symlink: /home/ambroise/hunav_ws/install/hunav_gazebo_wrapper/share/hunav_gazebo_wrapper//models/aws_robomaker_residential_PortraitC_01/materials/textures/aws_PortraitC_02.png
[0.165s] -- Up-to-date symlink: /home/ambroise/hunav_ws/install/hunav_gazebo_wrapper/share/hunav_gazebo_wrapper//models/aws_robomaker_residential_PortraitC_01/meshes/aws_PortraitC_01_collision.DAE
[0.165s] -- Up-to-date symlink: /home/ambroise/hunav_ws/install/hunav_gazebo_wrapper/share/hunav_gazebo_wrapper//models/aws_robomaker_residential_PortraitC_01/meshes/aws_PortraitC_01_visual.DAE
[0.165s] -- Up-to-date symlink: /home/ambroise/hunav_ws/install/hunav_gazebo_wrapper/share/hunav_gazebo_wrapper//models/aws_robomaker_residential_PortraitC_01/model.config
[0.165s] -- Up-to-date symlink: /home/ambroise/hunav_ws/install/hunav_gazebo_wrapper/share/hunav_gazebo_wrapper//models/aws_robomaker_residential_PortraitC_01/model.sdf
[0.165s] -- Up-to-date symlink: /home/ambroise/hunav_ws/install/hunav_gazebo_wrapper/share/hunav_gazebo_wrapper//models/aws_robomaker_residential_PortraitD_01/materials/textures/PortraitD_01.jpg
[0.165s] -- Up-to-date symlink: /home/ambroise/hunav_ws/install/hunav_gazebo_wrapper/share/hunav_gazebo_wrapper//models/aws_robomaker_residential_PortraitD_01/materials/textures/aws_PortraitD_01.png
[0.165s] -- Up-to-date symlink: /home/ambroise/hunav_ws/install/hunav_gazebo_wrapper/share/hunav_gazebo_wrapper//models/aws_robomaker_residential_PortraitD_01/materials/textures/aws_PortraitD_02.png
[0.165s] -- Up-to-date symlink: /home/ambroise/hunav_ws/install/hunav_gazebo_wrapper/share/hunav_gazebo_wrapper//models/aws_robomaker_residential_PortraitD_01/meshes/aws_PortraitD_01_collision.DAE
[0.165s] -- Up-to-date symlink: /home/ambroise/hunav_ws/install/hunav_gazebo_wrapper/share/hunav_gazebo_wrapper//models/aws_robomaker_residential_PortraitD_01/meshes/aws_PortraitD_01_visual.DAE
[0.166s] -- Up-to-date symlink: /home/ambroise/hunav_ws/install/hunav_gazebo_wrapper/share/hunav_gazebo_wrapper//models/aws_robomaker_residential_PortraitD_01/model.config
[0.166s] -- Up-to-date symlink: /home/ambroise/hunav_ws/install/hunav_gazebo_wrapper/share/hunav_gazebo_wrapper//models/aws_robomaker_residential_PortraitD_01/model.sdf
[0.166s] -- Up-to-date symlink: /home/ambroise/hunav_ws/install/hunav_gazebo_wrapper/share/hunav_gazebo_wrapper//models/aws_robomaker_residential_PortraitD_02/materials/textures/PortraitD_02.jpg
[0.166s] -- Up-to-date symlink: /home/ambroise/hunav_ws/install/hunav_gazebo_wrapper/share/hunav_gazebo_wrapper//models/aws_robomaker_residential_PortraitD_02/materials/textures/aws_PortraitD_01.png
[0.166s] -- Up-to-date symlink: /home/ambroise/hunav_ws/install/hunav_gazebo_wrapper/share/hunav_gazebo_wrapper//models/aws_robomaker_residential_PortraitD_02/materials/textures/aws_PortraitD_02.png
[0.166s] -- Up-to-date symlink: /home/ambroise/hunav_ws/install/hunav_gazebo_wrapper/share/hunav_gazebo_wrapper//models/aws_robomaker_residential_PortraitD_02/meshes/aws_PortraitD_01_collision.DAE
[0.166s] -- Up-to-date symlink: /home/ambroise/hunav_ws/install/hunav_gazebo_wrapper/share/hunav_gazebo_wrapper//models/aws_robomaker_residential_PortraitD_02/meshes/aws_PortraitD_01_visual.DAE
[0.166s] -- Up-to-date symlink: /home/ambroise/hunav_ws/install/hunav_gazebo_wrapper/share/hunav_gazebo_wrapper//models/aws_robomaker_residential_PortraitD_02/model.config
[0.166s] -- Up-to-date symlink: /home/ambroise/hunav_ws/install/hunav_gazebo_wrapper/share/hunav_gazebo_wrapper//models/aws_robomaker_residential_PortraitD_02/model.sdf
[0.166s] -- Up-to-date symlink: /home/ambroise/hunav_ws/install/hunav_gazebo_wrapper/share/hunav_gazebo_wrapper//models/aws_robomaker_residential_PortraitE_01/materials/textures/PortraitE_01.jpg
[0.167s] -- Up-to-date symlink: /home/ambroise/hunav_ws/install/hunav_gazebo_wrapper/share/hunav_gazebo_wrapper//models/aws_robomaker_residential_PortraitE_01/materials/textures/aws_PortraitE_01.png
[0.167s] -- Up-to-date symlink: /home/ambroise/hunav_ws/install/hunav_gazebo_wrapper/share/hunav_gazebo_wrapper//models/aws_robomaker_residential_PortraitE_01/materials/textures/aws_PortraitE_02.png
[0.167s] -- Up-to-date symlink: /home/ambroise/hunav_ws/install/hunav_gazebo_wrapper/share/hunav_gazebo_wrapper//models/aws_robomaker_residential_PortraitE_01/meshes/aws_PortraitE_01_collision.DAE
[0.167s] -- Up-to-date symlink: /home/ambroise/hunav_ws/install/hunav_gazebo_wrapper/share/hunav_gazebo_wrapper//models/aws_robomaker_residential_PortraitE_01/meshes/aws_PortraitE_01_visual.DAE
[0.167s] -- Up-to-date symlink: /home/ambroise/hunav_ws/install/hunav_gazebo_wrapper/share/hunav_gazebo_wrapper//models/aws_robomaker_residential_PortraitE_01/model.config
[0.167s] -- Up-to-date symlink: /home/ambroise/hunav_ws/install/hunav_gazebo_wrapper/share/hunav_gazebo_wrapper//models/aws_robomaker_residential_PortraitE_01/model.sdf
[0.167s] -- Up-to-date symlink: /home/ambroise/hunav_ws/install/hunav_gazebo_wrapper/share/hunav_gazebo_wrapper//models/aws_robomaker_residential_PortraitE_02/materials/textures/PortraitE_02.jpg
[0.167s] -- Up-to-date symlink: /home/ambroise/hunav_ws/install/hunav_gazebo_wrapper/share/hunav_gazebo_wrapper//models/aws_robomaker_residential_PortraitE_02/materials/textures/aws_PortraitE_01.png
[0.167s] -- Up-to-date symlink: /home/ambroise/hunav_ws/install/hunav_gazebo_wrapper/share/hunav_gazebo_wrapper//models/aws_robomaker_residential_PortraitE_02/materials/textures/aws_PortraitE_02.png
[0.168s] -- Up-to-date symlink: /home/ambroise/hunav_ws/install/hunav_gazebo_wrapper/share/hunav_gazebo_wrapper//models/aws_robomaker_residential_PortraitE_02/meshes/aws_PortraitE_01_collision.DAE
[0.168s] -- Up-to-date symlink: /home/ambroise/hunav_ws/install/hunav_gazebo_wrapper/share/hunav_gazebo_wrapper//models/aws_robomaker_residential_PortraitE_02/meshes/aws_PortraitE_01_visual.DAE
[0.168s] -- Up-to-date symlink: /home/ambroise/hunav_ws/install/hunav_gazebo_wrapper/share/hunav_gazebo_wrapper//models/aws_robomaker_residential_PortraitE_02/model.config
[0.168s] -- Up-to-date symlink: /home/ambroise/hunav_ws/install/hunav_gazebo_wrapper/share/hunav_gazebo_wrapper//models/aws_robomaker_residential_PortraitE_02/model.sdf
[0.168s] -- Up-to-date symlink: /home/ambroise/hunav_ws/install/hunav_gazebo_wrapper/share/hunav_gazebo_wrapper//models/aws_robomaker_residential_Quilt_01/materials/textures/aws_Quilt_01.png
[0.168s] -- Up-to-date symlink: /home/ambroise/hunav_ws/install/hunav_gazebo_wrapper/share/hunav_gazebo_wrapper//models/aws_robomaker_residential_Quilt_01/meshes/aws_Quilt_01_collision.DAE
[0.168s] -- Up-to-date symlink: /home/ambroise/hunav_ws/install/hunav_gazebo_wrapper/share/hunav_gazebo_wrapper//models/aws_robomaker_residential_Quilt_01/meshes/aws_Quilt_01_visual.DAE
[0.168s] -- Up-to-date symlink: /home/ambroise/hunav_ws/install/hunav_gazebo_wrapper/share/hunav_gazebo_wrapper//models/aws_robomaker_residential_Quilt_01/model.config
[0.168s] -- Up-to-date symlink: /home/ambroise/hunav_ws/install/hunav_gazebo_wrapper/share/hunav_gazebo_wrapper//models/aws_robomaker_residential_Quilt_01/model.sdf
[0.168s] -- Up-to-date symlink: /home/ambroise/hunav_ws/install/hunav_gazebo_wrapper/share/hunav_gazebo_wrapper//models/aws_robomaker_residential_Rangehood_01/materials/textures/aws_Rangehood_01.png
[0.169s] -- Up-to-date symlink: /home/ambroise/hunav_ws/install/hunav_gazebo_wrapper/share/hunav_gazebo_wrapper//models/aws_robomaker_residential_Rangehood_01/meshes/aws_Rangehood_01_collision.DAE
[0.169s] -- Up-to-date symlink: /home/ambroise/hunav_ws/install/hunav_gazebo_wrapper/share/hunav_gazebo_wrapper//models/aws_robomaker_residential_Rangehood_01/meshes/aws_Rangehood_01_visual.DAE
[0.169s] -- Up-to-date symlink: /home/ambroise/hunav_ws/install/hunav_gazebo_wrapper/share/hunav_gazebo_wrapper//models/aws_robomaker_residential_Rangehood_01/model.config
[0.169s] -- Up-to-date symlink: /home/ambroise/hunav_ws/install/hunav_gazebo_wrapper/share/hunav_gazebo_wrapper//models/aws_robomaker_residential_Rangehood_01/model.sdf
[0.169s] -- Up-to-date symlink: /home/ambroise/hunav_ws/install/hunav_gazebo_wrapper/share/hunav_gazebo_wrapper//models/aws_robomaker_residential_ReadingDesk_01/materials/textures/aws_ReadingDesk_01.png
[0.169s] -- Up-to-date symlink: /home/ambroise/hunav_ws/install/hunav_gazebo_wrapper/share/hunav_gazebo_wrapper//models/aws_robomaker_residential_ReadingDesk_01/meshes/aws_ReadingDesk_01_collision.DAE
[0.169s] -- Up-to-date symlink: /home/ambroise/hunav_ws/install/hunav_gazebo_wrapper/share/hunav_gazebo_wrapper//models/aws_robomaker_residential_ReadingDesk_01/meshes/aws_ReadingDesk_01_visual.DAE
[0.169s] -- Up-to-date symlink: /home/ambroise/hunav_ws/install/hunav_gazebo_wrapper/share/hunav_gazebo_wrapper//models/aws_robomaker_residential_ReadingDesk_01/model.config
[0.169s] -- Up-to-date symlink: /home/ambroise/hunav_ws/install/hunav_gazebo_wrapper/share/hunav_gazebo_wrapper//models/aws_robomaker_residential_ReadingDesk_01/model.sdf
[0.170s] -- Up-to-date symlink: /home/ambroise/hunav_ws/install/hunav_gazebo_wrapper/share/hunav_gazebo_wrapper//models/aws_robomaker_residential_Refrigerator_01/materials/textures/aws_Refrigerator_01.png
[0.170s] -- Up-to-date symlink: /home/ambroise/hunav_ws/install/hunav_gazebo_wrapper/share/hunav_gazebo_wrapper//models/aws_robomaker_residential_Refrigerator_01/materials/textures/aws_Refrigerator_02.png
[0.170s] -- Up-to-date symlink: /home/ambroise/hunav_ws/install/hunav_gazebo_wrapper/share/hunav_gazebo_wrapper//models/aws_robomaker_residential_Refrigerator_01/meshes/aws_Refrigerator_01.DAE
[0.170s] -- Up-to-date symlink: /home/ambroise/hunav_ws/install/hunav_gazebo_wrapper/share/hunav_gazebo_wrapper//models/aws_robomaker_residential_Refrigerator_01/meshes/aws_Refrigerator_01_collision.DAE
[0.170s] -- Up-to-date symlink: /home/ambroise/hunav_ws/install/hunav_gazebo_wrapper/share/hunav_gazebo_wrapper//models/aws_robomaker_residential_Refrigerator_01/meshes/aws_Refrigerator_01_visual.DAE
[0.170s] -- Up-to-date symlink: /home/ambroise/hunav_ws/install/hunav_gazebo_wrapper/share/hunav_gazebo_wrapper//models/aws_robomaker_residential_Refrigerator_01/model.config
[0.170s] -- Up-to-date symlink: /home/ambroise/hunav_ws/install/hunav_gazebo_wrapper/share/hunav_gazebo_wrapper//models/aws_robomaker_residential_Refrigerator_01/model.sdf
[0.170s] -- Up-to-date symlink: /home/ambroise/hunav_ws/install/hunav_gazebo_wrapper/share/hunav_gazebo_wrapper//models/aws_robomaker_residential_RoomCeiling_01/materials/textures/aws_RoomCeiling_01.png
[0.170s] -- Up-to-date symlink: /home/ambroise/hunav_ws/install/hunav_gazebo_wrapper/share/hunav_gazebo_wrapper//models/aws_robomaker_residential_RoomCeiling_01/meshes/aws_RoomCeiling_01_collision.DAE
[0.170s] -- Up-to-date symlink: /home/ambroise/hunav_ws/install/hunav_gazebo_wrapper/share/hunav_gazebo_wrapper//models/aws_robomaker_residential_RoomCeiling_01/meshes/aws_RoomCeiling_01_visual.DAE
[0.171s] -- Up-to-date symlink: /home/ambroise/hunav_ws/install/hunav_gazebo_wrapper/share/hunav_gazebo_wrapper//models/aws_robomaker_residential_RoomCeiling_01/model.config
[0.171s] -- Up-to-date symlink: /home/ambroise/hunav_ws/install/hunav_gazebo_wrapper/share/hunav_gazebo_wrapper//models/aws_robomaker_residential_RoomCeiling_01/model.sdf
[0.171s] -- Up-to-date symlink: /home/ambroise/hunav_ws/install/hunav_gazebo_wrapper/share/hunav_gazebo_wrapper//models/aws_robomaker_residential_RoomWall_01/materials/textures/aws_RoomWall_01.png
[0.171s] -- Up-to-date symlink: /home/ambroise/hunav_ws/install/hunav_gazebo_wrapper/share/hunav_gazebo_wrapper//models/aws_robomaker_residential_RoomWall_01/meshes/aws_RoomWall_01_collision.DAE
[0.171s] -- Up-to-date symlink: /home/ambroise/hunav_ws/install/hunav_gazebo_wrapper/share/hunav_gazebo_wrapper//models/aws_robomaker_residential_RoomWall_01/meshes/aws_RoomWall_01_visual.DAE
[0.171s] -- Up-to-date symlink: /home/ambroise/hunav_ws/install/hunav_gazebo_wrapper/share/hunav_gazebo_wrapper//models/aws_robomaker_residential_RoomWall_01/model.config
[0.171s] -- Up-to-date symlink: /home/ambroise/hunav_ws/install/hunav_gazebo_wrapper/share/hunav_gazebo_wrapper//models/aws_robomaker_residential_RoomWall_01/model.sdf
[0.171s] -- Up-to-date symlink: /home/ambroise/hunav_ws/install/hunav_gazebo_wrapper/share/hunav_gazebo_wrapper//models/aws_robomaker_residential_RoomWindow_01/materials/textures/aws_RoomWindow_01.png
[0.171s] -- Up-to-date symlink: /home/ambroise/hunav_ws/install/hunav_gazebo_wrapper/share/hunav_gazebo_wrapper//models/aws_robomaker_residential_RoomWindow_01/meshes/aws_RoomWindow_01_collision.DAE
[0.171s] -- Up-to-date symlink: /home/ambroise/hunav_ws/install/hunav_gazebo_wrapper/share/hunav_gazebo_wrapper//models/aws_robomaker_residential_RoomWindow_01/meshes/aws_RoomWindow_01_visual.DAE
[0.172s] -- Up-to-date symlink: /home/ambroise/hunav_ws/install/hunav_gazebo_wrapper/share/hunav_gazebo_wrapper//models/aws_robomaker_residential_RoomWindow_01/model.config
[0.172s] -- Up-to-date symlink: /home/ambroise/hunav_ws/install/hunav_gazebo_wrapper/share/hunav_gazebo_wrapper//models/aws_robomaker_residential_RoomWindow_01/model.sdf
[0.172s] -- Up-to-date symlink: /home/ambroise/hunav_ws/install/hunav_gazebo_wrapper/share/hunav_gazebo_wrapper//models/aws_robomaker_residential_SeasoningBox_01/materials/textures/aws_SeasoningBox_01.png
[0.172s] -- Up-to-date symlink: /home/ambroise/hunav_ws/install/hunav_gazebo_wrapper/share/hunav_gazebo_wrapper//models/aws_robomaker_residential_SeasoningBox_01/meshes/aws_SeasoningBox_01_collision.DAE
[0.172s] -- Up-to-date symlink: /home/ambroise/hunav_ws/install/hunav_gazebo_wrapper/share/hunav_gazebo_wrapper//models/aws_robomaker_residential_SeasoningBox_01/meshes/aws_SeasoningBox_01_visual.DAE
[0.172s] -- Up-to-date symlink: /home/ambroise/hunav_ws/install/hunav_gazebo_wrapper/share/hunav_gazebo_wrapper//models/aws_robomaker_residential_SeasoningBox_01/model.config
[0.172s] -- Up-to-date symlink: /home/ambroise/hunav_ws/install/hunav_gazebo_wrapper/share/hunav_gazebo_wrapper//models/aws_robomaker_residential_SeasoningBox_01/model.sdf
[0.172s] -- Up-to-date symlink: /home/ambroise/hunav_ws/install/hunav_gazebo_wrapper/share/hunav_gazebo_wrapper//models/aws_robomaker_residential_SecurityCamera_01/materials/textures/aws_SecurityCamera_01.png
[0.172s] -- Up-to-date symlink: /home/ambroise/hunav_ws/install/hunav_gazebo_wrapper/share/hunav_gazebo_wrapper//models/aws_robomaker_residential_SecurityCamera_01/meshes/aws_SecurityCamera_01_collision.DAE
[0.173s] -- Up-to-date symlink: /home/ambroise/hunav_ws/install/hunav_gazebo_wrapper/share/hunav_gazebo_wrapper//models/aws_robomaker_residential_SecurityCamera_01/meshes/aws_SecurityCamera_01_visual.DAE
[0.173s] -- Up-to-date symlink: /home/ambroise/hunav_ws/install/hunav_gazebo_wrapper/share/hunav_gazebo_wrapper//models/aws_robomaker_residential_SecurityCamera_01/model.config
[0.173s] -- Up-to-date symlink: /home/ambroise/hunav_ws/install/hunav_gazebo_wrapper/share/hunav_gazebo_wrapper//models/aws_robomaker_residential_SecurityCamera_01/model.sdf
[0.173s] -- Up-to-date symlink: /home/ambroise/hunav_ws/install/hunav_gazebo_wrapper/share/hunav_gazebo_wrapper//models/aws_robomaker_residential_ShoeRack_01/materials/textures/aws_ShoeRack_01.png
[0.173s] -- Up-to-date symlink: /home/ambroise/hunav_ws/install/hunav_gazebo_wrapper/share/hunav_gazebo_wrapper//models/aws_robomaker_residential_ShoeRack_01/meshes/aws_ShoeRack_01_collision.DAE
[0.173s] -- Up-to-date symlink: /home/ambroise/hunav_ws/install/hunav_gazebo_wrapper/share/hunav_gazebo_wrapper//models/aws_robomaker_residential_ShoeRack_01/meshes/aws_ShoeRack_01_visual.DAE
[0.173s] -- Up-to-date symlink: /home/ambroise/hunav_ws/install/hunav_gazebo_wrapper/share/hunav_gazebo_wrapper//models/aws_robomaker_residential_ShoeRack_01/model.config
[0.173s] -- Up-to-date symlink: /home/ambroise/hunav_ws/install/hunav_gazebo_wrapper/share/hunav_gazebo_wrapper//models/aws_robomaker_residential_ShoeRack_01/model.sdf
[0.173s] -- Up-to-date symlink: /home/ambroise/hunav_ws/install/hunav_gazebo_wrapper/share/hunav_gazebo_wrapper//models/aws_robomaker_residential_SofaB_01/materials/textures/aws_SofaB_01.png
[0.173s] -- Up-to-date symlink: /home/ambroise/hunav_ws/install/hunav_gazebo_wrapper/share/hunav_gazebo_wrapper//models/aws_robomaker_residential_SofaB_01/meshes/aws_SofaB_01_collision.DAE
[0.174s] -- Up-to-date symlink: /home/ambroise/hunav_ws/install/hunav_gazebo_wrapper/share/hunav_gazebo_wrapper//models/aws_robomaker_residential_SofaB_01/meshes/aws_SofaB_01_visual.DAE
[0.174s] -- Up-to-date symlink: /home/ambroise/hunav_ws/install/hunav_gazebo_wrapper/share/hunav_gazebo_wrapper//models/aws_robomaker_residential_SofaB_01/model.config
[0.174s] -- Up-to-date symlink: /home/ambroise/hunav_ws/install/hunav_gazebo_wrapper/share/hunav_gazebo_wrapper//models/aws_robomaker_residential_SofaB_01/model.sdf
[0.174s] -- Up-to-date symlink: /home/ambroise/hunav_ws/install/hunav_gazebo_wrapper/share/hunav_gazebo_wrapper//models/aws_robomaker_residential_SofaC_01/materials/textures/aws_SofaC_01.png
[0.174s] -- Up-to-date symlink: /home/ambroise/hunav_ws/install/hunav_gazebo_wrapper/share/hunav_gazebo_wrapper//models/aws_robomaker_residential_SofaC_01/meshes/aws_SofaC_01_collision.DAE
[0.174s] -- Up-to-date symlink: /home/ambroise/hunav_ws/install/hunav_gazebo_wrapper/share/hunav_gazebo_wrapper//models/aws_robomaker_residential_SofaC_01/meshes/aws_SofaC_01_visual.DAE
[0.174s] -- Up-to-date symlink: /home/ambroise/hunav_ws/install/hunav_gazebo_wrapper/share/hunav_gazebo_wrapper//models/aws_robomaker_residential_SofaC_01/model.config
[0.174s] -- Up-to-date symlink: /home/ambroise/hunav_ws/install/hunav_gazebo_wrapper/share/hunav_gazebo_wrapper//models/aws_robomaker_residential_SofaC_01/model.sdf
[0.174s] -- Up-to-date symlink: /home/ambroise/hunav_ws/install/hunav_gazebo_wrapper/share/hunav_gazebo_wrapper//models/aws_robomaker_residential_Sofa_01/materials/textures/aws_Sofa_01.png
[0.174s] -- Up-to-date symlink: /home/ambroise/hunav_ws/install/hunav_gazebo_wrapper/share/hunav_gazebo_wrapper//models/aws_robomaker_residential_Sofa_01/meshes/aws_Sofa_01.DAE
[0.175s] -- Up-to-date symlink: /home/ambroise/hunav_ws/install/hunav_gazebo_wrapper/share/hunav_gazebo_wrapper//models/aws_robomaker_residential_Sofa_01/meshes/aws_Sofa_01_collision.DAE
[0.175s] -- Up-to-date symlink: /home/ambroise/hunav_ws/install/hunav_gazebo_wrapper/share/hunav_gazebo_wrapper//models/aws_robomaker_residential_Sofa_01/meshes/aws_Sofa_01_visual.DAE
[0.175s] -- Up-to-date symlink: /home/ambroise/hunav_ws/install/hunav_gazebo_wrapper/share/hunav_gazebo_wrapper//models/aws_robomaker_residential_Sofa_01/model.config
[0.175s] -- Up-to-date symlink: /home/ambroise/hunav_ws/install/hunav_gazebo_wrapper/share/hunav_gazebo_wrapper//models/aws_robomaker_residential_Sofa_01/model.sdf
[0.175s] -- Up-to-date symlink: /home/ambroise/hunav_ws/install/hunav_gazebo_wrapper/share/hunav_gazebo_wrapper//models/aws_robomaker_residential_TVCabinet_01/materials/textures/aws_TVCabinet_01.png
[0.175s] -- Up-to-date symlink: /home/ambroise/hunav_ws/install/hunav_gazebo_wrapper/share/hunav_gazebo_wrapper//models/aws_robomaker_residential_TVCabinet_01/meshes/aws_TVCabinet_01_collision.DAE
[0.175s] -- Up-to-date symlink: /home/ambroise/hunav_ws/install/hunav_gazebo_wrapper/share/hunav_gazebo_wrapper//models/aws_robomaker_residential_TVCabinet_01/meshes/aws_TVCabinet_01_visual.DAE
[0.175s] -- Up-to-date symlink: /home/ambroise/hunav_ws/install/hunav_gazebo_wrapper/share/hunav_gazebo_wrapper//models/aws_robomaker_residential_TVCabinet_01/model.config
[0.175s] -- Up-to-date symlink: /home/ambroise/hunav_ws/install/hunav_gazebo_wrapper/share/hunav_gazebo_wrapper//models/aws_robomaker_residential_TVCabinet_01/model.sdf
[0.176s] -- Up-to-date symlink: /home/ambroise/hunav_ws/install/hunav_gazebo_wrapper/share/hunav_gazebo_wrapper//models/aws_robomaker_residential_TV_01/materials/textures/aws_TV_01.png
[0.176s] -- Up-to-date symlink: /home/ambroise/hunav_ws/install/hunav_gazebo_wrapper/share/hunav_gazebo_wrapper//models/aws_robomaker_residential_TV_01/meshes/aws_TV_01_collision.DAE
[0.176s] -- Up-to-date symlink: /home/ambroise/hunav_ws/install/hunav_gazebo_wrapper/share/hunav_gazebo_wrapper//models/aws_robomaker_residential_TV_01/meshes/aws_TV_01_visual.DAE
[0.176s] -- Up-to-date symlink: /home/ambroise/hunav_ws/install/hunav_gazebo_wrapper/share/hunav_gazebo_wrapper//models/aws_robomaker_residential_TV_01/model.config
[0.176s] -- Up-to-date symlink: /home/ambroise/hunav_ws/install/hunav_gazebo_wrapper/share/hunav_gazebo_wrapper//models/aws_robomaker_residential_TV_01/model.sdf
[0.176s] -- Up-to-date symlink: /home/ambroise/hunav_ws/install/hunav_gazebo_wrapper/share/hunav_gazebo_wrapper//models/aws_robomaker_residential_TV_02/materials/textures/aws_TV_01.png
[0.176s] -- Up-to-date symlink: /home/ambroise/hunav_ws/install/hunav_gazebo_wrapper/share/hunav_gazebo_wrapper//models/aws_robomaker_residential_TV_02/meshes/aws_TV_01_collision.DAE
[0.176s] -- Up-to-date symlink: /home/ambroise/hunav_ws/install/hunav_gazebo_wrapper/share/hunav_gazebo_wrapper//models/aws_robomaker_residential_TV_02/meshes/aws_TV_01_visual.DAE
[0.176s] -- Up-to-date symlink: /home/ambroise/hunav_ws/install/hunav_gazebo_wrapper/share/hunav_gazebo_wrapper//models/aws_robomaker_residential_TV_02/model.config
[0.176s] -- Up-to-date symlink: /home/ambroise/hunav_ws/install/hunav_gazebo_wrapper/share/hunav_gazebo_wrapper//models/aws_robomaker_residential_TV_02/model.sdf
[0.177s] -- Up-to-date symlink: /home/ambroise/hunav_ws/install/hunav_gazebo_wrapper/share/hunav_gazebo_wrapper//models/aws_robomaker_residential_Tablet_01/.DS_Store
[0.177s] -- Up-to-date symlink: /home/ambroise/hunav_ws/install/hunav_gazebo_wrapper/share/hunav_gazebo_wrapper//models/aws_robomaker_residential_Tablet_01/materials/.DS_Store
[0.177s] -- Up-to-date symlink: /home/ambroise/hunav_ws/install/hunav_gazebo_wrapper/share/hunav_gazebo_wrapper//models/aws_robomaker_residential_Tablet_01/materials/textures/aws_Tablet_01_nologo.png
[0.177s] -- Up-to-date symlink: /home/ambroise/hunav_ws/install/hunav_gazebo_wrapper/share/hunav_gazebo_wrapper//models/aws_robomaker_residential_Tablet_01/meshes/aws_Tablet_01_collision.DAE
[0.177s] -- Up-to-date symlink: /home/ambroise/hunav_ws/install/hunav_gazebo_wrapper/share/hunav_gazebo_wrapper//models/aws_robomaker_residential_Tablet_01/meshes/aws_Tablet_01_visual.DAE
[0.177s] -- Up-to-date symlink: /home/ambroise/hunav_ws/install/hunav_gazebo_wrapper/share/hunav_gazebo_wrapper//models/aws_robomaker_residential_Tablet_01/model.config
[0.177s] -- Up-to-date symlink: /home/ambroise/hunav_ws/install/hunav_gazebo_wrapper/share/hunav_gazebo_wrapper//models/aws_robomaker_residential_Tablet_01/model.sdf
[0.177s] -- Up-to-date symlink: /home/ambroise/hunav_ws/install/hunav_gazebo_wrapper/share/hunav_gazebo_wrapper//models/aws_robomaker_residential_Tableware_01/materials/textures/aws_Tableware_01.png
[0.177s] -- Up-to-date symlink: /home/ambroise/hunav_ws/install/hunav_gazebo_wrapper/share/hunav_gazebo_wrapper//models/aws_robomaker_residential_Tableware_01/meshes/aws_Tableware_01_collision.DAE
[0.177s] -- Up-to-date symlink: /home/ambroise/hunav_ws/install/hunav_gazebo_wrapper/share/hunav_gazebo_wrapper//models/aws_robomaker_residential_Tableware_01/meshes/aws_Tableware_01_visual.DAE
[0.178s] -- Up-to-date symlink: /home/ambroise/hunav_ws/install/hunav_gazebo_wrapper/share/hunav_gazebo_wrapper//models/aws_robomaker_residential_Tableware_01/model.config
[0.178s] -- Up-to-date symlink: /home/ambroise/hunav_ws/install/hunav_gazebo_wrapper/share/hunav_gazebo_wrapper//models/aws_robomaker_residential_Tableware_01/model.sdf
[0.178s] -- Up-to-date symlink: /home/ambroise/hunav_ws/install/hunav_gazebo_wrapper/share/hunav_gazebo_wrapper//models/aws_robomaker_residential_Trash_01/materials/textures/aws_Trash_01.png
[0.178s] -- Up-to-date symlink: /home/ambroise/hunav_ws/install/hunav_gazebo_wrapper/share/hunav_gazebo_wrapper//models/aws_robomaker_residential_Trash_01/meshes/aws_Trash_01_collision.DAE
[0.178s] -- Up-to-date symlink: /home/ambroise/hunav_ws/install/hunav_gazebo_wrapper/share/hunav_gazebo_wrapper//models/aws_robomaker_residential_Trash_01/meshes/aws_Trash_01_visual.DAE
[0.178s] -- Up-to-date symlink: /home/ambroise/hunav_ws/install/hunav_gazebo_wrapper/share/hunav_gazebo_wrapper//models/aws_robomaker_residential_Trash_01/model.config
[0.178s] -- Up-to-date symlink: /home/ambroise/hunav_ws/install/hunav_gazebo_wrapper/share/hunav_gazebo_wrapper//models/aws_robomaker_residential_Trash_01/model.sdf
[0.178s] -- Up-to-date symlink: /home/ambroise/hunav_ws/install/hunav_gazebo_wrapper/share/hunav_gazebo_wrapper//models/aws_robomaker_residential_Vase_01/materials/textures/aws_Vase_01.png
[0.178s] -- Up-to-date symlink: /home/ambroise/hunav_ws/install/hunav_gazebo_wrapper/share/hunav_gazebo_wrapper//models/aws_robomaker_residential_Vase_01/meshes/aws_Vase_01_collision.DAE
[0.179s] -- Up-to-date symlink: /home/ambroise/hunav_ws/install/hunav_gazebo_wrapper/share/hunav_gazebo_wrapper//models/aws_robomaker_residential_Vase_01/meshes/aws_Vase_01_visual.DAE
[0.179s] -- Up-to-date symlink: /home/ambroise/hunav_ws/install/hunav_gazebo_wrapper/share/hunav_gazebo_wrapper//models/aws_robomaker_residential_Vase_01/model.config
[0.179s] -- Up-to-date symlink: /home/ambroise/hunav_ws/install/hunav_gazebo_wrapper/share/hunav_gazebo_wrapper//models/aws_robomaker_residential_Vase_01/model.sdf
[0.179s] -- Up-to-date symlink: /home/ambroise/hunav_ws/install/hunav_gazebo_wrapper/share/hunav_gazebo_wrapper//models/aws_robomaker_residential_Wardrobe_01/materials/textures/aws_Wardrobe_01.png
[0.179s] -- Up-to-date symlink: /home/ambroise/hunav_ws/install/hunav_gazebo_wrapper/share/hunav_gazebo_wrapper//models/aws_robomaker_residential_Wardrobe_01/meshes/aws_Wardrobe_01_collision.DAE
[0.179s] -- Up-to-date symlink: /home/ambroise/hunav_ws/install/hunav_gazebo_wrapper/share/hunav_gazebo_wrapper//models/aws_robomaker_residential_Wardrobe_01/meshes/aws_Wardrobe_01_visual.DAE
[0.179s] -- Up-to-date symlink: /home/ambroise/hunav_ws/install/hunav_gazebo_wrapper/share/hunav_gazebo_wrapper//models/aws_robomaker_residential_Wardrobe_01/model.config
[0.179s] -- Up-to-date symlink: /home/ambroise/hunav_ws/install/hunav_gazebo_wrapper/share/hunav_gazebo_wrapper//models/aws_robomaker_residential_Wardrobe_01/model.sdf
[0.179s] -- Up-to-date symlink: /home/ambroise/hunav_ws/install/hunav_gazebo_wrapper/share/hunav_gazebo_wrapper//models/aws_robomaker_warehouse_Bucket_01/.DS_Store
[0.179s] -- Up-to-date symlink: /home/ambroise/hunav_ws/install/hunav_gazebo_wrapper/share/hunav_gazebo_wrapper//models/aws_robomaker_warehouse_Bucket_01/materials/.DS_Store
[0.180s] -- Up-to-date symlink: /home/ambroise/hunav_ws/install/hunav_gazebo_wrapper/share/hunav_gazebo_wrapper//models/aws_robomaker_warehouse_Bucket_01/materials/textures/aws_robomaker_warehouse_Bucket_01.png
[0.180s] -- Up-to-date symlink: /home/ambroise/hunav_ws/install/hunav_gazebo_wrapper/share/hunav_gazebo_wrapper//models/aws_robomaker_warehouse_Bucket_01/meshes/aws_robomaker_warehouse_Bucket_01_collision.DAE
[0.180s] -- Up-to-date symlink: /home/ambroise/hunav_ws/install/hunav_gazebo_wrapper/share/hunav_gazebo_wrapper//models/aws_robomaker_warehouse_Bucket_01/meshes/aws_robomaker_warehouse_Bucket_01_visual.DAE
[0.180s] -- Up-to-date symlink: /home/ambroise/hunav_ws/install/hunav_gazebo_wrapper/share/hunav_gazebo_wrapper//models/aws_robomaker_warehouse_Bucket_01/model.config
[0.180s] -- Up-to-date symlink: /home/ambroise/hunav_ws/install/hunav_gazebo_wrapper/share/hunav_gazebo_wrapper//models/aws_robomaker_warehouse_Bucket_01/model.sdf
[0.180s] -- Up-to-date symlink: /home/ambroise/hunav_ws/install/hunav_gazebo_wrapper/share/hunav_gazebo_wrapper//models/aws_robomaker_warehouse_ClutteringA_01/.DS_Store
[0.180s] -- Up-to-date symlink: /home/ambroise/hunav_ws/install/hunav_gazebo_wrapper/share/hunav_gazebo_wrapper//models/aws_robomaker_warehouse_ClutteringA_01/materials/.DS_Store
[0.180s] -- Up-to-date symlink: /home/ambroise/hunav_ws/install/hunav_gazebo_wrapper/share/hunav_gazebo_wrapper//models/aws_robomaker_warehouse_ClutteringA_01/materials/textures/.DS_Store
[0.180s] -- Up-to-date symlink: /home/ambroise/hunav_ws/install/hunav_gazebo_wrapper/share/hunav_gazebo_wrapper//models/aws_robomaker_warehouse_ClutteringA_01/materials/textures/aws_robomaker_warehouse_ClutteringA_01.png
[0.181s] -- Up-to-date symlink: /home/ambroise/hunav_ws/install/hunav_gazebo_wrapper/share/hunav_gazebo_wrapper//models/aws_robomaker_warehouse_ClutteringA_01/materials/textures/aws_robomaker_warehouse_ClutteringA_02.png
[0.181s] -- Up-to-date symlink: /home/ambroise/hunav_ws/install/hunav_gazebo_wrapper/share/hunav_gazebo_wrapper//models/aws_robomaker_warehouse_ClutteringA_01/materials/textures/aws_robomaker_warehouse_ClutteringA_03.png
[0.181s] -- Up-to-date symlink: /home/ambroise/hunav_ws/install/hunav_gazebo_wrapper/share/hunav_gazebo_wrapper//models/aws_robomaker_warehouse_ClutteringA_01/meshes/aws_robomaker_warehouse_ClutteringA_01_collision.DAE
[0.181s] -- Up-to-date symlink: /home/ambroise/hunav_ws/install/hunav_gazebo_wrapper/share/hunav_gazebo_wrapper//models/aws_robomaker_warehouse_ClutteringA_01/meshes/aws_robomaker_warehouse_ClutteringA_01_visual.DAE
[0.181s] -- Up-to-date symlink: /home/ambroise/hunav_ws/install/hunav_gazebo_wrapper/share/hunav_gazebo_wrapper//models/aws_robomaker_warehouse_ClutteringA_01/model.config
[0.181s] -- Up-to-date symlink: /home/ambroise/hunav_ws/install/hunav_gazebo_wrapper/share/hunav_gazebo_wrapper//models/aws_robomaker_warehouse_ClutteringA_01/model.sdf
[0.181s] -- Up-to-date symlink: /home/ambroise/hunav_ws/install/hunav_gazebo_wrapper/share/hunav_gazebo_wrapper//models/aws_robomaker_warehouse_ClutteringC_01/materials/textures/aws_robomaker_warehouse_ClutteringC_01.png
[0.181s] -- Up-to-date symlink: /home/ambroise/hunav_ws/install/hunav_gazebo_wrapper/share/hunav_gazebo_wrapper//models/aws_robomaker_warehouse_ClutteringC_01/materials/textures/aws_robomaker_warehouse_ClutteringC_02.png
[0.181s] -- Up-to-date symlink: /home/ambroise/hunav_ws/install/hunav_gazebo_wrapper/share/hunav_gazebo_wrapper//models/aws_robomaker_warehouse_ClutteringC_01/meshes/aws_robomaker_warehouse_ClutteringC_01_collision.DAE
[0.181s] -- Up-to-date symlink: /home/ambroise/hunav_ws/install/hunav_gazebo_wrapper/share/hunav_gazebo_wrapper//models/aws_robomaker_warehouse_ClutteringC_01/meshes/aws_robomaker_warehouse_ClutteringC_01_visual.DAE
[0.182s] -- Up-to-date symlink: /home/ambroise/hunav_ws/install/hunav_gazebo_wrapper/share/hunav_gazebo_wrapper//models/aws_robomaker_warehouse_ClutteringC_01/model.config
[0.182s] -- Up-to-date symlink: /home/ambroise/hunav_ws/install/hunav_gazebo_wrapper/share/hunav_gazebo_wrapper//models/aws_robomaker_warehouse_ClutteringC_01/model.sdf
[0.182s] -- Up-to-date symlink: /home/ambroise/hunav_ws/install/hunav_gazebo_wrapper/share/hunav_gazebo_wrapper//models/aws_robomaker_warehouse_ClutteringD_01/materials/textures/aws_robomaker_warehouse_ClutteringD_01.png
[0.182s] -- Up-to-date symlink: /home/ambroise/hunav_ws/install/hunav_gazebo_wrapper/share/hunav_gazebo_wrapper//models/aws_robomaker_warehouse_ClutteringD_01/materials/textures/aws_robomaker_warehouse_ClutteringD_02.png
[0.182s] -- Up-to-date symlink: /home/ambroise/hunav_ws/install/hunav_gazebo_wrapper/share/hunav_gazebo_wrapper//models/aws_robomaker_warehouse_ClutteringD_01/meshes/aws_robomaker_warehouse_ClutteringD_01_collision.DAE
[0.182s] -- Up-to-date symlink: /home/ambroise/hunav_ws/install/hunav_gazebo_wrapper/share/hunav_gazebo_wrapper//models/aws_robomaker_warehouse_ClutteringD_01/meshes/aws_robomaker_warehouse_ClutteringD_01_visual.DAE
[0.182s] -- Up-to-date symlink: /home/ambroise/hunav_ws/install/hunav_gazebo_wrapper/share/hunav_gazebo_wrapper//models/aws_robomaker_warehouse_ClutteringD_01/model.config
[0.182s] -- Up-to-date symlink: /home/ambroise/hunav_ws/install/hunav_gazebo_wrapper/share/hunav_gazebo_wrapper//models/aws_robomaker_warehouse_ClutteringD_01/model.sdf
[0.182s] -- Up-to-date symlink: /home/ambroise/hunav_ws/install/hunav_gazebo_wrapper/share/hunav_gazebo_wrapper//models/aws_robomaker_warehouse_DeskC_01/materials/.DS_Store
[0.182s] -- Up-to-date symlink: /home/ambroise/hunav_ws/install/hunav_gazebo_wrapper/share/hunav_gazebo_wrapper//models/aws_robomaker_warehouse_DeskC_01/materials/textures/aws_robomaker_warehouse_DeskC_01.png
[0.183s] -- Up-to-date symlink: /home/ambroise/hunav_ws/install/hunav_gazebo_wrapper/share/hunav_gazebo_wrapper//models/aws_robomaker_warehouse_DeskC_01/materials/textures/aws_robomaker_warehouse_DeskC_02.png
[0.183s] -- Up-to-date symlink: /home/ambroise/hunav_ws/install/hunav_gazebo_wrapper/share/hunav_gazebo_wrapper//models/aws_robomaker_warehouse_DeskC_01/materials/textures/aws_robomaker_warehouse_DeskC_03.png
[0.183s] -- Up-to-date symlink: /home/ambroise/hunav_ws/install/hunav_gazebo_wrapper/share/hunav_gazebo_wrapper//models/aws_robomaker_warehouse_DeskC_01/materials/textures/aws_robomaker_warehouse_DeskC_03.psd
[0.183s] -- Up-to-date symlink: /home/ambroise/hunav_ws/install/hunav_gazebo_wrapper/share/hunav_gazebo_wrapper//models/aws_robomaker_warehouse_DeskC_01/materials/textures/aws_robomaker_warehouse_DeskC_04.png
[0.183s] -- Up-to-date symlink: /home/ambroise/hunav_ws/install/hunav_gazebo_wrapper/share/hunav_gazebo_wrapper//models/aws_robomaker_warehouse_DeskC_01/meshes/aws_robomaker_warehouse_DeskC_01_collision.DAE
[0.183s] -- Up-to-date symlink: /home/ambroise/hunav_ws/install/hunav_gazebo_wrapper/share/hunav_gazebo_wrapper//models/aws_robomaker_warehouse_DeskC_01/meshes/aws_robomaker_warehouse_DeskC_01_visual.DAE
[0.183s] -- Up-to-date symlink: /home/ambroise/hunav_ws/install/hunav_gazebo_wrapper/share/hunav_gazebo_wrapper//models/aws_robomaker_warehouse_DeskC_01/model.config
[0.183s] -- Up-to-date symlink: /home/ambroise/hunav_ws/install/hunav_gazebo_wrapper/share/hunav_gazebo_wrapper//models/aws_robomaker_warehouse_DeskC_01/model.sdf
[0.183s] -- Up-to-date symlink: /home/ambroise/hunav_ws/install/hunav_gazebo_wrapper/share/hunav_gazebo_wrapper//models/aws_robomaker_warehouse_GroundB_01/materials/textures/aws_robomaker_warehouse_GroundB_01.png
[0.184s] -- Up-to-date symlink: /home/ambroise/hunav_ws/install/hunav_gazebo_wrapper/share/hunav_gazebo_wrapper//models/aws_robomaker_warehouse_GroundB_01/materials/textures/aws_robomaker_warehouse_GroundB_02.png
[0.184s] -- Up-to-date symlink: /home/ambroise/hunav_ws/install/hunav_gazebo_wrapper/share/hunav_gazebo_wrapper//models/aws_robomaker_warehouse_GroundB_01/meshes/aws_robomaker_warehouse_GroundB_01_collision.DAE
[0.184s] -- Up-to-date symlink: /home/ambroise/hunav_ws/install/hunav_gazebo_wrapper/share/hunav_gazebo_wrapper//models/aws_robomaker_warehouse_GroundB_01/meshes/aws_robomaker_warehouse_GroundB_01_visual.DAE
[0.184s] -- Up-to-date symlink: /home/ambroise/hunav_ws/install/hunav_gazebo_wrapper/share/hunav_gazebo_wrapper//models/aws_robomaker_warehouse_GroundB_01/model.config
[0.184s] -- Up-to-date symlink: /home/ambroise/hunav_ws/install/hunav_gazebo_wrapper/share/hunav_gazebo_wrapper//models/aws_robomaker_warehouse_GroundB_01/model.sdf
[0.184s] -- Up-to-date symlink: /home/ambroise/hunav_ws/install/hunav_gazebo_wrapper/share/hunav_gazebo_wrapper//models/aws_robomaker_warehouse_Lamp_01/materials/textures/aws_robomaker_warehouse_Lamp_01.png
[0.184s] -- Up-to-date symlink: /home/ambroise/hunav_ws/install/hunav_gazebo_wrapper/share/hunav_gazebo_wrapper//models/aws_robomaker_warehouse_Lamp_01/meshes/aws_robomaker_warehouse_Lamp_01_collision.DAE
[0.184s] -- Up-to-date symlink: /home/ambroise/hunav_ws/install/hunav_gazebo_wrapper/share/hunav_gazebo_wrapper//models/aws_robomaker_warehouse_Lamp_01/meshes/aws_robomaker_warehouse_Lamp_01_visual.DAE
[0.184s] -- Up-to-date symlink: /home/ambroise/hunav_ws/install/hunav_gazebo_wrapper/share/hunav_gazebo_wrapper//models/aws_robomaker_warehouse_Lamp_01/model.config
[0.185s] -- Up-to-date symlink: /home/ambroise/hunav_ws/install/hunav_gazebo_wrapper/share/hunav_gazebo_wrapper//models/aws_robomaker_warehouse_Lamp_01/model.sdf
[0.185s] -- Up-to-date symlink: /home/ambroise/hunav_ws/install/hunav_gazebo_wrapper/share/hunav_gazebo_wrapper//models/aws_robomaker_warehouse_PalletJackB_01/.DS_Store
[0.185s] -- Up-to-date symlink: /home/ambroise/hunav_ws/install/hunav_gazebo_wrapper/share/hunav_gazebo_wrapper//models/aws_robomaker_warehouse_PalletJackB_01/materials/.DS_Store
[0.185s] -- Up-to-date symlink: /home/ambroise/hunav_ws/install/hunav_gazebo_wrapper/share/hunav_gazebo_wrapper//models/aws_robomaker_warehouse_PalletJackB_01/materials/textures/aws_robomaker_warehouse_PalletJackB_01.png
[0.185s] -- Up-to-date symlink: /home/ambroise/hunav_ws/install/hunav_gazebo_wrapper/share/hunav_gazebo_wrapper//models/aws_robomaker_warehouse_PalletJackB_01/materials/textures/aws_robomaker_warehouse_PalletJackB_02.png
[0.185s] -- Up-to-date symlink: /home/ambroise/hunav_ws/install/hunav_gazebo_wrapper/share/hunav_gazebo_wrapper//models/aws_robomaker_warehouse_PalletJackB_01/meshes/aws_robomaker_warehouse_PalletJackB_01_collision.DAE
[0.185s] -- Up-to-date symlink: /home/ambroise/hunav_ws/install/hunav_gazebo_wrapper/share/hunav_gazebo_wrapper//models/aws_robomaker_warehouse_PalletJackB_01/meshes/aws_robomaker_warehouse_PalletJackB_01_visual.DAE
[0.185s] -- Up-to-date symlink: /home/ambroise/hunav_ws/install/hunav_gazebo_wrapper/share/hunav_gazebo_wrapper//models/aws_robomaker_warehouse_PalletJackB_01/model.config
[0.185s] -- Up-to-date symlink: /home/ambroise/hunav_ws/install/hunav_gazebo_wrapper/share/hunav_gazebo_wrapper//models/aws_robomaker_warehouse_PalletJackB_01/model.sdf
[0.186s] -- Up-to-date symlink: /home/ambroise/hunav_ws/install/hunav_gazebo_wrapper/share/hunav_gazebo_wrapper//models/aws_robomaker_warehouse_RoofB_01/materials/textures/aws_robomaker_warehouse_RoofB_01.png
[0.186s] -- Up-to-date symlink: /home/ambroise/hunav_ws/install/hunav_gazebo_wrapper/share/hunav_gazebo_wrapper//models/aws_robomaker_warehouse_RoofB_01/meshes/aws_robomaker_warehouse_RoofB_01_collision.DAE
[0.186s] -- Up-to-date symlink: /home/ambroise/hunav_ws/install/hunav_gazebo_wrapper/share/hunav_gazebo_wrapper//models/aws_robomaker_warehouse_RoofB_01/meshes/aws_robomaker_warehouse_RoofB_01_visual.DAE
[0.186s] -- Up-to-date symlink: /home/ambroise/hunav_ws/install/hunav_gazebo_wrapper/share/hunav_gazebo_wrapper//models/aws_robomaker_warehouse_RoofB_01/model.config
[0.186s] -- Up-to-date symlink: /home/ambroise/hunav_ws/install/hunav_gazebo_wrapper/share/hunav_gazebo_wrapper//models/aws_robomaker_warehouse_RoofB_01/model.sdf
[0.186s] -- Up-to-date symlink: /home/ambroise/hunav_ws/install/hunav_gazebo_wrapper/share/hunav_gazebo_wrapper//models/aws_robomaker_warehouse_ShelfD_01/materials/textures/aws_robomaker_warehouse_ShelfD_01.png
[0.186s] -- Up-to-date symlink: /home/ambroise/hunav_ws/install/hunav_gazebo_wrapper/share/hunav_gazebo_wrapper//models/aws_robomaker_warehouse_ShelfD_01/materials/textures/aws_robomaker_warehouse_ShelfD_02.png
[0.186s] -- Up-to-date symlink: /home/ambroise/hunav_ws/install/hunav_gazebo_wrapper/share/hunav_gazebo_wrapper//models/aws_robomaker_warehouse_ShelfD_01/materials/textures/aws_robomaker_warehouse_ShelfD_03.png
[0.186s] -- Up-to-date symlink: /home/ambroise/hunav_ws/install/hunav_gazebo_wrapper/share/hunav_gazebo_wrapper//models/aws_robomaker_warehouse_ShelfD_01/materials/textures/aws_robomaker_warehouse_ShelfD_04.png
[0.186s] -- Up-to-date symlink: /home/ambroise/hunav_ws/install/hunav_gazebo_wrapper/share/hunav_gazebo_wrapper//models/aws_robomaker_warehouse_ShelfD_01/meshes/aws_robomaker_warehouse_ShelfD_01_collision.DAE
[0.187s] -- Up-to-date symlink: /home/ambroise/hunav_ws/install/hunav_gazebo_wrapper/share/hunav_gazebo_wrapper//models/aws_robomaker_warehouse_ShelfD_01/meshes/aws_robomaker_warehouse_ShelfD_01_visual.DAE
[0.187s] -- Up-to-date symlink: /home/ambroise/hunav_ws/install/hunav_gazebo_wrapper/share/hunav_gazebo_wrapper//models/aws_robomaker_warehouse_ShelfD_01/model.config
[0.187s] -- Up-to-date symlink: /home/ambroise/hunav_ws/install/hunav_gazebo_wrapper/share/hunav_gazebo_wrapper//models/aws_robomaker_warehouse_ShelfD_01/model.sdf
[0.187s] -- Up-to-date symlink: /home/ambroise/hunav_ws/install/hunav_gazebo_wrapper/share/hunav_gazebo_wrapper//models/aws_robomaker_warehouse_ShelfE_01/.DS_Store
[0.187s] -- Up-to-date symlink: /home/ambroise/hunav_ws/install/hunav_gazebo_wrapper/share/hunav_gazebo_wrapper//models/aws_robomaker_warehouse_ShelfE_01/materials/.DS_Store
[0.187s] -- Up-to-date symlink: /home/ambroise/hunav_ws/install/hunav_gazebo_wrapper/share/hunav_gazebo_wrapper//models/aws_robomaker_warehouse_ShelfE_01/materials/textures/aws_robomaker_warehouse_ShelfE_01.png
[0.187s] -- Up-to-date symlink: /home/ambroise/hunav_ws/install/hunav_gazebo_wrapper/share/hunav_gazebo_wrapper//models/aws_robomaker_warehouse_ShelfE_01/materials/textures/aws_robomaker_warehouse_ShelfE_02.png
[0.187s] -- Up-to-date symlink: /home/ambroise/hunav_ws/install/hunav_gazebo_wrapper/share/hunav_gazebo_wrapper//models/aws_robomaker_warehouse_ShelfE_01/materials/textures/aws_robomaker_warehouse_ShelfE_03.png
[0.187s] -- Up-to-date symlink: /home/ambroise/hunav_ws/install/hunav_gazebo_wrapper/share/hunav_gazebo_wrapper//models/aws_robomaker_warehouse_ShelfE_01/materials/textures/aws_robomaker_warehouse_ShelfE_04.png
[0.188s] -- Up-to-date symlink: /home/ambroise/hunav_ws/install/hunav_gazebo_wrapper/share/hunav_gazebo_wrapper//models/aws_robomaker_warehouse_ShelfE_01/meshes/aws_robomaker_warehouse_ShelfE_01_collision.DAE
[0.188s] -- Up-to-date symlink: /home/ambroise/hunav_ws/install/hunav_gazebo_wrapper/share/hunav_gazebo_wrapper//models/aws_robomaker_warehouse_ShelfE_01/meshes/aws_robomaker_warehouse_ShelfE_01_visual.DAE
[0.188s] -- Up-to-date symlink: /home/ambroise/hunav_ws/install/hunav_gazebo_wrapper/share/hunav_gazebo_wrapper//models/aws_robomaker_warehouse_ShelfE_01/model.config
[0.188s] -- Up-to-date symlink: /home/ambroise/hunav_ws/install/hunav_gazebo_wrapper/share/hunav_gazebo_wrapper//models/aws_robomaker_warehouse_ShelfE_01/model.sdf
[0.188s] -- Up-to-date symlink: /home/ambroise/hunav_ws/install/hunav_gazebo_wrapper/share/hunav_gazebo_wrapper//models/aws_robomaker_warehouse_ShelfF_01/materials/textures/aws_robomaker_warehouse_ShelfF_01.png
[0.188s] -- Up-to-date symlink: /home/ambroise/hunav_ws/install/hunav_gazebo_wrapper/share/hunav_gazebo_wrapper//models/aws_robomaker_warehouse_ShelfF_01/materials/textures/aws_robomaker_warehouse_ShelfF_02.png
[0.188s] -- Up-to-date symlink: /home/ambroise/hunav_ws/install/hunav_gazebo_wrapper/share/hunav_gazebo_wrapper//models/aws_robomaker_warehouse_ShelfF_01/materials/textures/aws_robomaker_warehouse_ShelfF_03.png
[0.188s] -- Up-to-date symlink: /home/ambroise/hunav_ws/install/hunav_gazebo_wrapper/share/hunav_gazebo_wrapper//models/aws_robomaker_warehouse_ShelfF_01/meshes/aws_robomaker_warehouse_ShelfF_01_collision.DAE
[0.188s] -- Up-to-date symlink: /home/ambroise/hunav_ws/install/hunav_gazebo_wrapper/share/hunav_gazebo_wrapper//models/aws_robomaker_warehouse_ShelfF_01/meshes/aws_robomaker_warehouse_ShelfF_01_visual.DAE
[0.188s] -- Up-to-date symlink: /home/ambroise/hunav_ws/install/hunav_gazebo_wrapper/share/hunav_gazebo_wrapper//models/aws_robomaker_warehouse_ShelfF_01/model.config
[0.189s] -- Up-to-date symlink: /home/ambroise/hunav_ws/install/hunav_gazebo_wrapper/share/hunav_gazebo_wrapper//models/aws_robomaker_warehouse_ShelfF_01/model.sdf
[0.189s] -- Up-to-date symlink: /home/ambroise/hunav_ws/install/hunav_gazebo_wrapper/share/hunav_gazebo_wrapper//models/aws_robomaker_warehouse_TrashCanC_01/materials/textures/aws_robomaker_warehouse_TrashCanC_01.png
[0.189s] -- Up-to-date symlink: /home/ambroise/hunav_ws/install/hunav_gazebo_wrapper/share/hunav_gazebo_wrapper//models/aws_robomaker_warehouse_TrashCanC_01/meshes/aws_robomaker_warehouse_TrashCanC_01_collision.DAE
[0.189s] -- Up-to-date symlink: /home/ambroise/hunav_ws/install/hunav_gazebo_wrapper/share/hunav_gazebo_wrapper//models/aws_robomaker_warehouse_TrashCanC_01/meshes/aws_robomaker_warehouse_TrashCanC_01_visual.DAE
[0.189s] -- Up-to-date symlink: /home/ambroise/hunav_ws/install/hunav_gazebo_wrapper/share/hunav_gazebo_wrapper//models/aws_robomaker_warehouse_TrashCanC_01/model.config
[0.189s] -- Up-to-date symlink: /home/ambroise/hunav_ws/install/hunav_gazebo_wrapper/share/hunav_gazebo_wrapper//models/aws_robomaker_warehouse_TrashCanC_01/model.sdf
[0.189s] -- Up-to-date symlink: /home/ambroise/hunav_ws/install/hunav_gazebo_wrapper/share/hunav_gazebo_wrapper//models/aws_robomaker_warehouse_WallB_01/materials/textures/aws_robomaker_warehouse_WallB_01.png
[0.189s] -- Up-to-date symlink: /home/ambroise/hunav_ws/install/hunav_gazebo_wrapper/share/hunav_gazebo_wrapper//models/aws_robomaker_warehouse_WallB_01/meshes/aws_robomaker_warehouse_WallB_01_collision.DAE
[0.189s] -- Up-to-date symlink: /home/ambroise/hunav_ws/install/hunav_gazebo_wrapper/share/hunav_gazebo_wrapper//models/aws_robomaker_warehouse_WallB_01/meshes/aws_robomaker_warehouse_WallB_01_visual.DAE
[0.190s] -- Up-to-date symlink: /home/ambroise/hunav_ws/install/hunav_gazebo_wrapper/share/hunav_gazebo_wrapper//models/aws_robomaker_warehouse_WallB_01/model.config
[0.190s] -- Up-to-date symlink: /home/ambroise/hunav_ws/install/hunav_gazebo_wrapper/share/hunav_gazebo_wrapper//models/aws_robomaker_warehouse_WallB_01/model.sdf
[0.190s] -- Up-to-date symlink: /home/ambroise/hunav_ws/install/hunav_gazebo_wrapper/share/hunav_gazebo_wrapper//models/braid01_diffuse.png.001.png
[0.190s] -- Up-to-date symlink: /home/ambroise/hunav_ws/install/hunav_gazebo_wrapper/share/hunav_gazebo_wrapper//models/brown_eye.png
[0.190s] -- Up-to-date symlink: /home/ambroise/hunav_ws/install/hunav_gazebo_wrapper/share/hunav_gazebo_wrapper//models/brown_eye.png.001.png
[0.190s] -- Up-to-date symlink: /home/ambroise/hunav_ws/install/hunav_gazebo_wrapper/share/hunav_gazebo_wrapper//models/brown_eye.png.002.png
[0.190s] -- Up-to-date symlink: /home/ambroise/hunav_ws/install/hunav_gazebo_wrapper/share/hunav_gazebo_wrapper//models/casual_man.dae
[0.190s] -- Up-to-date symlink: /home/ambroise/hunav_ws/install/hunav_gazebo_wrapper/share/hunav_gazebo_wrapper//models/elegant_man.dae
[0.190s] -- Up-to-date symlink: /home/ambroise/hunav_ws/install/hunav_gazebo_wrapper/share/hunav_gazebo_wrapper//models/elegant_woman.dae
[0.190s] -- Up-to-date symlink: /home/ambroise/hunav_ws/install/hunav_gazebo_wrapper/share/hunav_gazebo_wrapper//models/eyebrow001.png
[0.190s] -- Up-to-date symlink: /home/ambroise/hunav_ws/install/hunav_gazebo_wrapper/share/hunav_gazebo_wrapper//models/eyebrow001.png.001.png
[0.191s] -- Up-to-date symlink: /home/ambroise/hunav_ws/install/hunav_gazebo_wrapper/share/hunav_gazebo_wrapper//models/eyebrow001.png.002.png
[0.191s] -- Up-to-date symlink: /home/ambroise/hunav_ws/install/hunav_gazebo_wrapper/share/hunav_gazebo_wrapper//models/female_casualsuit01_diffuse.png.001.png
[0.191s] -- Up-to-date symlink: /home/ambroise/hunav_ws/install/hunav_gazebo_wrapper/share/hunav_gazebo_wrapper//models/male_casualsuit01_diffuse.png
[0.191s] -- Up-to-date symlink: /home/ambroise/hunav_ws/install/hunav_gazebo_wrapper/share/hunav_gazebo_wrapper//models/male_casualsuit06_diffuse.png.001.png
[0.191s] -- Up-to-date symlink: /home/ambroise/hunav_ws/install/hunav_gazebo_wrapper/share/hunav_gazebo_wrapper//models/male_elegantsuit01_diffuse.png.001.png
[0.191s] -- Up-to-date symlink: /home/ambroise/hunav_ws/install/hunav_gazebo_wrapper/share/hunav_gazebo_wrapper//models/male_worksuit01_diffuse.png
[0.191s] -- Up-to-date symlink: /home/ambroise/hunav_ws/install/hunav_gazebo_wrapper/share/hunav_gazebo_wrapper//models/middleage_darkskinned_male_diffuse.png
[0.191s] -- Up-to-date symlink: /home/ambroise/hunav_ws/install/hunav_gazebo_wrapper/share/hunav_gazebo_wrapper//models/middleage_lightskinned_female_diffuse.png.002.png
[0.191s] -- Up-to-date symlink: /home/ambroise/hunav_ws/install/hunav_gazebo_wrapper/share/hunav_gazebo_wrapper//models/middleage_lightskinned_male_diffuse.png.001.png
[0.191s] -- Up-to-date symlink: /home/ambroise/hunav_ws/install/hunav_gazebo_wrapper/share/hunav_gazebo_wrapper//models/mono.dae
[0.192s] -- Up-to-date symlink: /home/ambroise/hunav_ws/install/hunav_gazebo_wrapper/share/hunav_gazebo_wrapper//models/mono2.dae
[0.192s] -- Up-to-date symlink: /home/ambroise/hunav_ws/install/hunav_gazebo_wrapper/share/hunav_gazebo_wrapper//models/mono3.dae
[0.192s] -- Up-to-date symlink: /home/ambroise/hunav_ws/install/hunav_gazebo_wrapper/share/hunav_gazebo_wrapper//models/mono4.dae
[0.192s] -- Up-to-date symlink: /home/ambroise/hunav_ws/install/hunav_gazebo_wrapper/share/hunav_gazebo_wrapper//models/mono5.dae
[0.192s] -- Up-to-date symlink: /home/ambroise/hunav_ws/install/hunav_gazebo_wrapper/share/hunav_gazebo_wrapper//models/old_lightskinned_male_diffuse.png
[0.192s] -- Up-to-date symlink: /home/ambroise/hunav_ws/install/hunav_gazebo_wrapper/share/hunav_gazebo_wrapper//models/regular_man.dae
[0.192s] -- Up-to-date symlink: /home/ambroise/hunav_ws/install/hunav_gazebo_wrapper/share/hunav_gazebo_wrapper//models/run.dae
[0.192s] -- Up-to-date symlink: /home/ambroise/hunav_ws/install/hunav_gazebo_wrapper/share/hunav_gazebo_wrapper//models/shoes01_diffuse.png
[0.192s] -- Up-to-date symlink: /home/ambroise/hunav_ws/install/hunav_gazebo_wrapper/share/hunav_gazebo_wrapper//models/shoes01_diffuse.png.001.png
[0.192s] -- Up-to-date symlink: /home/ambroise/hunav_ws/install/hunav_gazebo_wrapper/share/hunav_gazebo_wrapper//models/shoes03_diffuse.png
[0.192s] -- Up-to-date symlink: /home/ambroise/hunav_ws/install/hunav_gazebo_wrapper/share/hunav_gazebo_wrapper//models/shoes03_diffuse.png.001.png
[0.193s] -- Up-to-date symlink: /home/ambroise/hunav_ws/install/hunav_gazebo_wrapper/share/hunav_gazebo_wrapper//models/shoes05_diffuse.png.001.png
[0.193s] -- Up-to-date symlink: /home/ambroise/hunav_ws/install/hunav_gazebo_wrapper/share/hunav_gazebo_wrapper//models/short01_diffuse.png
[0.193s] -- Up-to-date symlink: /home/ambroise/hunav_ws/install/hunav_gazebo_wrapper/share/hunav_gazebo_wrapper//models/short02_diffuse.png
[0.193s] -- Up-to-date symlink: /home/ambroise/hunav_ws/install/hunav_gazebo_wrapper/share/hunav_gazebo_wrapper//models/short02_diffuse.png.001.png
[0.193s] -- Up-to-date symlink: /home/ambroise/hunav_ws/install/hunav_gazebo_wrapper/share/hunav_gazebo_wrapper//models/short03_diffuse.png.001.png
[0.193s] -- Up-to-date symlink: /home/ambroise/hunav_ws/install/hunav_gazebo_wrapper/share/hunav_gazebo_wrapper//models/sit_down.dae
[0.193s] -- Up-to-date symlink: /home/ambroise/hunav_ws/install/hunav_gazebo_wrapper/share/hunav_gazebo_wrapper//models/sitting.dae
[0.193s] -- Up-to-date symlink: /home/ambroise/hunav_ws/install/hunav_gazebo_wrapper/share/hunav_gazebo_wrapper//models/stand.dae
[0.193s] -- Up-to-date symlink: /home/ambroise/hunav_ws/install/hunav_gazebo_wrapper/share/hunav_gazebo_wrapper//models/stand_up.dae
[0.193s] -- Up-to-date symlink: /home/ambroise/hunav_ws/install/hunav_gazebo_wrapper/share/hunav_gazebo_wrapper//models/sub_16.dae
[0.193s] -- Up-to-date symlink: /home/ambroise/hunav_ws/install/hunav_gazebo_wrapper/share/hunav_gazebo_wrapper//models/talk_a.dae
[0.194s] -- Up-to-date symlink: /home/ambroise/hunav_ws/install/hunav_gazebo_wrapper/share/hunav_gazebo_wrapper//models/talk_b.dae
[0.194s] -- Up-to-date symlink: /home/ambroise/hunav_ws/install/hunav_gazebo_wrapper/share/hunav_gazebo_wrapper//models/walk-blue.dae
[0.194s] -- Up-to-date symlink: /home/ambroise/hunav_ws/install/hunav_gazebo_wrapper/share/hunav_gazebo_wrapper//models/walk-green.dae
[0.194s] -- Up-to-date symlink: /home/ambroise/hunav_ws/install/hunav_gazebo_wrapper/share/hunav_gazebo_wrapper//models/walk-red.dae
[0.194s] -- Up-to-date symlink: /home/ambroise/hunav_ws/install/hunav_gazebo_wrapper/share/hunav_gazebo_wrapper//models/walk.dae
[0.194s] -- Up-to-date symlink: /home/ambroise/hunav_ws/install/hunav_gazebo_wrapper/share/hunav_gazebo_wrapper//models/worker_man.dae
[0.194s] -- Up-to-date symlink: /home/ambroise/hunav_ws/install/hunav_gazebo_wrapper/share/hunav_gazebo_wrapper/environment/hunav_gazebo_wrapper.dsv
[0.194s] -- Up-to-date symlink: /home/ambroise/hunav_ws/install/hunav_gazebo_wrapper/share/ament_index/resource_index/package_run_dependencies/hunav_gazebo_wrapper
[0.195s] -- Up-to-date symlink: /home/ambroise/hunav_ws/install/hunav_gazebo_wrapper/share/ament_index/resource_index/parent_prefix_path/hunav_gazebo_wrapper
[0.195s] -- Up-to-date symlink: /home/ambroise/hunav_ws/install/hunav_gazebo_wrapper/share/hunav_gazebo_wrapper/environment/ament_prefix_path.sh
[0.195s] -- Up-to-date symlink: /home/ambroise/hunav_ws/install/hunav_gazebo_wrapper/share/hunav_gazebo_wrapper/environment/ament_prefix_path.dsv
[0.195s] -- Up-to-date symlink: /home/ambroise/hunav_ws/install/hunav_gazebo_wrapper/share/hunav_gazebo_wrapper/environment/path.sh
[0.195s] -- Up-to-date symlink: /home/ambroise/hunav_ws/install/hunav_gazebo_wrapper/share/hunav_gazebo_wrapper/environment/path.dsv
[0.195s] -- Up-to-date symlink: /home/ambroise/hunav_ws/install/hunav_gazebo_wrapper/share/hunav_gazebo_wrapper/local_setup.bash
[0.195s] -- Up-to-date symlink: /home/ambroise/hunav_ws/install/hunav_gazebo_wrapper/share/hunav_gazebo_wrapper/local_setup.sh
[0.195s] -- Up-to-date symlink: /home/ambroise/hunav_ws/install/hunav_gazebo_wrapper/share/hunav_gazebo_wrapper/local_setup.zsh
[0.196s] -- Up-to-date symlink: /home/ambroise/hunav_ws/install/hunav_gazebo_wrapper/share/hunav_gazebo_wrapper/local_setup.dsv
[0.196s] -- Symlinking: /home/ambroise/hunav_ws/install/hunav_gazebo_wrapper/share/hunav_gazebo_wrapper/package.dsv
[0.208s] -- Up-to-date symlink: /home/ambroise/hunav_ws/install/hunav_gazebo_wrapper/share/ament_index/resource_index/packages/hunav_gazebo_wrapper
[0.208s] -- Up-to-date symlink: /home/ambroise/hunav_ws/install/hunav_gazebo_wrapper/share/hunav_gazebo_wrapper/cmake/ament_cmake_export_libraries-extras.cmake
[0.209s] -- Up-to-date symlink: /home/ambroise/hunav_ws/install/hunav_gazebo_wrapper/share/hunav_gazebo_wrapper/cmake/hunav_gazebo_wrapperConfig.cmake
[0.209s] -- Up-to-date symlink: /home/ambroise/hunav_ws/install/hunav_gazebo_wrapper/share/hunav_gazebo_wrapper/cmake/hunav_gazebo_wrapperConfig-version.cmake
[0.209s] -- Up-to-date symlink: /home/ambroise/hunav_ws/install/hunav_gazebo_wrapper/share/hunav_gazebo_wrapper/package.xml
[0.212s] Invoked command in '/home/ambroise/hunav_ws/build/hunav_gazebo_wrapper' returned '0': CMAKE_PREFIX_PATH=/home/ambroise/hunav_ws/install/hunav_msgs:/home/ambroise/hunav_ws/install/hunav_sim:/home/ambroise/hunav_ws/install/hunav_agent_manager:/home/ambroise/hunav_ws/install/people_msgs:/home/ambroise/hunav_ws/install/hunav_rviz2_panel:/home/ambroise/hunav_ws/install/hunav_gazebo_wrapper:/home/ambroise/hunav_ws/install/hunav_behavior_tree_generator:/home/ambroise/hunav_ws/install/hunav_evaluator:/opt/ros/humble LD_LIBRARY_PATH=/home/ambroise/hunav_ws/install/hunav_msgs/lib:/home/ambroise/hunav_ws/install/people_msgs/lib:/home/ambroise/hunav_ws/install/hunav_rviz2_panel/lib:/home/ambroise/hunav_ws/install/hunav_gazebo_wrapper/lib:/usr/lib/x86_64-linux-gnu/gazebo-11/plugins:/opt/ros/humble/opt/rviz_ogre_vendor/lib:/opt/ros/humble/lib/x86_64-linux-gnu:/opt/ros/humble/lib:/usr/lib/x86_64-linux-gnu/gazebo-11/plugins:/home/ambroise/hunav_ws/install/hunav_gazebo_wrapper/lib:/usr/lib/x86_64-linux-gnu/gazebo-11/plugins:/usr/lib/x86_64-linux-gnu/gazebo-11/plugins:/home/ambroise/hunav_ws/install/hunav_gazebo_wrapper/lib:/usr/lib/x86_64-linux-gnu/gazebo-11/plugins:/usr/lib/x86_64-linux-gnu/gazebo-11/plugins:/usr/lib/x86_64-linux-gnu/gazebo-11/plugins:/home/ambroise/hunav_ws/install/hunav_gazebo_wrapper/lib:/usr/lib/x86_64-linux-gnu/gazebo-11/plugins:/usr/lib/x86_64-linux-gnu/gazebo-11/plugins:/usr/lib/x86_64-linux-gnu/gazebo-11/plugins:/usr/lib/x86_64-linux-gnu/gazebo-11/plugins:/home/ambroise/hunav_ws/install/hunav_gazebo_wrapper/lib:/usr/lib/x86_64-linux-gnu/gazebo-11/plugins:/usr/lib/x86_64-linux-gnu/gazebo-11/plugins:/usr/lib/x86_64-linux-gnu/gazebo-11/plugins:/usr/lib/x86_64-linux-gnu/gazebo-11/plugins:/usr/lib/x86_64-linux-gnu/gazebo-11/plugins:/home/ambroise/hunav_ws/install/hunav_gazebo_wrapper/lib:/usr/lib/x86_64-linux-gnu/gazebo-11/plugins:/usr/lib/x86_64-linux-gnu/gazebo-11/plugins:/usr/lib/x86_64-linux-gnu/gazebo-11/plugins:/usr/lib/x86_64-linux-gnu/gazebo-11/plugins:/usr/lib/x86_64-linux-gnu/gazebo-11/plugins:/usr/lib/x86_64-linux-gnu/gazebo-11/plugins:/home/ambroise/hunav_ws/install/hunav_gazebo_wrapper/lib:/usr/lib/x86_64-linux-gnu/gazebo-11/plugins:/usr/lib/x86_64-linux-gnu/gazebo-11/plugins:/usr/lib/x86_64-linux-gnu/gazebo-11/plugins:/usr/lib/x86_64-linux-gnu/gazebo-11/plugins:/usr/lib/x86_64-linux-gnu/gazebo-11/plugins:/usr/lib/x86_64-linux-gnu/gazebo-11/plugins:/usr/lib/x86_64-linux-gnu/gazebo-11/plugins:/home/ambroise/hunav_ws/install/hunav_gazebo_wrapper/lib:/usr/lib/x86_64-linux-gnu/gazebo-11/plugins:/usr/lib/x86_64-linux-gnu/gazebo-11/plugins:/usr/lib/x86_64-linux-gnu/gazebo-11/plugins:/usr/lib/x86_64-linux-gnu/gazebo-11/plugins:/usr/lib/x86_64-linux-gnu/gazebo-11/plugins:/usr/lib/x86_64-linux-gnu/gazebo-11/plugins:/usr/lib/x86_64-linux-gnu/gazebo-11/plugins:/usr/lib/x86_64-linux-gnu/gazebo-11/plugins:/home/ambroise/hunav_ws/install/hunav_gazebo_wrapper/lib:/usr/lib/x86_64-linux-gnu/gazebo-11/plugins:/usr/lib/x86_64-linux-gnu/gazebo-11/plugins:/usr/lib/x86_64-linux-gnu/gazebo-11/plugins:/usr/lib/x86_64-linux-gnu/gazebo-11/plugins:/usr/lib/x86_64-linux-gnu/gazebo-11/plugins:/usr/lib/x86_64-linux-gnu/gazebo-11/plugins:/usr/lib/x86_64-linux-gnu/gazebo-11/plugins:/usr/lib/x86_64-linux-gnu/gazebo-11/plugins:/usr/lib/x86_64-linux-gnu/gazebo-11/plugins:/home/ambroise/hunav_ws/install/hunav_gazebo_wrapper/lib /usr/bin/cmake --install /home/ambroise/hunav_ws/build/hunav_gazebo_wrapper
