[0.000000] (-) TimerEvent: {}
[0.000252] (-) JobUnselected: {'identifier': 'hunav_agent_manager'}
[0.000274] (-) JobUnselected: {'identifier': 'hunav_behavior_tree_generator'}
[0.000288] (-) JobUnselected: {'identifier': 'hunav_evaluator'}
[0.000298] (-) JobUnselected: {'identifier': 'hunav_msgs'}
[0.000311] (-) JobUnselected: {'identifier': 'hunav_rviz2_panel'}
[0.000328] (-) JobUnselected: {'identifier': 'hunav_sim'}
[0.000340] (-) JobUnselected: {'identifier': 'people_msgs'}
[0.000352] (hunav_gazebo_wrapper) JobQueued: {'identifier': 'hunav_gazebo_wrapper', 'dependencies': OrderedDict([('hunav_msgs', '/home/ambroise/hunav_ws/install/hunav_msgs')])}
[0.000368] (hunav_gazebo_wrapper) JobStarted: {'identifier': 'hunav_gazebo_wrapper'}
[0.010000] (hunav_gazebo_wrapper) JobProgress: {'identifier': 'hunav_gazebo_wrapper', 'progress': 'cmake'}
[0.010875] (hunav_gazebo_wrapper) Command: {'cmd': ['/usr/bin/cmake', '/home/ambroise/hunav_ws/src/hunav_gazebo_wrapper', '-DCMAKE_INSTALL_PREFIX=/home/ambroise/hunav_ws/install/hunav_gazebo_wrapper'], 'cwd': '/home/ambroise/hunav_ws/build/hunav_gazebo_wrapper', 'env': OrderedDict([('LESSOPEN', '| /usr/bin/lesspipe %s'), ('USER', 'ambroise'), ('LC_TIME', 'fr_FR.UTF-8'), ('XDG_SESSION_TYPE', 'x11'), ('SHLVL', '1'), ('LIBGL_ALWAYS_SOFTWARE', '1'), ('LD_LIBRARY_PATH', '/home/ambroise/hunav_ws/install/hunav_msgs/lib:/home/ambroise/hunav_ws/install/people_msgs/lib:/home/ambroise/hunav_ws/install/hunav_rviz2_panel/lib:/home/ambroise/hunav_ws/install/hunav_gazebo_wrapper/lib:/usr/lib/x86_64-linux-gnu/gazebo-11/plugins:/opt/ros/humble/opt/rviz_ogre_vendor/lib:/opt/ros/humble/lib/x86_64-linux-gnu:/opt/ros/humble/lib:/usr/lib/x86_64-linux-gnu/gazebo-11/plugins:/home/ambroise/hunav_ws/install/hunav_gazebo_wrapper/lib'), ('HOME', '/home/ambroise'), ('OLDPWD', '/home/ambroise/hunav_ws'), ('DESKTOP_SESSION', 'ubuntu'), ('GAZEBO_MASTER_URI', 'http://localhost:11345'), ('ROS_PYTHON_VERSION', '3'), ('GNOME_SHELL_SESSION_MODE', 'ubuntu'), ('GTK_MODULES', 'gail:atk-bridge'), ('LC_MONETARY', 'fr_FR.UTF-8'), ('SYSTEMD_EXEC_PID', '2627'), ('DBUS_SESSION_BUS_ADDRESS', 'unix:path=/run/user/1000/bus'), ('COLORTERM', 'truecolor'), ('COLCON_PREFIX_PATH', '/home/ambroise/hunav_ws/install'), ('ROS_DISTRO', 'humble'), ('GTK_IM_MODULE', 'ibus'), ('LOGNAME', 'ambroise'), ('_', '/usr/bin/colcon'), ('ROS_VERSION', '2'), ('XDG_SESSION_CLASS', 'user'), ('USERNAME', 'ambroise'), ('TERM', 'xterm-256color'), ('GAZEBO_MODEL_PATH', '/usr/share/gazebo-11/models:/home/ambroise/hunav_ws/install/hunav_gazebo_wrapper/share/hunav_gazebo_wrapper:/home/ambroise/hunav_ws/install/hunav_gazebo_wrapper/share/hunav_gazebo_wrapper/models'), ('GNOME_DESKTOP_SESSION_ID', 'this-is-deprecated'), ('ROS_LOCALHOST_ONLY', '0'), ('WINDOWPATH', '2'), ('OGRE_RESOURCE_PATH', '/usr/lib/x86_64-linux-gnu/OGRE-1.9.0'), ('PATH', '/opt/ros/humble/bin:/usr/local/sbin:/usr/local/bin:/usr/sbin:/usr/bin:/sbin:/bin:/usr/games:/usr/local/games:/snap/bin:/snap/bin'), ('SESSION_MANAGER', 'local/ambroise-Zenbook-15-UM3504DA-UM3504DA:@/tmp/.ICE-unix/1870,unix/ambroise-Zenbook-15-UM3504DA-UM3504DA:/tmp/.ICE-unix/1870'), ('XDG_MENU_PREFIX', 'gnome-'), ('LC_ADDRESS', 'fr_FR.UTF-8'), ('GNOME_TERMINAL_SCREEN', '/org/gnome/Terminal/screen/151cba4d_ae9d_4fdb_9f64_ebebf9d99074'), ('XDG_RUNTIME_DIR', '/run/user/1000'), ('DISPLAY', ':1'), ('LANG', 'en_US.UTF-8'), ('XDG_CURRENT_DESKTOP', 'ubuntu:GNOME'), ('LC_TELEPHONE', 'fr_FR.UTF-8'), ('XMODIFIERS', '@im=ibus'), ('XDG_SESSION_DESKTOP', 'ubuntu'), ('XAUTHORITY', '/run/user/1000/gdm/Xauthority'), ('LS_COLORS', 'rs=0:di=01;34:ln=01;36:mh=00:pi=40;33:so=01;35:do=01;35:bd=40;33;01:cd=40;33;01:or=40;31;01:mi=00:su=37;41:sg=30;43:ca=30;41:tw=30;42:ow=34;42:st=37;44:ex=01;32:*.tar=01;31:*.tgz=01;31:*.arc=01;31:*.arj=01;31:*.taz=01;31:*.lha=01;31:*.lz4=01;31:*.lzh=01;31:*.lzma=01;31:*.tlz=01;31:*.txz=01;31:*.tzo=01;31:*.t7z=01;31:*.zip=01;31:*.z=01;31:*.dz=01;31:*.gz=01;31:*.lrz=01;31:*.lz=01;31:*.lzo=01;31:*.xz=01;31:*.zst=01;31:*.tzst=01;31:*.bz2=01;31:*.bz=01;31:*.tbz=01;31:*.tbz2=01;31:*.tz=01;31:*.deb=01;31:*.rpm=01;31:*.jar=01;31:*.war=01;31:*.ear=01;31:*.sar=01;31:*.rar=01;31:*.alz=01;31:*.ace=01;31:*.zoo=01;31:*.cpio=01;31:*.7z=01;31:*.rz=01;31:*.cab=01;31:*.wim=01;31:*.swm=01;31:*.dwm=01;31:*.esd=01;31:*.jpg=01;35:*.jpeg=01;35:*.mjpg=01;35:*.mjpeg=01;35:*.gif=01;35:*.bmp=01;35:*.pbm=01;35:*.pgm=01;35:*.ppm=01;35:*.tga=01;35:*.xbm=01;35:*.xpm=01;35:*.tif=01;35:*.tiff=01;35:*.png=01;35:*.svg=01;35:*.svgz=01;35:*.mng=01;35:*.pcx=01;35:*.mov=01;35:*.mpg=01;35:*.mpeg=01;35:*.m2v=01;35:*.mkv=01;35:*.webm=01;35:*.webp=01;35:*.ogm=01;35:*.mp4=01;35:*.m4v=01;35:*.mp4v=01;35:*.vob=01;35:*.qt=01;35:*.nuv=01;35:*.wmv=01;35:*.asf=01;35:*.rm=01;35:*.rmvb=01;35:*.flc=01;35:*.avi=01;35:*.fli=01;35:*.flv=01;35:*.gl=01;35:*.dl=01;35:*.xcf=01;35:*.xwd=01;35:*.yuv=01;35:*.cgm=01;35:*.emf=01;35:*.ogv=01;35:*.ogx=01;35:*.aac=00;36:*.au=00;36:*.flac=00;36:*.m4a=00;36:*.mid=00;36:*.midi=00;36:*.mka=00;36:*.mp3=00;36:*.mpc=00;36:*.ogg=00;36:*.ra=00;36:*.wav=00;36:*.oga=00;36:*.opus=00;36:*.spx=00;36:*.xspf=00;36:'), ('GNOME_TERMINAL_SERVICE', ':1.94'), ('SSH_AGENT_LAUNCHER', 'gnome-keyring'), ('SSH_AUTH_SOCK', '/run/user/1000/keyring/ssh'), ('AMENT_PREFIX_PATH', '/home/ambroise/hunav_ws/install/hunav_sim:/home/ambroise/hunav_ws/install/hunav_agent_manager:/home/ambroise/hunav_ws/install/people_msgs:/home/ambroise/hunav_ws/install/hunav_rviz2_panel:/home/ambroise/hunav_ws/install/hunav_behavior_tree_generator:/home/ambroise/hunav_ws/install/hunav_gazebo_wrapper:/home/ambroise/hunav_ws/install/hunav_evaluator:/home/ambroise/hunav_ws/install/hunav_msgs:/opt/ros/humble'), ('SHELL', '/bin/bash'), ('LC_NAME', 'fr_FR.UTF-8'), ('QT_ACCESSIBILITY', '1'), ('GDMSESSION', 'ubuntu'), ('LESSCLOSE', '/usr/bin/lesspipe %s %s'), ('LC_MEASUREMENT', 'fr_FR.UTF-8'), ('GPG_AGENT_INFO', '/run/user/1000/gnupg/S.gpg-agent:0:1'), ('GAZEBO_RESOURCE_PATH', '/usr/share/gazebo-11:/home/ambroise/hunav_ws/install/hunav_gazebo_wrapper/share/hunav_gazebo_wrapper:/home/ambroise/hunav_ws/install/hunav_gazebo_wrapper/share/hunav_gazebo_wrapper/models:/home/ambroise/hunav_ws/install/hunav_gazebo_wrapper/share/hunav_gazebo_wrapper/worlds'), ('LC_IDENTIFICATION', 'fr_FR.UTF-8'), ('GAZEBO_MODEL_DATABASE_URI', 'http://models.gazebosim.org'), ('QT_IM_MODULE', 'ibus'), ('PWD', '/home/ambroise/hunav_ws/build/hunav_gazebo_wrapper'), ('LC_ALL', 'en_US.UTF-8'), ('XDG_CONFIG_DIRS', '/etc/xdg/xdg-ubuntu:/etc/xdg'), ('GAZEBO_PLUGIN_PATH', '/usr/lib/x86_64-linux-gnu/gazebo-11/plugins:/home/ambroise/hunav_ws/install/hunav_gazebo_wrapper/lib'), ('XDG_DATA_DIRS', '/usr/share/ubuntu:/usr/share/gnome:/usr/local/share/:/usr/share/:/var/lib/snapd/desktop'), ('PYTHONPATH', '/home/ambroise/hunav_ws/install/people_msgs/local/lib/python3.10/dist-packages:/home/ambroise/hunav_ws/build/hunav_behavior_tree_generator:/home/ambroise/hunav_ws/install/hunav_behavior_tree_generator/lib/python3.10/site-packages:/home/ambroise/hunav_ws/build/hunav_evaluator:/home/ambroise/hunav_ws/install/hunav_evaluator/lib/python3.10/site-packages:/home/ambroise/hunav_ws/install/hunav_msgs/local/lib/python3.10/dist-packages:/opt/ros/humble/lib/python3.10/site-packages:/opt/ros/humble/local/lib/python3.10/dist-packages'), ('LC_NUMERIC', 'fr_FR.UTF-8'), ('LC_PAPER', 'fr_FR.UTF-8'), ('COLCON', '1'), ('VTE_VERSION', '6800'), ('CMAKE_PREFIX_PATH', '/home/ambroise/hunav_ws/install/hunav_msgs:/home/ambroise/hunav_ws/install/hunav_sim:/home/ambroise/hunav_ws/install/hunav_agent_manager:/home/ambroise/hunav_ws/install/people_msgs:/home/ambroise/hunav_ws/install/hunav_rviz2_panel:/home/ambroise/hunav_ws/install/hunav_gazebo_wrapper:/home/ambroise/hunav_ws/install/hunav_behavior_tree_generator:/home/ambroise/hunav_ws/install/hunav_evaluator:/opt/ros/humble')]), 'shell': False}
[0.025089] (hunav_gazebo_wrapper) StdoutLine: {'line': b'-- Found ament_cmake: 1.3.14 (/opt/ros/humble/share/ament_cmake/cmake)\n'}
[0.099256] (-) TimerEvent: {}
[0.131699] (hunav_gazebo_wrapper) StdoutLine: {'line': b'-- Override CMake install command with custom implementation using symlinks instead of copying resources\n'}
[0.138923] (hunav_gazebo_wrapper) StdoutLine: {'line': b'-- Found tinyxml2_vendor: 0.7.7 (/opt/ros/humble/share/tinyxml2_vendor/cmake)\n'}
[0.150737] (hunav_gazebo_wrapper) StdoutLine: {'line': b'-- Found ament_index_cpp: 1.4.1 (/opt/ros/humble/share/ament_index_cpp/cmake)\n'}
[0.151181] (hunav_gazebo_wrapper) StdoutLine: {'line': b'-- Found rclcpp: 16.0.19 (/opt/ros/humble/share/rclcpp/cmake)\n'}
[0.172743] (hunav_gazebo_wrapper) StdoutLine: {'line': b'-- Found rosidl_generator_c: 3.1.8 (/opt/ros/humble/share/rosidl_generator_c/cmake)\n'}
[0.174502] (hunav_gazebo_wrapper) StdoutLine: {'line': b'-- Found rosidl_adapter: 3.1.8 (/opt/ros/humble/share/rosidl_adapter/cmake)\n'}
[0.178897] (hunav_gazebo_wrapper) StdoutLine: {'line': b'-- Found rosidl_generator_cpp: 3.1.8 (/opt/ros/humble/share/rosidl_generator_cpp/cmake)\n'}
[0.186088] (hunav_gazebo_wrapper) StdoutLine: {'line': b'-- Using all available rosidl_typesupport_c: rosidl_typesupport_fastrtps_c;rosidl_typesupport_introspection_c\n'}
[0.195362] (hunav_gazebo_wrapper) StdoutLine: {'line': b'-- Using all available rosidl_typesupport_cpp: rosidl_typesupport_fastrtps_cpp;rosidl_typesupport_introspection_cpp\n'}
[0.199358] (-) TimerEvent: {}
[0.219618] (hunav_gazebo_wrapper) StdoutLine: {'line': b'-- Found rmw_implementation_cmake: 6.1.2 (/opt/ros/humble/share/rmw_implementation_cmake/cmake)\n'}
[0.220704] (hunav_gazebo_wrapper) StdoutLine: {'line': b'-- Found rmw_fastrtps_cpp: 6.2.10 (/opt/ros/humble/share/rmw_fastrtps_cpp/cmake)\n'}
[0.235310] (hunav_gazebo_wrapper) StdoutLine: {'line': b'-- Found TinyXML2 via Config file: TinyXML2_DIR-NOTFOUND\n'}
[0.244587] (hunav_gazebo_wrapper) StdoutLine: {'line': b'-- Found TinyXML2 via Config file: TinyXML2_DIR-NOTFOUND\n'}
[0.259860] (hunav_gazebo_wrapper) StdoutLine: {'line': b'-- Found TinyXML2 via Config file: TinyXML2_DIR-NOTFOUND\n'}
[0.267476] (hunav_gazebo_wrapper) StdoutLine: {'line': b'-- Found TinyXML2 via Config file: TinyXML2_DIR-NOTFOUND\n'}
[0.278977] (hunav_gazebo_wrapper) StdoutLine: {'line': b"-- Using RMW implementation 'rmw_fastrtps_cpp' as default\n"}
[0.299492] (-) TimerEvent: {}
[0.315122] (hunav_gazebo_wrapper) StdoutLine: {'line': b'-- Found gazebo_ros: 3.9.0 (/opt/ros/humble/share/gazebo_ros/cmake)\n'}
[0.344369] (hunav_gazebo_wrapper) StdoutLine: {'line': b'-- Found DART: /usr/include (Required is at least version "6.6") found components: dart \n'}
[0.367902] (hunav_gazebo_wrapper) StdoutLine: {'line': b'-- Found Protobuf: /usr/lib/x86_64-linux-gnu/libprotobuf.so (found version "3.12.4") \n'}
[0.369385] (hunav_gazebo_wrapper) StdoutLine: {'line': b'-- Looking for ignition-math6 -- found version 6.15.1\n'}
[0.372415] (hunav_gazebo_wrapper) StdoutLine: {'line': b'-- Searching for dependencies of ignition-math6\n'}
[0.373364] (hunav_gazebo_wrapper) StdoutLine: {'line': b'-- Looking for OGRE...\n'}
[0.378748] (hunav_gazebo_wrapper) StdoutLine: {'line': b'-- Found Ogre Ghadamon (1.9.0)\n'}
[0.379009] (hunav_gazebo_wrapper) StdoutLine: {'line': b'-- Found OGRE: optimized;/usr/lib/x86_64-linux-gnu/libOgreMain.so;debug;/usr/lib/x86_64-linux-gnu/libOgreMain.so\n'}
[0.386000] (hunav_gazebo_wrapper) StdoutLine: {'line': b'-- Looking for OGRE_Paging...\n'}
[0.386268] (hunav_gazebo_wrapper) StdoutLine: {'line': b'-- Found OGRE_Paging: optimized;/usr/lib/x86_64-linux-gnu/libOgrePaging.so;debug;/usr/lib/x86_64-linux-gnu/libOgrePaging.so\n'}
[0.386413] (hunav_gazebo_wrapper) StdoutLine: {'line': b'-- Looking for OGRE_Terrain...\n'}
[0.386524] (hunav_gazebo_wrapper) StdoutLine: {'line': b'-- Found OGRE_Terrain: optimized;/usr/lib/x86_64-linux-gnu/libOgreTerrain.so;debug;/usr/lib/x86_64-linux-gnu/libOgreTerrain.so\n'}
[0.386607] (hunav_gazebo_wrapper) StdoutLine: {'line': b'-- Looking for OGRE_Property...\n'}
[0.386682] (hunav_gazebo_wrapper) StdoutLine: {'line': b'-- Found OGRE_Property: optimized;/usr/lib/x86_64-linux-gnu/libOgreProperty.so;debug;/usr/lib/x86_64-linux-gnu/libOgreProperty.so\n'}
[0.386757] (hunav_gazebo_wrapper) StdoutLine: {'line': b'-- Looking for OGRE_RTShaderSystem...\n'}
[0.386829] (hunav_gazebo_wrapper) StdoutLine: {'line': b'-- Found OGRE_RTShaderSystem: optimized;/usr/lib/x86_64-linux-gnu/libOgreRTShaderSystem.so;debug;/usr/lib/x86_64-linux-gnu/libOgreRTShaderSystem.so\n'}
[0.386925] (hunav_gazebo_wrapper) StdoutLine: {'line': b'-- Looking for OGRE_Volume...\n'}
[0.386995] (hunav_gazebo_wrapper) StdoutLine: {'line': b'-- Found OGRE_Volume: optimized;/usr/lib/x86_64-linux-gnu/libOgreVolume.so;debug;/usr/lib/x86_64-linux-gnu/libOgreVolume.so\n'}
[0.387070] (hunav_gazebo_wrapper) StdoutLine: {'line': b'-- Looking for OGRE_Overlay...\n'}
[0.387157] (hunav_gazebo_wrapper) StdoutLine: {'line': b'-- Found OGRE_Overlay: optimized;/usr/lib/x86_64-linux-gnu/libOgreOverlay.so;debug;/usr/lib/x86_64-linux-gnu/libOgreOverlay.so\n'}
[0.399603] (-) TimerEvent: {}
[0.482443] (hunav_gazebo_wrapper) StdoutLine: {'line': b'-- Looking for ignition-math6 -- found version 6.15.1\n'}
[0.482829] (hunav_gazebo_wrapper) StdoutLine: {'line': b'-- Looking for ignition-transport8 -- found version 8.2.1\n'}
[0.483088] (hunav_gazebo_wrapper) StdoutLine: {'line': b'-- Searching for dependencies of ignition-transport8\n'}
[0.499690] (-) TimerEvent: {}
[0.502080] (hunav_gazebo_wrapper) StdoutLine: {'line': b'-- Found Protobuf: /usr/lib/x86_64-linux-gnu/libprotobuf.so (found suitable version "3.12.4", minimum required is "3") \n'}
[0.513487] (hunav_gazebo_wrapper) StdoutLine: {'line': b'-- Config-file not installed for ZeroMQ -- checking for pkg-config\n'}
[0.518709] (hunav_gazebo_wrapper) StdoutLine: {'line': b"-- Checking for module 'libzmq >= 4'\n"}
[0.535103] (hunav_gazebo_wrapper) StdoutLine: {'line': b'--   Found libzmq , version 4.3.4\n'}
[0.584303] (hunav_gazebo_wrapper) StdoutLine: {'line': b"-- Checking for module 'uuid'\n"}
[0.599792] (-) TimerEvent: {}
[0.600037] (hunav_gazebo_wrapper) StdoutLine: {'line': b'--   Found uuid, version 2.37.2\n'}
[0.639468] (hunav_gazebo_wrapper) StdoutLine: {'line': b'-- Looking for ignition-msgs5 -- found version 5.8.1\n'}
[0.639835] (hunav_gazebo_wrapper) StdoutLine: {'line': b'-- Searching for dependencies of ignition-msgs5\n'}
[0.659971] (hunav_gazebo_wrapper) StdoutLine: {'line': b'-- Looking for ignition-math6 -- found version 6.15.1\n'}
[0.666436] (hunav_gazebo_wrapper) StdoutLine: {'line': b'-- Looking for ignition-msgs5 -- found version 5.8.1\n'}
[0.666732] (hunav_gazebo_wrapper) StdoutLine: {'line': b'-- Looking for ignition-common3 -- found version 3.14.0\n'}
[0.667043] (hunav_gazebo_wrapper) StdoutLine: {'line': b'-- Searching for dependencies of ignition-common3\n'}
[0.667231] (hunav_gazebo_wrapper) StdoutLine: {'line': b'-- Looking for dlfcn.h - found\n'}
[0.667305] (hunav_gazebo_wrapper) StdoutLine: {'line': b'-- Looking for libdl - found\n'}
[0.678424] (hunav_gazebo_wrapper) StdoutLine: {'line': b'-- Searching for <ignition-common3> component [graphics]\n'}
[0.678716] (hunav_gazebo_wrapper) StdoutLine: {'line': b'-- Looking for ignition-common3-graphics -- found version 3.14.0\n'}
[0.679060] (hunav_gazebo_wrapper) StdoutLine: {'line': b'-- Searching for dependencies of ignition-common3-graphics\n'}
[0.679315] (hunav_gazebo_wrapper) StdoutLine: {'line': b'-- Looking for ignition-math6 -- found version 6.15.1\n'}
[0.680027] (hunav_gazebo_wrapper) StdoutLine: {'line': b'-- Looking for ignition-fuel_tools4 -- found version 4.4.0\n'}
[0.680291] (hunav_gazebo_wrapper) StdoutLine: {'line': b'-- Searching for dependencies of ignition-fuel_tools4\n'}
[0.699871] (-) TimerEvent: {}
[0.719814] (hunav_gazebo_wrapper) StdoutLine: {'line': b"-- Checking for module 'jsoncpp'\n"}
[0.732714] (hunav_gazebo_wrapper) StdoutLine: {'line': b'--   Found jsoncpp, version 1.9.5\n'}
[0.776910] (hunav_gazebo_wrapper) StdoutLine: {'line': b"-- Checking for module 'libzip'\n"}
[0.790598] (hunav_gazebo_wrapper) StdoutLine: {'line': b'--   Found libzip, version 1.7.3\n'}
[0.799963] (-) TimerEvent: {}
[0.831460] (hunav_gazebo_wrapper) StdoutLine: {'line': b'-- Looking for ignition-common3 -- found version 3.14.0\n'}
[0.831763] (hunav_gazebo_wrapper) StdoutLine: {'line': b'-- Looking for ignition-math6 -- found version 6.15.1\n'}
[0.831949] (hunav_gazebo_wrapper) StdoutLine: {'line': b'-- Looking for ignition-msgs5 -- found version 5.8.1\n'}
[0.833375] (hunav_gazebo_wrapper) StdoutLine: {'line': b'-- Gazebo version: 11.10\n'}
[0.835728] (hunav_gazebo_wrapper) StdoutLine: {'line': b'-- Found hunav_msgs: 1.0.0 (/home/ambroise/hunav_ws/install/hunav_msgs/share/hunav_msgs/cmake)\n'}
[0.856927] (hunav_gazebo_wrapper) StdoutLine: {'line': b'-- Found tf2: 0.25.20 (/opt/ros/humble/share/tf2/cmake)\n'}
[0.859779] (hunav_gazebo_wrapper) StdoutLine: {'line': b'-- Found tf2_geometry_msgs: 0.25.20 (/opt/ros/humble/share/tf2_geometry_msgs/cmake)\n'}
[0.862148] (hunav_gazebo_wrapper) StdoutLine: {'line': b'-- Found eigen3_cmake_module: 0.1.1 (/opt/ros/humble/share/eigen3_cmake_module/cmake)\n'}
[0.863143] (hunav_gazebo_wrapper) StdoutLine: {'line': b'-- Ensuring Eigen3 include directory is part of orocos-kdl CMake target\n'}
[0.900086] (-) TimerEvent: {}
[0.986726] (hunav_gazebo_wrapper) StdoutLine: {'line': b'-- Configuring done\n'}
[1.000201] (-) TimerEvent: {}
[1.011707] (hunav_gazebo_wrapper) StdoutLine: {'line': b'-- Generating done\n'}
[1.017539] (hunav_gazebo_wrapper) StdoutLine: {'line': b'-- Build files have been written to: /home/ambroise/hunav_ws/build/hunav_gazebo_wrapper\n'}
[1.029275] (hunav_gazebo_wrapper) CommandEnded: {'returncode': 0}
[1.030131] (hunav_gazebo_wrapper) JobProgress: {'identifier': 'hunav_gazebo_wrapper', 'progress': 'build'}
[1.031800] (hunav_gazebo_wrapper) Command: {'cmd': ['/usr/bin/cmake', '--build', '/home/ambroise/hunav_ws/build/hunav_gazebo_wrapper', '--', '-j16', '-l16'], 'cwd': '/home/ambroise/hunav_ws/build/hunav_gazebo_wrapper', 'env': OrderedDict([('LESSOPEN', '| /usr/bin/lesspipe %s'), ('USER', 'ambroise'), ('LC_TIME', 'fr_FR.UTF-8'), ('XDG_SESSION_TYPE', 'x11'), ('SHLVL', '1'), ('LIBGL_ALWAYS_SOFTWARE', '1'), ('LD_LIBRARY_PATH', '/home/ambroise/hunav_ws/install/hunav_msgs/lib:/home/ambroise/hunav_ws/install/people_msgs/lib:/home/ambroise/hunav_ws/install/hunav_rviz2_panel/lib:/home/ambroise/hunav_ws/install/hunav_gazebo_wrapper/lib:/usr/lib/x86_64-linux-gnu/gazebo-11/plugins:/opt/ros/humble/opt/rviz_ogre_vendor/lib:/opt/ros/humble/lib/x86_64-linux-gnu:/opt/ros/humble/lib:/usr/lib/x86_64-linux-gnu/gazebo-11/plugins:/home/ambroise/hunav_ws/install/hunav_gazebo_wrapper/lib'), ('HOME', '/home/ambroise'), ('OLDPWD', '/home/ambroise/hunav_ws'), ('DESKTOP_SESSION', 'ubuntu'), ('GAZEBO_MASTER_URI', 'http://localhost:11345'), ('ROS_PYTHON_VERSION', '3'), ('GNOME_SHELL_SESSION_MODE', 'ubuntu'), ('GTK_MODULES', 'gail:atk-bridge'), ('LC_MONETARY', 'fr_FR.UTF-8'), ('SYSTEMD_EXEC_PID', '2627'), ('DBUS_SESSION_BUS_ADDRESS', 'unix:path=/run/user/1000/bus'), ('COLORTERM', 'truecolor'), ('COLCON_PREFIX_PATH', '/home/ambroise/hunav_ws/install'), ('ROS_DISTRO', 'humble'), ('GTK_IM_MODULE', 'ibus'), ('LOGNAME', 'ambroise'), ('_', '/usr/bin/colcon'), ('ROS_VERSION', '2'), ('XDG_SESSION_CLASS', 'user'), ('USERNAME', 'ambroise'), ('TERM', 'xterm-256color'), ('GAZEBO_MODEL_PATH', '/usr/share/gazebo-11/models:/home/ambroise/hunav_ws/install/hunav_gazebo_wrapper/share/hunav_gazebo_wrapper:/home/ambroise/hunav_ws/install/hunav_gazebo_wrapper/share/hunav_gazebo_wrapper/models'), ('GNOME_DESKTOP_SESSION_ID', 'this-is-deprecated'), ('ROS_LOCALHOST_ONLY', '0'), ('WINDOWPATH', '2'), ('OGRE_RESOURCE_PATH', '/usr/lib/x86_64-linux-gnu/OGRE-1.9.0'), ('PATH', '/opt/ros/humble/bin:/usr/local/sbin:/usr/local/bin:/usr/sbin:/usr/bin:/sbin:/bin:/usr/games:/usr/local/games:/snap/bin:/snap/bin'), ('SESSION_MANAGER', 'local/ambroise-Zenbook-15-UM3504DA-UM3504DA:@/tmp/.ICE-unix/1870,unix/ambroise-Zenbook-15-UM3504DA-UM3504DA:/tmp/.ICE-unix/1870'), ('XDG_MENU_PREFIX', 'gnome-'), ('LC_ADDRESS', 'fr_FR.UTF-8'), ('GNOME_TERMINAL_SCREEN', '/org/gnome/Terminal/screen/151cba4d_ae9d_4fdb_9f64_ebebf9d99074'), ('XDG_RUNTIME_DIR', '/run/user/1000'), ('DISPLAY', ':1'), ('LANG', 'en_US.UTF-8'), ('XDG_CURRENT_DESKTOP', 'ubuntu:GNOME'), ('LC_TELEPHONE', 'fr_FR.UTF-8'), ('XMODIFIERS', '@im=ibus'), ('XDG_SESSION_DESKTOP', 'ubuntu'), ('XAUTHORITY', '/run/user/1000/gdm/Xauthority'), ('LS_COLORS', 'rs=0:di=01;34:ln=01;36:mh=00:pi=40;33:so=01;35:do=01;35:bd=40;33;01:cd=40;33;01:or=40;31;01:mi=00:su=37;41:sg=30;43:ca=30;41:tw=30;42:ow=34;42:st=37;44:ex=01;32:*.tar=01;31:*.tgz=01;31:*.arc=01;31:*.arj=01;31:*.taz=01;31:*.lha=01;31:*.lz4=01;31:*.lzh=01;31:*.lzma=01;31:*.tlz=01;31:*.txz=01;31:*.tzo=01;31:*.t7z=01;31:*.zip=01;31:*.z=01;31:*.dz=01;31:*.gz=01;31:*.lrz=01;31:*.lz=01;31:*.lzo=01;31:*.xz=01;31:*.zst=01;31:*.tzst=01;31:*.bz2=01;31:*.bz=01;31:*.tbz=01;31:*.tbz2=01;31:*.tz=01;31:*.deb=01;31:*.rpm=01;31:*.jar=01;31:*.war=01;31:*.ear=01;31:*.sar=01;31:*.rar=01;31:*.alz=01;31:*.ace=01;31:*.zoo=01;31:*.cpio=01;31:*.7z=01;31:*.rz=01;31:*.cab=01;31:*.wim=01;31:*.swm=01;31:*.dwm=01;31:*.esd=01;31:*.jpg=01;35:*.jpeg=01;35:*.mjpg=01;35:*.mjpeg=01;35:*.gif=01;35:*.bmp=01;35:*.pbm=01;35:*.pgm=01;35:*.ppm=01;35:*.tga=01;35:*.xbm=01;35:*.xpm=01;35:*.tif=01;35:*.tiff=01;35:*.png=01;35:*.svg=01;35:*.svgz=01;35:*.mng=01;35:*.pcx=01;35:*.mov=01;35:*.mpg=01;35:*.mpeg=01;35:*.m2v=01;35:*.mkv=01;35:*.webm=01;35:*.webp=01;35:*.ogm=01;35:*.mp4=01;35:*.m4v=01;35:*.mp4v=01;35:*.vob=01;35:*.qt=01;35:*.nuv=01;35:*.wmv=01;35:*.asf=01;35:*.rm=01;35:*.rmvb=01;35:*.flc=01;35:*.avi=01;35:*.fli=01;35:*.flv=01;35:*.gl=01;35:*.dl=01;35:*.xcf=01;35:*.xwd=01;35:*.yuv=01;35:*.cgm=01;35:*.emf=01;35:*.ogv=01;35:*.ogx=01;35:*.aac=00;36:*.au=00;36:*.flac=00;36:*.m4a=00;36:*.mid=00;36:*.midi=00;36:*.mka=00;36:*.mp3=00;36:*.mpc=00;36:*.ogg=00;36:*.ra=00;36:*.wav=00;36:*.oga=00;36:*.opus=00;36:*.spx=00;36:*.xspf=00;36:'), ('GNOME_TERMINAL_SERVICE', ':1.94'), ('SSH_AGENT_LAUNCHER', 'gnome-keyring'), ('SSH_AUTH_SOCK', '/run/user/1000/keyring/ssh'), ('AMENT_PREFIX_PATH', '/home/ambroise/hunav_ws/install/hunav_sim:/home/ambroise/hunav_ws/install/hunav_agent_manager:/home/ambroise/hunav_ws/install/people_msgs:/home/ambroise/hunav_ws/install/hunav_rviz2_panel:/home/ambroise/hunav_ws/install/hunav_behavior_tree_generator:/home/ambroise/hunav_ws/install/hunav_gazebo_wrapper:/home/ambroise/hunav_ws/install/hunav_evaluator:/home/ambroise/hunav_ws/install/hunav_msgs:/opt/ros/humble'), ('SHELL', '/bin/bash'), ('LC_NAME', 'fr_FR.UTF-8'), ('QT_ACCESSIBILITY', '1'), ('GDMSESSION', 'ubuntu'), ('LESSCLOSE', '/usr/bin/lesspipe %s %s'), ('LC_MEASUREMENT', 'fr_FR.UTF-8'), ('GPG_AGENT_INFO', '/run/user/1000/gnupg/S.gpg-agent:0:1'), ('GAZEBO_RESOURCE_PATH', '/usr/share/gazebo-11:/home/ambroise/hunav_ws/install/hunav_gazebo_wrapper/share/hunav_gazebo_wrapper:/home/ambroise/hunav_ws/install/hunav_gazebo_wrapper/share/hunav_gazebo_wrapper/models:/home/ambroise/hunav_ws/install/hunav_gazebo_wrapper/share/hunav_gazebo_wrapper/worlds'), ('LC_IDENTIFICATION', 'fr_FR.UTF-8'), ('GAZEBO_MODEL_DATABASE_URI', 'http://models.gazebosim.org'), ('QT_IM_MODULE', 'ibus'), ('PWD', '/home/ambroise/hunav_ws/build/hunav_gazebo_wrapper'), ('LC_ALL', 'en_US.UTF-8'), ('XDG_CONFIG_DIRS', '/etc/xdg/xdg-ubuntu:/etc/xdg'), ('GAZEBO_PLUGIN_PATH', '/usr/lib/x86_64-linux-gnu/gazebo-11/plugins:/home/ambroise/hunav_ws/install/hunav_gazebo_wrapper/lib'), ('XDG_DATA_DIRS', '/usr/share/ubuntu:/usr/share/gnome:/usr/local/share/:/usr/share/:/var/lib/snapd/desktop'), ('PYTHONPATH', '/home/ambroise/hunav_ws/install/people_msgs/local/lib/python3.10/dist-packages:/home/ambroise/hunav_ws/build/hunav_behavior_tree_generator:/home/ambroise/hunav_ws/install/hunav_behavior_tree_generator/lib/python3.10/site-packages:/home/ambroise/hunav_ws/build/hunav_evaluator:/home/ambroise/hunav_ws/install/hunav_evaluator/lib/python3.10/site-packages:/home/ambroise/hunav_ws/install/hunav_msgs/local/lib/python3.10/dist-packages:/opt/ros/humble/lib/python3.10/site-packages:/opt/ros/humble/local/lib/python3.10/dist-packages'), ('LC_NUMERIC', 'fr_FR.UTF-8'), ('LC_PAPER', 'fr_FR.UTF-8'), ('COLCON', '1'), ('VTE_VERSION', '6800'), ('CMAKE_PREFIX_PATH', '/home/ambroise/hunav_ws/install/hunav_msgs:/home/ambroise/hunav_ws/install/hunav_sim:/home/ambroise/hunav_ws/install/hunav_agent_manager:/home/ambroise/hunav_ws/install/people_msgs:/home/ambroise/hunav_ws/install/hunav_rviz2_panel:/home/ambroise/hunav_ws/install/hunav_gazebo_wrapper:/home/ambroise/hunav_ws/install/hunav_behavior_tree_generator:/home/ambroise/hunav_ws/install/hunav_evaluator:/opt/ros/humble')]), 'shell': False}
[1.078388] (hunav_gazebo_wrapper) StdoutLine: {'line': b'\x1b[35m\x1b[1mConsolidate compiler generated dependencies of target hunav_gazebo_world_generator\x1b[0m\n'}
[1.079164] (hunav_gazebo_wrapper) StdoutLine: {'line': b'\x1b[35m\x1b[1mConsolidate compiler generated dependencies of target HuNavPlugin\x1b[0m\n'}
[1.097915] (hunav_gazebo_wrapper) StdoutLine: {'line': b'[ 50%] Built target hunav_gazebo_world_generator\n'}
[1.100296] (-) TimerEvent: {}
[1.110005] (hunav_gazebo_wrapper) StdoutLine: {'line': b'[100%] Built target HuNavPlugin\n'}
[1.121510] (hunav_gazebo_wrapper) CommandEnded: {'returncode': 0}
[1.122277] (hunav_gazebo_wrapper) JobProgress: {'identifier': 'hunav_gazebo_wrapper', 'progress': 'install'}
[1.132523] (hunav_gazebo_wrapper) Command: {'cmd': ['/usr/bin/cmake', '--install', '/home/ambroise/hunav_ws/build/hunav_gazebo_wrapper'], 'cwd': '/home/ambroise/hunav_ws/build/hunav_gazebo_wrapper', 'env': OrderedDict([('LESSOPEN', '| /usr/bin/lesspipe %s'), ('USER', 'ambroise'), ('LC_TIME', 'fr_FR.UTF-8'), ('XDG_SESSION_TYPE', 'x11'), ('SHLVL', '1'), ('LIBGL_ALWAYS_SOFTWARE', '1'), ('LD_LIBRARY_PATH', '/home/ambroise/hunav_ws/install/hunav_msgs/lib:/home/ambroise/hunav_ws/install/people_msgs/lib:/home/ambroise/hunav_ws/install/hunav_rviz2_panel/lib:/home/ambroise/hunav_ws/install/hunav_gazebo_wrapper/lib:/usr/lib/x86_64-linux-gnu/gazebo-11/plugins:/opt/ros/humble/opt/rviz_ogre_vendor/lib:/opt/ros/humble/lib/x86_64-linux-gnu:/opt/ros/humble/lib:/usr/lib/x86_64-linux-gnu/gazebo-11/plugins:/home/ambroise/hunav_ws/install/hunav_gazebo_wrapper/lib'), ('HOME', '/home/ambroise'), ('OLDPWD', '/home/ambroise/hunav_ws'), ('DESKTOP_SESSION', 'ubuntu'), ('GAZEBO_MASTER_URI', 'http://localhost:11345'), ('ROS_PYTHON_VERSION', '3'), ('GNOME_SHELL_SESSION_MODE', 'ubuntu'), ('GTK_MODULES', 'gail:atk-bridge'), ('LC_MONETARY', 'fr_FR.UTF-8'), ('SYSTEMD_EXEC_PID', '2627'), ('DBUS_SESSION_BUS_ADDRESS', 'unix:path=/run/user/1000/bus'), ('COLORTERM', 'truecolor'), ('COLCON_PREFIX_PATH', '/home/ambroise/hunav_ws/install'), ('ROS_DISTRO', 'humble'), ('GTK_IM_MODULE', 'ibus'), ('LOGNAME', 'ambroise'), ('_', '/usr/bin/colcon'), ('ROS_VERSION', '2'), ('XDG_SESSION_CLASS', 'user'), ('USERNAME', 'ambroise'), ('TERM', 'xterm-256color'), ('GAZEBO_MODEL_PATH', '/usr/share/gazebo-11/models:/home/ambroise/hunav_ws/install/hunav_gazebo_wrapper/share/hunav_gazebo_wrapper:/home/ambroise/hunav_ws/install/hunav_gazebo_wrapper/share/hunav_gazebo_wrapper/models'), ('GNOME_DESKTOP_SESSION_ID', 'this-is-deprecated'), ('ROS_LOCALHOST_ONLY', '0'), ('WINDOWPATH', '2'), ('OGRE_RESOURCE_PATH', '/usr/lib/x86_64-linux-gnu/OGRE-1.9.0'), ('PATH', '/opt/ros/humble/bin:/usr/local/sbin:/usr/local/bin:/usr/sbin:/usr/bin:/sbin:/bin:/usr/games:/usr/local/games:/snap/bin:/snap/bin'), ('SESSION_MANAGER', 'local/ambroise-Zenbook-15-UM3504DA-UM3504DA:@/tmp/.ICE-unix/1870,unix/ambroise-Zenbook-15-UM3504DA-UM3504DA:/tmp/.ICE-unix/1870'), ('XDG_MENU_PREFIX', 'gnome-'), ('LC_ADDRESS', 'fr_FR.UTF-8'), ('GNOME_TERMINAL_SCREEN', '/org/gnome/Terminal/screen/151cba4d_ae9d_4fdb_9f64_ebebf9d99074'), ('XDG_RUNTIME_DIR', '/run/user/1000'), ('DISPLAY', ':1'), ('LANG', 'en_US.UTF-8'), ('XDG_CURRENT_DESKTOP', 'ubuntu:GNOME'), ('LC_TELEPHONE', 'fr_FR.UTF-8'), ('XMODIFIERS', '@im=ibus'), ('XDG_SESSION_DESKTOP', 'ubuntu'), ('XAUTHORITY', '/run/user/1000/gdm/Xauthority'), ('LS_COLORS', 'rs=0:di=01;34:ln=01;36:mh=00:pi=40;33:so=01;35:do=01;35:bd=40;33;01:cd=40;33;01:or=40;31;01:mi=00:su=37;41:sg=30;43:ca=30;41:tw=30;42:ow=34;42:st=37;44:ex=01;32:*.tar=01;31:*.tgz=01;31:*.arc=01;31:*.arj=01;31:*.taz=01;31:*.lha=01;31:*.lz4=01;31:*.lzh=01;31:*.lzma=01;31:*.tlz=01;31:*.txz=01;31:*.tzo=01;31:*.t7z=01;31:*.zip=01;31:*.z=01;31:*.dz=01;31:*.gz=01;31:*.lrz=01;31:*.lz=01;31:*.lzo=01;31:*.xz=01;31:*.zst=01;31:*.tzst=01;31:*.bz2=01;31:*.bz=01;31:*.tbz=01;31:*.tbz2=01;31:*.tz=01;31:*.deb=01;31:*.rpm=01;31:*.jar=01;31:*.war=01;31:*.ear=01;31:*.sar=01;31:*.rar=01;31:*.alz=01;31:*.ace=01;31:*.zoo=01;31:*.cpio=01;31:*.7z=01;31:*.rz=01;31:*.cab=01;31:*.wim=01;31:*.swm=01;31:*.dwm=01;31:*.esd=01;31:*.jpg=01;35:*.jpeg=01;35:*.mjpg=01;35:*.mjpeg=01;35:*.gif=01;35:*.bmp=01;35:*.pbm=01;35:*.pgm=01;35:*.ppm=01;35:*.tga=01;35:*.xbm=01;35:*.xpm=01;35:*.tif=01;35:*.tiff=01;35:*.png=01;35:*.svg=01;35:*.svgz=01;35:*.mng=01;35:*.pcx=01;35:*.mov=01;35:*.mpg=01;35:*.mpeg=01;35:*.m2v=01;35:*.mkv=01;35:*.webm=01;35:*.webp=01;35:*.ogm=01;35:*.mp4=01;35:*.m4v=01;35:*.mp4v=01;35:*.vob=01;35:*.qt=01;35:*.nuv=01;35:*.wmv=01;35:*.asf=01;35:*.rm=01;35:*.rmvb=01;35:*.flc=01;35:*.avi=01;35:*.fli=01;35:*.flv=01;35:*.gl=01;35:*.dl=01;35:*.xcf=01;35:*.xwd=01;35:*.yuv=01;35:*.cgm=01;35:*.emf=01;35:*.ogv=01;35:*.ogx=01;35:*.aac=00;36:*.au=00;36:*.flac=00;36:*.m4a=00;36:*.mid=00;36:*.midi=00;36:*.mka=00;36:*.mp3=00;36:*.mpc=00;36:*.ogg=00;36:*.ra=00;36:*.wav=00;36:*.oga=00;36:*.opus=00;36:*.spx=00;36:*.xspf=00;36:'), ('GNOME_TERMINAL_SERVICE', ':1.94'), ('SSH_AGENT_LAUNCHER', 'gnome-keyring'), ('SSH_AUTH_SOCK', '/run/user/1000/keyring/ssh'), ('AMENT_PREFIX_PATH', '/home/ambroise/hunav_ws/install/hunav_sim:/home/ambroise/hunav_ws/install/hunav_agent_manager:/home/ambroise/hunav_ws/install/people_msgs:/home/ambroise/hunav_ws/install/hunav_rviz2_panel:/home/ambroise/hunav_ws/install/hunav_behavior_tree_generator:/home/ambroise/hunav_ws/install/hunav_gazebo_wrapper:/home/ambroise/hunav_ws/install/hunav_evaluator:/home/ambroise/hunav_ws/install/hunav_msgs:/opt/ros/humble'), ('SHELL', '/bin/bash'), ('LC_NAME', 'fr_FR.UTF-8'), ('QT_ACCESSIBILITY', '1'), ('GDMSESSION', 'ubuntu'), ('LESSCLOSE', '/usr/bin/lesspipe %s %s'), ('LC_MEASUREMENT', 'fr_FR.UTF-8'), ('GPG_AGENT_INFO', '/run/user/1000/gnupg/S.gpg-agent:0:1'), ('GAZEBO_RESOURCE_PATH', '/usr/share/gazebo-11:/home/ambroise/hunav_ws/install/hunav_gazebo_wrapper/share/hunav_gazebo_wrapper:/home/ambroise/hunav_ws/install/hunav_gazebo_wrapper/share/hunav_gazebo_wrapper/models:/home/ambroise/hunav_ws/install/hunav_gazebo_wrapper/share/hunav_gazebo_wrapper/worlds'), ('LC_IDENTIFICATION', 'fr_FR.UTF-8'), ('GAZEBO_MODEL_DATABASE_URI', 'http://models.gazebosim.org'), ('QT_IM_MODULE', 'ibus'), ('PWD', '/home/ambroise/hunav_ws/build/hunav_gazebo_wrapper'), ('LC_ALL', 'en_US.UTF-8'), ('XDG_CONFIG_DIRS', '/etc/xdg/xdg-ubuntu:/etc/xdg'), ('GAZEBO_PLUGIN_PATH', '/usr/lib/x86_64-linux-gnu/gazebo-11/plugins:/home/ambroise/hunav_ws/install/hunav_gazebo_wrapper/lib'), ('XDG_DATA_DIRS', '/usr/share/ubuntu:/usr/share/gnome:/usr/local/share/:/usr/share/:/var/lib/snapd/desktop'), ('PYTHONPATH', '/home/ambroise/hunav_ws/install/people_msgs/local/lib/python3.10/dist-packages:/home/ambroise/hunav_ws/build/hunav_behavior_tree_generator:/home/ambroise/hunav_ws/install/hunav_behavior_tree_generator/lib/python3.10/site-packages:/home/ambroise/hunav_ws/build/hunav_evaluator:/home/ambroise/hunav_ws/install/hunav_evaluator/lib/python3.10/site-packages:/home/ambroise/hunav_ws/install/hunav_msgs/local/lib/python3.10/dist-packages:/opt/ros/humble/lib/python3.10/site-packages:/opt/ros/humble/local/lib/python3.10/dist-packages'), ('LC_NUMERIC', 'fr_FR.UTF-8'), ('LC_PAPER', 'fr_FR.UTF-8'), ('COLCON', '1'), ('VTE_VERSION', '6800'), ('CMAKE_PREFIX_PATH', '/home/ambroise/hunav_ws/install/hunav_msgs:/home/ambroise/hunav_ws/install/hunav_sim:/home/ambroise/hunav_ws/install/hunav_agent_manager:/home/ambroise/hunav_ws/install/people_msgs:/home/ambroise/hunav_ws/install/hunav_rviz2_panel:/home/ambroise/hunav_ws/install/hunav_gazebo_wrapper:/home/ambroise/hunav_ws/install/hunav_behavior_tree_generator:/home/ambroise/hunav_ws/install/hunav_evaluator:/opt/ros/humble')]), 'shell': False}
[1.141469] (hunav_gazebo_wrapper) StdoutLine: {'line': b'-- Install configuration: ""\n'}
[1.141886] (hunav_gazebo_wrapper) StdoutLine: {'line': b'-- Execute custom install script\n'}
[1.142110] (hunav_gazebo_wrapper) StdoutLine: {'line': b'-- Up-to-date symlink: /home/ambroise/hunav_ws/install/hunav_gazebo_wrapper/share/hunav_gazebo_wrapper/environment/library_path.sh\n'}
[1.142292] (hunav_gazebo_wrapper) StdoutLine: {'line': b'-- Up-to-date symlink: /home/ambroise/hunav_ws/install/hunav_gazebo_wrapper/share/hunav_gazebo_wrapper/environment/library_path.dsv\n'}
[1.142470] (hunav_gazebo_wrapper) StdoutLine: {'line': b'-- Up-to-date symlink: /home/ambroise/hunav_ws/install/hunav_gazebo_wrapper/lib/hunav_gazebo_wrapper/hunav_gazebo_world_generator\n'}
[1.142547] (hunav_gazebo_wrapper) StdoutLine: {'line': b'-- Up-to-date symlink: /home/ambroise/hunav_ws/install/hunav_gazebo_wrapper/lib/libHuNavPlugin.so\n'}
[1.142823] (hunav_gazebo_wrapper) StdoutLine: {'line': b'-- Up-to-date symlink: /home/ambroise/hunav_ws/install/hunav_gazebo_wrapper/include/hunav_gazebo_wrapper/HuNavPlugin.h\n'}
[1.142970] (hunav_gazebo_wrapper) StdoutLine: {'line': b'-- Up-to-date symlink: /home/ambroise/hunav_ws/install/hunav_gazebo_wrapper/include/hunav_gazebo_wrapper/WorldGenerator.hpp\n'}
[1.143140] (hunav_gazebo_wrapper) StdoutLine: {'line': b'-- Up-to-date symlink: /home/ambroise/hunav_ws/install/hunav_gazebo_wrapper/share/hunav_gazebo_wrapper/launch/params.yaml\n'}
[1.143276] (hunav_gazebo_wrapper) StdoutLine: {'line': b'-- Up-to-date symlink: /home/ambroise/hunav_ws/install/hunav_gazebo_wrapper/share/hunav_gazebo_wrapper/launch/pmb2_cafe.launch.py\n'}
[1.143371] (hunav_gazebo_wrapper) StdoutLine: {'line': b'-- Up-to-date symlink: /home/ambroise/hunav_ws/install/hunav_gazebo_wrapper/share/hunav_gazebo_wrapper/launch/pmb2_hunav.launch.py\n'}
[1.143452] (hunav_gazebo_wrapper) StdoutLine: {'line': b'-- Up-to-date symlink: /home/ambroise/hunav_ws/install/hunav_gazebo_wrapper/share/hunav_gazebo_wrapper/launch/pmb2_pal.launch.py\n'}
[1.143504] (hunav_gazebo_wrapper) StdoutLine: {'line': b'-- Up-to-date symlink: /home/ambroise/hunav_ws/install/hunav_gazebo_wrapper/share/hunav_gazebo_wrapper/launch/pmb2_params/pmb2_nav_public_sim.yaml\n'}
[1.143571] (hunav_gazebo_wrapper) StdoutLine: {'line': b'-- Up-to-date symlink: /home/ambroise/hunav_ws/install/hunav_gazebo_wrapper/share/hunav_gazebo_wrapper/launch/simulation.launch.py\n'}
[1.143617] (hunav_gazebo_wrapper) StdoutLine: {'line': b'-- Up-to-date symlink: /home/ambroise/hunav_ws/install/hunav_gazebo_wrapper/share/hunav_gazebo_wrapper/launch/small_house.launch.py\n'}
[1.143695] (hunav_gazebo_wrapper) StdoutLine: {'line': b'-- Up-to-date symlink: /home/ambroise/hunav_ws/install/hunav_gazebo_wrapper/share/hunav_gazebo_wrapper/launch/small_warehouse.launch.py\n'}
[1.143874] (hunav_gazebo_wrapper) StdoutLine: {'line': b'-- Up-to-date symlink: /home/ambroise/hunav_ws/install/hunav_gazebo_wrapper/share/hunav_gazebo_wrapper/worlds/cafe.world\n'}
[1.143947] (hunav_gazebo_wrapper) StdoutLine: {'line': b'-- Up-to-date symlink: /home/ambroise/hunav_ws/install/hunav_gazebo_wrapper/share/hunav_gazebo_wrapper/worlds/example_cafe.world\n'}
[1.144023] (hunav_gazebo_wrapper) StdoutLine: {'line': b'-- Up-to-date symlink: /home/ambroise/hunav_ws/install/hunav_gazebo_wrapper/share/hunav_gazebo_wrapper/worlds/house.world\n'}
[1.144080] (hunav_gazebo_wrapper) StdoutLine: {'line': b'-- Up-to-date symlink: /home/ambroise/hunav_ws/install/hunav_gazebo_wrapper/share/hunav_gazebo_wrapper/worlds/warehouse.world\n'}
[1.144257] (hunav_gazebo_wrapper) StdoutLine: {'line': b'-- Up-to-date symlink: /home/ambroise/hunav_ws/install/hunav_gazebo_wrapper/share/hunav_gazebo_wrapper/maps/cafe.pgm\n'}
[1.144322] (hunav_gazebo_wrapper) StdoutLine: {'line': b'-- Up-to-date symlink: /home/ambroise/hunav_ws/install/hunav_gazebo_wrapper/share/hunav_gazebo_wrapper/maps/cafe.yaml\n'}
[1.144403] (hunav_gazebo_wrapper) StdoutLine: {'line': b'-- Up-to-date symlink: /home/ambroise/hunav_ws/install/hunav_gazebo_wrapper/share/hunav_gazebo_wrapper/maps/house.pgm\n'}
[1.144476] (hunav_gazebo_wrapper) StdoutLine: {'line': b'-- Up-to-date symlink: /home/ambroise/hunav_ws/install/hunav_gazebo_wrapper/share/hunav_gazebo_wrapper/maps/house.yaml\n'}
[1.144526] (hunav_gazebo_wrapper) StdoutLine: {'line': b'-- Up-to-date symlink: /home/ambroise/hunav_ws/install/hunav_gazebo_wrapper/share/hunav_gazebo_wrapper/maps/warehouse.pgm\n'}
[1.144583] (hunav_gazebo_wrapper) StdoutLine: {'line': b'-- Up-to-date symlink: /home/ambroise/hunav_ws/install/hunav_gazebo_wrapper/share/hunav_gazebo_wrapper/maps/warehouse.yaml\n'}
[1.144751] (hunav_gazebo_wrapper) StdoutLine: {'line': b'-- Up-to-date symlink: /home/ambroise/hunav_ws/install/hunav_gazebo_wrapper/share/hunav_gazebo_wrapper/scenarios/agents_cafe.yaml\n'}
[1.144821] (hunav_gazebo_wrapper) StdoutLine: {'line': b'-- Up-to-date symlink: /home/ambroise/hunav_ws/install/hunav_gazebo_wrapper/share/hunav_gazebo_wrapper/scenarios/agents_house.yaml\n'}
[1.144890] (hunav_gazebo_wrapper) StdoutLine: {'line': b'-- Up-to-date symlink: /home/ambroise/hunav_ws/install/hunav_gazebo_wrapper/share/hunav_gazebo_wrapper/scenarios/agents_warehouse.yaml\n'}
[1.144960] (hunav_gazebo_wrapper) StdoutLine: {'line': b'-- Up-to-date symlink: /home/ambroise/hunav_ws/install/hunav_gazebo_wrapper/share/hunav_gazebo_wrapper/scenarios/warehouse_agents_1.yaml\n'}
[1.145251] (hunav_gazebo_wrapper) StdoutLine: {'line': b'-- Up-to-date symlink: /home/ambroise/hunav_ws/install/hunav_gazebo_wrapper/share/hunav_gazebo_wrapper/behavior_trees/BTCuriousNav.xml\n'}
[1.145321] (hunav_gazebo_wrapper) StdoutLine: {'line': b'-- Up-to-date symlink: /home/ambroise/hunav_ws/install/hunav_gazebo_wrapper/share/hunav_gazebo_wrapper/behavior_trees/BTRegularNav.xml\n'}
[1.145393] (hunav_gazebo_wrapper) StdoutLine: {'line': b'-- Up-to-date symlink: /home/ambroise/hunav_ws/install/hunav_gazebo_wrapper/share/hunav_gazebo_wrapper/behavior_trees/BTScaredNav.xml\n'}
[1.145527] (hunav_gazebo_wrapper) StdoutLine: {'line': b'-- Up-to-date symlink: /home/ambroise/hunav_ws/install/hunav_gazebo_wrapper/share/hunav_gazebo_wrapper/behavior_trees/BTSurprisedNav.xml\n'}
[1.145681] (hunav_gazebo_wrapper) StdoutLine: {'line': b'-- Up-to-date symlink: /home/ambroise/hunav_ws/install/hunav_gazebo_wrapper/share/hunav_gazebo_wrapper/behavior_trees/BTThreateningNav.xml\n'}
[1.145802] (hunav_gazebo_wrapper) StdoutLine: {'line': b'-- Up-to-date symlink: /home/ambroise/hunav_ws/install/hunav_gazebo_wrapper/share/hunav_gazebo_wrapper/behavior_trees/agents_cafe__agent_1_bt.xml\n'}
[1.145901] (hunav_gazebo_wrapper) StdoutLine: {'line': b'-- Up-to-date symlink: /home/ambroise/hunav_ws/install/hunav_gazebo_wrapper/share/hunav_gazebo_wrapper/behavior_trees/agents_cafe__agent_2_bt.xml\n'}
[1.145996] (hunav_gazebo_wrapper) StdoutLine: {'line': b'-- Up-to-date symlink: /home/ambroise/hunav_ws/install/hunav_gazebo_wrapper/share/hunav_gazebo_wrapper/behavior_trees/agents_cafe__agent_3_bt.xml\n'}
[1.146100] (hunav_gazebo_wrapper) StdoutLine: {'line': b'-- Up-to-date symlink: /home/ambroise/hunav_ws/install/hunav_gazebo_wrapper/share/hunav_gazebo_wrapper/behavior_trees/agents_house__agent_1_bt.xml\n'}
[1.146193] (hunav_gazebo_wrapper) StdoutLine: {'line': b'-- Up-to-date symlink: /home/ambroise/hunav_ws/install/hunav_gazebo_wrapper/share/hunav_gazebo_wrapper/behavior_trees/agents_house__agent_2_bt.xml\n'}
[1.146298] (hunav_gazebo_wrapper) StdoutLine: {'line': b'-- Up-to-date symlink: /home/ambroise/hunav_ws/install/hunav_gazebo_wrapper/share/hunav_gazebo_wrapper/behavior_trees/agents_house__agent_3_bt.xml\n'}
[1.146386] (hunav_gazebo_wrapper) StdoutLine: {'line': b'-- Up-to-date symlink: /home/ambroise/hunav_ws/install/hunav_gazebo_wrapper/share/hunav_gazebo_wrapper/behavior_trees/agents_warehouse__agent_1_bt.xml\n'}
[1.146494] (hunav_gazebo_wrapper) StdoutLine: {'line': b'-- Up-to-date symlink: /home/ambroise/hunav_ws/install/hunav_gazebo_wrapper/share/hunav_gazebo_wrapper/behavior_trees/agents_warehouse__agent_2_bt.xml\n'}
[1.146568] (hunav_gazebo_wrapper) StdoutLine: {'line': b'-- Up-to-date symlink: /home/ambroise/hunav_ws/install/hunav_gazebo_wrapper/share/hunav_gazebo_wrapper/behavior_trees/agents_warehouse__agent_3_bt.xml\n'}
[1.146639] (hunav_gazebo_wrapper) StdoutLine: {'line': b'-- Up-to-date symlink: /home/ambroise/hunav_ws/install/hunav_gazebo_wrapper/share/hunav_gazebo_wrapper/behavior_trees/warehouse_agents_1__agent_1_bt.xml\n'}
[1.146707] (hunav_gazebo_wrapper) StdoutLine: {'line': b'-- Up-to-date symlink: /home/ambroise/hunav_ws/install/hunav_gazebo_wrapper/share/hunav_gazebo_wrapper/behavior_trees/warehouse_agents_1__agent_2_bt.xml\n'}
[1.154424] (hunav_gazebo_wrapper) StdoutLine: {'line': b'-- Up-to-date symlink: /home/ambroise/hunav_ws/install/hunav_gazebo_wrapper/share/hunav_gazebo_wrapper//models/02_01-walk.bvh\n'}
[1.154681] (hunav_gazebo_wrapper) StdoutLine: {'line': b'-- Up-to-date symlink: /home/ambroise/hunav_ws/install/hunav_gazebo_wrapper/share/hunav_gazebo_wrapper//models/02_07.bvh\n'}
[1.154810] (hunav_gazebo_wrapper) StdoutLine: {'line': b'-- Up-to-date symlink: /home/ambroise/hunav_ws/install/hunav_gazebo_wrapper/share/hunav_gazebo_wrapper//models/05_02.bvh\n'}
[1.154906] (hunav_gazebo_wrapper) StdoutLine: {'line': b'-- Up-to-date symlink: /home/ambroise/hunav_ws/install/hunav_gazebo_wrapper/share/hunav_gazebo_wrapper//models/07_01-walk.bvh\n'}
[1.155040] (hunav_gazebo_wrapper) StdoutLine: {'line': b'-- Up-to-date symlink: /home/ambroise/hunav_ws/install/hunav_gazebo_wrapper/share/hunav_gazebo_wrapper//models/07_04-slow_walk.bvh\n'}
[1.155207] (hunav_gazebo_wrapper) StdoutLine: {'line': b'-- Up-to-date symlink: /home/ambroise/hunav_ws/install/hunav_gazebo_wrapper/share/hunav_gazebo_wrapper//models/07_05-slow_walk.bvh\n'}
[1.155319] (hunav_gazebo_wrapper) StdoutLine: {'line': b'-- Up-to-date symlink: /home/ambroise/hunav_ws/install/hunav_gazebo_wrapper/share/hunav_gazebo_wrapper//models/08_08-walk2.bvh\n'}
[1.155416] (hunav_gazebo_wrapper) StdoutLine: {'line': b'-- Up-to-date symlink: /home/ambroise/hunav_ws/install/hunav_gazebo_wrapper/share/hunav_gazebo_wrapper//models/120_19-walk_slow.bvh\n'}
[1.155505] (hunav_gazebo_wrapper) StdoutLine: {'line': b'-- Up-to-date symlink: /home/ambroise/hunav_ws/install/hunav_gazebo_wrapper/share/hunav_gazebo_wrapper//models/137_28-normal_wait.bvh\n'}
[1.155552] (hunav_gazebo_wrapper) StdoutLine: {'line': b'-- Up-to-date symlink: /home/ambroise/hunav_ws/install/hunav_gazebo_wrapper/share/hunav_gazebo_wrapper//models/13_14-laugh.bvh\n'}
[1.155610] (hunav_gazebo_wrapper) StdoutLine: {'line': b'-- Up-to-date symlink: /home/ambroise/hunav_ws/install/hunav_gazebo_wrapper/share/hunav_gazebo_wrapper//models/141_16-wave_hello.bvh\n'}
[1.155650] (hunav_gazebo_wrapper) StdoutLine: {'line': b'-- Up-to-date symlink: /home/ambroise/hunav_ws/install/hunav_gazebo_wrapper/share/hunav_gazebo_wrapper//models/141_20-waiting.bvh\n'}
[1.155686] (hunav_gazebo_wrapper) StdoutLine: {'line': b'-- Up-to-date symlink: /home/ambroise/hunav_ws/install/hunav_gazebo_wrapper/share/hunav_gazebo_wrapper//models/142_01-walk_childist.bvh\n'}
[1.155721] (hunav_gazebo_wrapper) StdoutLine: {'line': b'-- Up-to-date symlink: /home/ambroise/hunav_ws/install/hunav_gazebo_wrapper/share/hunav_gazebo_wrapper//models/142_04-walk_cool.bvh\n'}
[1.155756] (hunav_gazebo_wrapper) StdoutLine: {'line': b'-- Up-to-date symlink: /home/ambroise/hunav_ws/install/hunav_gazebo_wrapper/share/hunav_gazebo_wrapper//models/142_08-walk_happy.bvh\n'}
[1.155791] (hunav_gazebo_wrapper) StdoutLine: {'line': b'-- Up-to-date symlink: /home/ambroise/hunav_ws/install/hunav_gazebo_wrapper/share/hunav_gazebo_wrapper//models/142_16-walk_scared.bvh\n'}
[1.155848] (hunav_gazebo_wrapper) StdoutLine: {'line': b'-- Up-to-date symlink: /home/ambroise/hunav_ws/install/hunav_gazebo_wrapper/share/hunav_gazebo_wrapper//models/142_17-walk_scared.bvh\n'}
[1.155886] (hunav_gazebo_wrapper) StdoutLine: {'line': b'-- Up-to-date symlink: /home/ambroise/hunav_ws/install/hunav_gazebo_wrapper/share/hunav_gazebo_wrapper//models/142_19-walk_shy.bvh\n'}
[1.155919] (hunav_gazebo_wrapper) StdoutLine: {'line': b'-- Up-to-date symlink: /home/ambroise/hunav_ws/install/hunav_gazebo_wrapper/share/hunav_gazebo_wrapper//models/17_01-walk_with_anger.bvh\n'}
[1.155954] (hunav_gazebo_wrapper) StdoutLine: {'line': b'-- Up-to-date symlink: /home/ambroise/hunav_ws/install/hunav_gazebo_wrapper/share/hunav_gazebo_wrapper//models/69_02_walk_forward.bvh\n'}
[1.156003] (hunav_gazebo_wrapper) StdoutLine: {'line': b'-- Up-to-date symlink: /home/ambroise/hunav_ws/install/hunav_gazebo_wrapper/share/hunav_gazebo_wrapper//models/aws_robomaker_residential_AirconditionerA_01/materials/textures/aws_AirconditionerA_01.png\n'}
[1.156066] (hunav_gazebo_wrapper) StdoutLine: {'line': b'-- Up-to-date symlink: /home/ambroise/hunav_ws/install/hunav_gazebo_wrapper/share/hunav_gazebo_wrapper//models/aws_robomaker_residential_AirconditionerA_01/meshes/aws_AirconditionerA_01_collision.DAE\n'}
[1.156118] (hunav_gazebo_wrapper) StdoutLine: {'line': b'-- Up-to-date symlink: /home/ambroise/hunav_ws/install/hunav_gazebo_wrapper/share/hunav_gazebo_wrapper//models/aws_robomaker_residential_AirconditionerA_01/meshes/aws_AirconditionerA_01_visual.DAE\n'}
[1.156200] (hunav_gazebo_wrapper) StdoutLine: {'line': b'-- Up-to-date symlink: /home/ambroise/hunav_ws/install/hunav_gazebo_wrapper/share/hunav_gazebo_wrapper//models/aws_robomaker_residential_AirconditionerA_01/model.config\n'}
[1.156284] (hunav_gazebo_wrapper) StdoutLine: {'line': b'-- Up-to-date symlink: /home/ambroise/hunav_ws/install/hunav_gazebo_wrapper/share/hunav_gazebo_wrapper//models/aws_robomaker_residential_AirconditionerA_01/model.sdf\n'}
[1.156388] (hunav_gazebo_wrapper) StdoutLine: {'line': b'-- Up-to-date symlink: /home/ambroise/hunav_ws/install/hunav_gazebo_wrapper/share/hunav_gazebo_wrapper//models/aws_robomaker_residential_AirconditionerB_01/materials/textures/aws_AirconditionerB_01.png\n'}
[1.156522] (hunav_gazebo_wrapper) StdoutLine: {'line': b'-- Up-to-date symlink: /home/ambroise/hunav_ws/install/hunav_gazebo_wrapper/share/hunav_gazebo_wrapper//models/aws_robomaker_residential_AirconditionerB_01/meshes/aws_AirconditionerB_01_collision.DAE\n'}
[1.156625] (hunav_gazebo_wrapper) StdoutLine: {'line': b'-- Up-to-date symlink: /home/ambroise/hunav_ws/install/hunav_gazebo_wrapper/share/hunav_gazebo_wrapper//models/aws_robomaker_residential_AirconditionerB_01/meshes/aws_AirconditionerB_01_visual.DAE\n'}
[1.156723] (hunav_gazebo_wrapper) StdoutLine: {'line': b'-- Up-to-date symlink: /home/ambroise/hunav_ws/install/hunav_gazebo_wrapper/share/hunav_gazebo_wrapper//models/aws_robomaker_residential_AirconditionerB_01/model.config\n'}
[1.156808] (hunav_gazebo_wrapper) StdoutLine: {'line': b'-- Up-to-date symlink: /home/ambroise/hunav_ws/install/hunav_gazebo_wrapper/share/hunav_gazebo_wrapper//models/aws_robomaker_residential_AirconditionerB_01/model.sdf\n'}
[1.156936] (hunav_gazebo_wrapper) StdoutLine: {'line': b'-- Up-to-date symlink: /home/ambroise/hunav_ws/install/hunav_gazebo_wrapper/share/hunav_gazebo_wrapper//models/aws_robomaker_residential_BalconyTable_01/materials/textures/aws_BalconyTable_01.png\n'}
[1.157089] (hunav_gazebo_wrapper) StdoutLine: {'line': b'-- Up-to-date symlink: /home/ambroise/hunav_ws/install/hunav_gazebo_wrapper/share/hunav_gazebo_wrapper//models/aws_robomaker_residential_BalconyTable_01/meshes/aws_BalconyTable_01_collision.DAE\n'}
[1.157170] (hunav_gazebo_wrapper) StdoutLine: {'line': b'-- Up-to-date symlink: /home/ambroise/hunav_ws/install/hunav_gazebo_wrapper/share/hunav_gazebo_wrapper//models/aws_robomaker_residential_BalconyTable_01/meshes/aws_BalconyTable_01_visual.DAE\n'}
[1.157236] (hunav_gazebo_wrapper) StdoutLine: {'line': b'-- Up-to-date symlink: /home/ambroise/hunav_ws/install/hunav_gazebo_wrapper/share/hunav_gazebo_wrapper//models/aws_robomaker_residential_BalconyTable_01/model.config\n'}
[1.157295] (hunav_gazebo_wrapper) StdoutLine: {'line': b'-- Up-to-date symlink: /home/ambroise/hunav_ws/install/hunav_gazebo_wrapper/share/hunav_gazebo_wrapper//models/aws_robomaker_residential_BalconyTable_01/model.sdf\n'}
[1.157358] (hunav_gazebo_wrapper) StdoutLine: {'line': b'-- Up-to-date symlink: /home/ambroise/hunav_ws/install/hunav_gazebo_wrapper/share/hunav_gazebo_wrapper//models/aws_robomaker_residential_Ball_01/materials/textures/aws_Ball_01.png\n'}
[1.157438] (hunav_gazebo_wrapper) StdoutLine: {'line': b'-- Up-to-date symlink: /home/ambroise/hunav_ws/install/hunav_gazebo_wrapper/share/hunav_gazebo_wrapper//models/aws_robomaker_residential_Ball_01/meshes/aws_Ball_01_collision.DAE\n'}
[1.157528] (hunav_gazebo_wrapper) StdoutLine: {'line': b'-- Up-to-date symlink: /home/ambroise/hunav_ws/install/hunav_gazebo_wrapper/share/hunav_gazebo_wrapper//models/aws_robomaker_residential_Ball_01/meshes/aws_Ball_01_visual.DAE\n'}
[1.157608] (hunav_gazebo_wrapper) StdoutLine: {'line': b'-- Up-to-date symlink: /home/ambroise/hunav_ws/install/hunav_gazebo_wrapper/share/hunav_gazebo_wrapper//models/aws_robomaker_residential_Ball_01/model.config\n'}
[1.157690] (hunav_gazebo_wrapper) StdoutLine: {'line': b'-- Up-to-date symlink: /home/ambroise/hunav_ws/install/hunav_gazebo_wrapper/share/hunav_gazebo_wrapper//models/aws_robomaker_residential_Ball_01/model.sdf\n'}
[1.157780] (hunav_gazebo_wrapper) StdoutLine: {'line': b'-- Up-to-date symlink: /home/ambroise/hunav_ws/install/hunav_gazebo_wrapper/share/hunav_gazebo_wrapper//models/aws_robomaker_residential_Bed_01/materials/textures/aws_BedA_01.png\n'}
[1.157870] (hunav_gazebo_wrapper) StdoutLine: {'line': b'-- Up-to-date symlink: /home/ambroise/hunav_ws/install/hunav_gazebo_wrapper/share/hunav_gazebo_wrapper//models/aws_robomaker_residential_Bed_01/materials/textures/aws_BedB_01.png\n'}
[1.157965] (hunav_gazebo_wrapper) StdoutLine: {'line': b'-- Up-to-date symlink: /home/ambroise/hunav_ws/install/hunav_gazebo_wrapper/share/hunav_gazebo_wrapper//models/aws_robomaker_residential_Bed_01/materials/textures/aws_BedC_01.png\n'}
[1.158053] (hunav_gazebo_wrapper) StdoutLine: {'line': b'-- Up-to-date symlink: /home/ambroise/hunav_ws/install/hunav_gazebo_wrapper/share/hunav_gazebo_wrapper//models/aws_robomaker_residential_Bed_01/materials/textures/aws_Bed_01.png\n'}
[1.158166] (hunav_gazebo_wrapper) StdoutLine: {'line': b'-- Up-to-date symlink: /home/ambroise/hunav_ws/install/hunav_gazebo_wrapper/share/hunav_gazebo_wrapper//models/aws_robomaker_residential_Bed_01/meshes/aws_Bed_01_collision.DAE\n'}
[1.158251] (hunav_gazebo_wrapper) StdoutLine: {'line': b'-- Up-to-date symlink: /home/ambroise/hunav_ws/install/hunav_gazebo_wrapper/share/hunav_gazebo_wrapper//models/aws_robomaker_residential_Bed_01/meshes/aws_Bed_01_visual.DAE\n'}
[1.158316] (hunav_gazebo_wrapper) StdoutLine: {'line': b'-- Up-to-date symlink: /home/ambroise/hunav_ws/install/hunav_gazebo_wrapper/share/hunav_gazebo_wrapper//models/aws_robomaker_residential_Bed_01/model.config\n'}
[1.158386] (hunav_gazebo_wrapper) StdoutLine: {'line': b'-- Up-to-date symlink: /home/ambroise/hunav_ws/install/hunav_gazebo_wrapper/share/hunav_gazebo_wrapper//models/aws_robomaker_residential_Bed_01/model.sdf\n'}
[1.158516] (hunav_gazebo_wrapper) StdoutLine: {'line': b'-- Up-to-date symlink: /home/ambroise/hunav_ws/install/hunav_gazebo_wrapper/share/hunav_gazebo_wrapper//models/aws_robomaker_residential_Board_01/materials/textures/aws_Board_01.png\n'}
[1.158600] (hunav_gazebo_wrapper) StdoutLine: {'line': b'-- Up-to-date symlink: /home/ambroise/hunav_ws/install/hunav_gazebo_wrapper/share/hunav_gazebo_wrapper//models/aws_robomaker_residential_Board_01/meshes/aws_Board_01_collision.DAE\n'}
[1.158664] (hunav_gazebo_wrapper) StdoutLine: {'line': b'-- Up-to-date symlink: /home/ambroise/hunav_ws/install/hunav_gazebo_wrapper/share/hunav_gazebo_wrapper//models/aws_robomaker_residential_Board_01/meshes/aws_Board_01_visual.DAE\n'}
[1.158743] (hunav_gazebo_wrapper) StdoutLine: {'line': b'-- Up-to-date symlink: /home/ambroise/hunav_ws/install/hunav_gazebo_wrapper/share/hunav_gazebo_wrapper//models/aws_robomaker_residential_Board_01/model.config\n'}
[1.158826] (hunav_gazebo_wrapper) StdoutLine: {'line': b'-- Up-to-date symlink: /home/ambroise/hunav_ws/install/hunav_gazebo_wrapper/share/hunav_gazebo_wrapper//models/aws_robomaker_residential_Board_01/model.sdf\n'}
[1.158931] (hunav_gazebo_wrapper) StdoutLine: {'line': b'-- Up-to-date symlink: /home/ambroise/hunav_ws/install/hunav_gazebo_wrapper/share/hunav_gazebo_wrapper//models/aws_robomaker_residential_Carpet_01/materials/textures/aws_Carpet_01.png\n'}
[1.159024] (hunav_gazebo_wrapper) StdoutLine: {'line': b'-- Up-to-date symlink: /home/ambroise/hunav_ws/install/hunav_gazebo_wrapper/share/hunav_gazebo_wrapper//models/aws_robomaker_residential_Carpet_01/meshes/aws_Carpet_01_collision.DAE\n'}
[1.159109] (hunav_gazebo_wrapper) StdoutLine: {'line': b'-- Up-to-date symlink: /home/ambroise/hunav_ws/install/hunav_gazebo_wrapper/share/hunav_gazebo_wrapper//models/aws_robomaker_residential_Carpet_01/meshes/aws_Carpet_01_visual.DAE\n'}
[1.159190] (hunav_gazebo_wrapper) StdoutLine: {'line': b'-- Up-to-date symlink: /home/ambroise/hunav_ws/install/hunav_gazebo_wrapper/share/hunav_gazebo_wrapper//models/aws_robomaker_residential_Carpet_01/model.config\n'}
[1.159271] (hunav_gazebo_wrapper) StdoutLine: {'line': b'-- Up-to-date symlink: /home/ambroise/hunav_ws/install/hunav_gazebo_wrapper/share/hunav_gazebo_wrapper//models/aws_robomaker_residential_Carpet_01/model.sdf\n'}
[1.159364] (hunav_gazebo_wrapper) StdoutLine: {'line': b'-- Up-to-date symlink: /home/ambroise/hunav_ws/install/hunav_gazebo_wrapper/share/hunav_gazebo_wrapper//models/aws_robomaker_residential_ChairA_01/materials/textures/aws_ChairA_01.png\n'}
[1.159529] (hunav_gazebo_wrapper) StdoutLine: {'line': b'-- Up-to-date symlink: /home/ambroise/hunav_ws/install/hunav_gazebo_wrapper/share/hunav_gazebo_wrapper//models/aws_robomaker_residential_ChairA_01/meshes/aws_ChairA_01_collision.DAE\n'}
[1.159612] (hunav_gazebo_wrapper) StdoutLine: {'line': b'-- Up-to-date symlink: /home/ambroise/hunav_ws/install/hunav_gazebo_wrapper/share/hunav_gazebo_wrapper//models/aws_robomaker_residential_ChairA_01/meshes/aws_ChairA_01_visual.DAE\n'}
[1.159688] (hunav_gazebo_wrapper) StdoutLine: {'line': b'-- Up-to-date symlink: /home/ambroise/hunav_ws/install/hunav_gazebo_wrapper/share/hunav_gazebo_wrapper//models/aws_robomaker_residential_ChairA_01/model.config\n'}
[1.159783] (hunav_gazebo_wrapper) StdoutLine: {'line': b'-- Up-to-date symlink: /home/ambroise/hunav_ws/install/hunav_gazebo_wrapper/share/hunav_gazebo_wrapper//models/aws_robomaker_residential_ChairA_01/model.sdf\n'}
[1.159870] (hunav_gazebo_wrapper) StdoutLine: {'line': b'-- Up-to-date symlink: /home/ambroise/hunav_ws/install/hunav_gazebo_wrapper/share/hunav_gazebo_wrapper//models/aws_robomaker_residential_ChairD_01/materials/textures/aws_ChairD_01.png\n'}
[1.159967] (hunav_gazebo_wrapper) StdoutLine: {'line': b'-- Up-to-date symlink: /home/ambroise/hunav_ws/install/hunav_gazebo_wrapper/share/hunav_gazebo_wrapper//models/aws_robomaker_residential_ChairD_01/meshes/aws_ChairD_01_collision.DAE\n'}
[1.160056] (hunav_gazebo_wrapper) StdoutLine: {'line': b'-- Up-to-date symlink: /home/ambroise/hunav_ws/install/hunav_gazebo_wrapper/share/hunav_gazebo_wrapper//models/aws_robomaker_residential_ChairD_01/meshes/aws_ChairD_01_visual.DAE\n'}
[1.160119] (hunav_gazebo_wrapper) StdoutLine: {'line': b'-- Up-to-date symlink: /home/ambroise/hunav_ws/install/hunav_gazebo_wrapper/share/hunav_gazebo_wrapper//models/aws_robomaker_residential_ChairD_01/model.config\n'}
[1.160178] (hunav_gazebo_wrapper) StdoutLine: {'line': b'-- Up-to-date symlink: /home/ambroise/hunav_ws/install/hunav_gazebo_wrapper/share/hunav_gazebo_wrapper//models/aws_robomaker_residential_ChairD_01/model.sdf\n'}
[1.160254] (hunav_gazebo_wrapper) StdoutLine: {'line': b'-- Up-to-date symlink: /home/ambroise/hunav_ws/install/hunav_gazebo_wrapper/share/hunav_gazebo_wrapper//models/aws_robomaker_residential_Chandelier_01/materials/textures/aws_Chandelier_01.png\n'}
[1.160344] (hunav_gazebo_wrapper) StdoutLine: {'line': b'-- Up-to-date symlink: /home/ambroise/hunav_ws/install/hunav_gazebo_wrapper/share/hunav_gazebo_wrapper//models/aws_robomaker_residential_Chandelier_01/meshes/aws_Chandelier_01.DAE\n'}
[1.160483] (hunav_gazebo_wrapper) StdoutLine: {'line': b'-- Up-to-date symlink: /home/ambroise/hunav_ws/install/hunav_gazebo_wrapper/share/hunav_gazebo_wrapper//models/aws_robomaker_residential_Chandelier_01/meshes/aws_Chandelier_01_collision.DAE\n'}
[1.160575] (hunav_gazebo_wrapper) StdoutLine: {'line': b'-- Up-to-date symlink: /home/ambroise/hunav_ws/install/hunav_gazebo_wrapper/share/hunav_gazebo_wrapper//models/aws_robomaker_residential_Chandelier_01/meshes/aws_Chandelier_01_visual.DAE\n'}
[1.160635] (hunav_gazebo_wrapper) StdoutLine: {'line': b'-- Up-to-date symlink: /home/ambroise/hunav_ws/install/hunav_gazebo_wrapper/share/hunav_gazebo_wrapper//models/aws_robomaker_residential_Chandelier_01/model.config\n'}
[1.160715] (hunav_gazebo_wrapper) StdoutLine: {'line': b'-- Up-to-date symlink: /home/ambroise/hunav_ws/install/hunav_gazebo_wrapper/share/hunav_gazebo_wrapper//models/aws_robomaker_residential_Chandelier_01/model.sdf\n'}
[1.160809] (hunav_gazebo_wrapper) StdoutLine: {'line': b'-- Up-to-date symlink: /home/ambroise/hunav_ws/install/hunav_gazebo_wrapper/share/hunav_gazebo_wrapper//models/aws_robomaker_residential_CoffeeTable_01/materials/textures/aws_CoffeeTable_01.png\n'}
[1.160896] (hunav_gazebo_wrapper) StdoutLine: {'line': b'-- Up-to-date symlink: /home/ambroise/hunav_ws/install/hunav_gazebo_wrapper/share/hunav_gazebo_wrapper//models/aws_robomaker_residential_CoffeeTable_01/meshes/aws_CoffeeTable_01_collision.DAE\n'}
[1.160984] (hunav_gazebo_wrapper) StdoutLine: {'line': b'-- Up-to-date symlink: /home/ambroise/hunav_ws/install/hunav_gazebo_wrapper/share/hunav_gazebo_wrapper//models/aws_robomaker_residential_CoffeeTable_01/meshes/aws_CoffeeTable_01_visual.DAE\n'}
[1.161066] (hunav_gazebo_wrapper) StdoutLine: {'line': b'-- Up-to-date symlink: /home/ambroise/hunav_ws/install/hunav_gazebo_wrapper/share/hunav_gazebo_wrapper//models/aws_robomaker_residential_CoffeeTable_01/model.config\n'}
[1.161155] (hunav_gazebo_wrapper) StdoutLine: {'line': b'-- Up-to-date symlink: /home/ambroise/hunav_ws/install/hunav_gazebo_wrapper/share/hunav_gazebo_wrapper//models/aws_robomaker_residential_CoffeeTable_01/model.sdf\n'}
[1.161248] (hunav_gazebo_wrapper) StdoutLine: {'line': b'-- Up-to-date symlink: /home/ambroise/hunav_ws/install/hunav_gazebo_wrapper/share/hunav_gazebo_wrapper//models/aws_robomaker_residential_CookingBench_01/materials/textures/aws_CookingBench_01.png\n'}
[1.161340] (hunav_gazebo_wrapper) StdoutLine: {'line': b'-- Up-to-date symlink: /home/ambroise/hunav_ws/install/hunav_gazebo_wrapper/share/hunav_gazebo_wrapper//models/aws_robomaker_residential_CookingBench_01/meshes/aws_CookingBench_01.DAE\n'}
[1.161442] (hunav_gazebo_wrapper) StdoutLine: {'line': b'-- Up-to-date symlink: /home/ambroise/hunav_ws/install/hunav_gazebo_wrapper/share/hunav_gazebo_wrapper//models/aws_robomaker_residential_CookingBench_01/meshes/aws_CookingBench_01_collision.DAE\n'}
[1.161531] (hunav_gazebo_wrapper) StdoutLine: {'line': b'-- Up-to-date symlink: /home/ambroise/hunav_ws/install/hunav_gazebo_wrapper/share/hunav_gazebo_wrapper//models/aws_robomaker_residential_CookingBench_01/meshes/aws_CookingBench_01_visual.DAE\n'}
[1.161614] (hunav_gazebo_wrapper) StdoutLine: {'line': b'-- Up-to-date symlink: /home/ambroise/hunav_ws/install/hunav_gazebo_wrapper/share/hunav_gazebo_wrapper//models/aws_robomaker_residential_CookingBench_01/model.config\n'}
[1.161697] (hunav_gazebo_wrapper) StdoutLine: {'line': b'-- Up-to-date symlink: /home/ambroise/hunav_ws/install/hunav_gazebo_wrapper/share/hunav_gazebo_wrapper//models/aws_robomaker_residential_CookingBench_01/model.sdf\n'}
[1.161804] (hunav_gazebo_wrapper) StdoutLine: {'line': b'-- Up-to-date symlink: /home/ambroise/hunav_ws/install/hunav_gazebo_wrapper/share/hunav_gazebo_wrapper//models/aws_robomaker_residential_Curtain_01/materials/textures/aws_Curtain_01.png\n'}
[1.161898] (hunav_gazebo_wrapper) StdoutLine: {'line': b'-- Up-to-date symlink: /home/ambroise/hunav_ws/install/hunav_gazebo_wrapper/share/hunav_gazebo_wrapper//models/aws_robomaker_residential_Curtain_01/meshes/aws_Curtain_01_collision.DAE\n'}
[1.161985] (hunav_gazebo_wrapper) StdoutLine: {'line': b'-- Up-to-date symlink: /home/ambroise/hunav_ws/install/hunav_gazebo_wrapper/share/hunav_gazebo_wrapper//models/aws_robomaker_residential_Curtain_01/meshes/aws_Curtain_01_visual.DAE\n'}
[1.162067] (hunav_gazebo_wrapper) StdoutLine: {'line': b'-- Up-to-date symlink: /home/ambroise/hunav_ws/install/hunav_gazebo_wrapper/share/hunav_gazebo_wrapper//models/aws_robomaker_residential_Curtain_01/model.config\n'}
[1.162149] (hunav_gazebo_wrapper) StdoutLine: {'line': b'-- Up-to-date symlink: /home/ambroise/hunav_ws/install/hunav_gazebo_wrapper/share/hunav_gazebo_wrapper//models/aws_robomaker_residential_Curtain_01/model.sdf\n'}
[1.162253] (hunav_gazebo_wrapper) StdoutLine: {'line': b'-- Up-to-date symlink: /home/ambroise/hunav_ws/install/hunav_gazebo_wrapper/share/hunav_gazebo_wrapper//models/aws_robomaker_residential_DeskPortraitA_01/materials/textures/DeskPortraitA_01.jpg\n'}
[1.162344] (hunav_gazebo_wrapper) StdoutLine: {'line': b'-- Up-to-date symlink: /home/ambroise/hunav_ws/install/hunav_gazebo_wrapper/share/hunav_gazebo_wrapper//models/aws_robomaker_residential_DeskPortraitA_01/materials/textures/aws_DeskPortraitA_01.png\n'}
[1.162461] (hunav_gazebo_wrapper) StdoutLine: {'line': b'-- Up-to-date symlink: /home/ambroise/hunav_ws/install/hunav_gazebo_wrapper/share/hunav_gazebo_wrapper//models/aws_robomaker_residential_DeskPortraitA_01/materials/textures/aws_DeskPortraitA_02.png\n'}
[1.162541] (hunav_gazebo_wrapper) StdoutLine: {'line': b'-- Up-to-date symlink: /home/ambroise/hunav_ws/install/hunav_gazebo_wrapper/share/hunav_gazebo_wrapper//models/aws_robomaker_residential_DeskPortraitA_01/meshes/aws_DeskPortraitA_01_collision.DAE\n'}
[1.162631] (hunav_gazebo_wrapper) StdoutLine: {'line': b'-- Up-to-date symlink: /home/ambroise/hunav_ws/install/hunav_gazebo_wrapper/share/hunav_gazebo_wrapper//models/aws_robomaker_residential_DeskPortraitA_01/meshes/aws_DeskPortraitA_01_visual.DAE\n'}
[1.162723] (hunav_gazebo_wrapper) StdoutLine: {'line': b'-- Up-to-date symlink: /home/ambroise/hunav_ws/install/hunav_gazebo_wrapper/share/hunav_gazebo_wrapper//models/aws_robomaker_residential_DeskPortraitA_01/model.config\n'}
[1.162805] (hunav_gazebo_wrapper) StdoutLine: {'line': b'-- Up-to-date symlink: /home/ambroise/hunav_ws/install/hunav_gazebo_wrapper/share/hunav_gazebo_wrapper//models/aws_robomaker_residential_DeskPortraitA_01/model.sdf\n'}
[1.162899] (hunav_gazebo_wrapper) StdoutLine: {'line': b'-- Up-to-date symlink: /home/ambroise/hunav_ws/install/hunav_gazebo_wrapper/share/hunav_gazebo_wrapper//models/aws_robomaker_residential_DeskPortraitA_02/materials/textures/DeskPortraitA_02.jpg\n'}
[1.162991] (hunav_gazebo_wrapper) StdoutLine: {'line': b'-- Up-to-date symlink: /home/ambroise/hunav_ws/install/hunav_gazebo_wrapper/share/hunav_gazebo_wrapper//models/aws_robomaker_residential_DeskPortraitA_02/materials/textures/aws_DeskPortraitA_01.png\n'}
[1.163085] (hunav_gazebo_wrapper) StdoutLine: {'line': b'-- Up-to-date symlink: /home/ambroise/hunav_ws/install/hunav_gazebo_wrapper/share/hunav_gazebo_wrapper//models/aws_robomaker_residential_DeskPortraitA_02/materials/textures/aws_DeskPortraitA_02.png\n'}
[1.163173] (hunav_gazebo_wrapper) StdoutLine: {'line': b'-- Up-to-date symlink: /home/ambroise/hunav_ws/install/hunav_gazebo_wrapper/share/hunav_gazebo_wrapper//models/aws_robomaker_residential_DeskPortraitA_02/meshes/aws_DeskPortraitA_01_collision.DAE\n'}
[1.163260] (hunav_gazebo_wrapper) StdoutLine: {'line': b'-- Up-to-date symlink: /home/ambroise/hunav_ws/install/hunav_gazebo_wrapper/share/hunav_gazebo_wrapper//models/aws_robomaker_residential_DeskPortraitA_02/meshes/aws_DeskPortraitA_01_visual.DAE\n'}
[1.163343] (hunav_gazebo_wrapper) StdoutLine: {'line': b'-- Up-to-date symlink: /home/ambroise/hunav_ws/install/hunav_gazebo_wrapper/share/hunav_gazebo_wrapper//models/aws_robomaker_residential_DeskPortraitA_02/model.config\n'}
[1.163455] (hunav_gazebo_wrapper) StdoutLine: {'line': b'-- Up-to-date symlink: /home/ambroise/hunav_ws/install/hunav_gazebo_wrapper/share/hunav_gazebo_wrapper//models/aws_robomaker_residential_DeskPortraitA_02/model.sdf\n'}
[1.163608] (hunav_gazebo_wrapper) StdoutLine: {'line': b'-- Up-to-date symlink: /home/ambroise/hunav_ws/install/hunav_gazebo_wrapper/share/hunav_gazebo_wrapper//models/aws_robomaker_residential_DeskPortraitB_01/materials/textures/DeskPortraitB_01.jpg\n'}
[1.163781] (hunav_gazebo_wrapper) StdoutLine: {'line': b'-- Up-to-date symlink: /home/ambroise/hunav_ws/install/hunav_gazebo_wrapper/share/hunav_gazebo_wrapper//models/aws_robomaker_residential_DeskPortraitB_01/materials/textures/aws_DeskPortraitB_01.png\n'}
[1.163911] (hunav_gazebo_wrapper) StdoutLine: {'line': b'-- Up-to-date symlink: /home/ambroise/hunav_ws/install/hunav_gazebo_wrapper/share/hunav_gazebo_wrapper//models/aws_robomaker_residential_DeskPortraitB_01/materials/textures/aws_DeskPortraitB_02.png\n'}
[1.164016] (hunav_gazebo_wrapper) StdoutLine: {'line': b'-- Up-to-date symlink: /home/ambroise/hunav_ws/install/hunav_gazebo_wrapper/share/hunav_gazebo_wrapper//models/aws_robomaker_residential_DeskPortraitB_01/meshes/aws_DeskPortraitB_01_collision.DAE\n'}
[1.164158] (hunav_gazebo_wrapper) StdoutLine: {'line': b'-- Up-to-date symlink: /home/ambroise/hunav_ws/install/hunav_gazebo_wrapper/share/hunav_gazebo_wrapper//models/aws_robomaker_residential_DeskPortraitB_01/meshes/aws_DeskPortraitB_01_visual.DAE\n'}
[1.164266] (hunav_gazebo_wrapper) StdoutLine: {'line': b'-- Up-to-date symlink: /home/ambroise/hunav_ws/install/hunav_gazebo_wrapper/share/hunav_gazebo_wrapper//models/aws_robomaker_residential_DeskPortraitB_01/model.config\n'}
[1.164371] (hunav_gazebo_wrapper) StdoutLine: {'line': b'-- Up-to-date symlink: /home/ambroise/hunav_ws/install/hunav_gazebo_wrapper/share/hunav_gazebo_wrapper//models/aws_robomaker_residential_DeskPortraitB_01/model.sdf\n'}
[1.164509] (hunav_gazebo_wrapper) StdoutLine: {'line': b'-- Up-to-date symlink: /home/ambroise/hunav_ws/install/hunav_gazebo_wrapper/share/hunav_gazebo_wrapper//models/aws_robomaker_residential_DeskPortraitB_02/materials/textures/DeskPortraitB_02.jpg\n'}
[1.164605] (hunav_gazebo_wrapper) StdoutLine: {'line': b'-- Up-to-date symlink: /home/ambroise/hunav_ws/install/hunav_gazebo_wrapper/share/hunav_gazebo_wrapper//models/aws_robomaker_residential_DeskPortraitB_02/materials/textures/aws_DeskPortraitB_01.png\n'}
[1.164702] (hunav_gazebo_wrapper) StdoutLine: {'line': b'-- Up-to-date symlink: /home/ambroise/hunav_ws/install/hunav_gazebo_wrapper/share/hunav_gazebo_wrapper//models/aws_robomaker_residential_DeskPortraitB_02/materials/textures/aws_DeskPortraitB_02.png\n'}
[1.164784] (hunav_gazebo_wrapper) StdoutLine: {'line': b'-- Up-to-date symlink: /home/ambroise/hunav_ws/install/hunav_gazebo_wrapper/share/hunav_gazebo_wrapper//models/aws_robomaker_residential_DeskPortraitB_02/meshes/aws_DeskPortraitB_01_collision.DAE\n'}
[1.164867] (hunav_gazebo_wrapper) StdoutLine: {'line': b'-- Up-to-date symlink: /home/ambroise/hunav_ws/install/hunav_gazebo_wrapper/share/hunav_gazebo_wrapper//models/aws_robomaker_residential_DeskPortraitB_02/meshes/aws_DeskPortraitB_01_visual.DAE\n'}
[1.164973] (hunav_gazebo_wrapper) StdoutLine: {'line': b'-- Up-to-date symlink: /home/ambroise/hunav_ws/install/hunav_gazebo_wrapper/share/hunav_gazebo_wrapper//models/aws_robomaker_residential_DeskPortraitB_02/model.config\n'}
[1.165067] (hunav_gazebo_wrapper) StdoutLine: {'line': b'-- Up-to-date symlink: /home/ambroise/hunav_ws/install/hunav_gazebo_wrapper/share/hunav_gazebo_wrapper//models/aws_robomaker_residential_DeskPortraitB_02/model.sdf\n'}
[1.165131] (hunav_gazebo_wrapper) StdoutLine: {'line': b'-- Up-to-date symlink: /home/ambroise/hunav_ws/install/hunav_gazebo_wrapper/share/hunav_gazebo_wrapper//models/aws_robomaker_residential_DeskPortraitC_01/materials/textures/DeskPortraitC_01.jpg\n'}
[1.165166] (hunav_gazebo_wrapper) StdoutLine: {'line': b'-- Up-to-date symlink: /home/ambroise/hunav_ws/install/hunav_gazebo_wrapper/share/hunav_gazebo_wrapper//models/aws_robomaker_residential_DeskPortraitC_01/materials/textures/aws_DeskPortraitC_01.png\n'}
[1.165201] (hunav_gazebo_wrapper) StdoutLine: {'line': b'-- Up-to-date symlink: /home/ambroise/hunav_ws/install/hunav_gazebo_wrapper/share/hunav_gazebo_wrapper//models/aws_robomaker_residential_DeskPortraitC_01/materials/textures/aws_DeskPortraitC_02.png\n'}
[1.165237] (hunav_gazebo_wrapper) StdoutLine: {'line': b'-- Up-to-date symlink: /home/ambroise/hunav_ws/install/hunav_gazebo_wrapper/share/hunav_gazebo_wrapper//models/aws_robomaker_residential_DeskPortraitC_01/meshes/aws_DeskPortraitC_01_collision.DAE\n'}
[1.165314] (hunav_gazebo_wrapper) StdoutLine: {'line': b'-- Up-to-date symlink: /home/ambroise/hunav_ws/install/hunav_gazebo_wrapper/share/hunav_gazebo_wrapper//models/aws_robomaker_residential_DeskPortraitC_01/meshes/aws_DeskPortraitC_01_visual.DAE\n'}
[1.165367] (hunav_gazebo_wrapper) StdoutLine: {'line': b'-- Up-to-date symlink: /home/ambroise/hunav_ws/install/hunav_gazebo_wrapper/share/hunav_gazebo_wrapper//models/aws_robomaker_residential_DeskPortraitC_01/model.config\n'}
[1.165434] (hunav_gazebo_wrapper) StdoutLine: {'line': b'-- Up-to-date symlink: /home/ambroise/hunav_ws/install/hunav_gazebo_wrapper/share/hunav_gazebo_wrapper//models/aws_robomaker_residential_DeskPortraitC_01/model.sdf\n'}
[1.165495] (hunav_gazebo_wrapper) StdoutLine: {'line': b'-- Up-to-date symlink: /home/ambroise/hunav_ws/install/hunav_gazebo_wrapper/share/hunav_gazebo_wrapper//models/aws_robomaker_residential_DeskPortraitC_02/materials/textures/DeskPortraitC_02.jpg\n'}
[1.165564] (hunav_gazebo_wrapper) StdoutLine: {'line': b'-- Up-to-date symlink: /home/ambroise/hunav_ws/install/hunav_gazebo_wrapper/share/hunav_gazebo_wrapper//models/aws_robomaker_residential_DeskPortraitC_02/materials/textures/aws_DeskPortraitC_01.png\n'}
[1.165667] (hunav_gazebo_wrapper) StdoutLine: {'line': b'-- Up-to-date symlink: /home/ambroise/hunav_ws/install/hunav_gazebo_wrapper/share/hunav_gazebo_wrapper//models/aws_robomaker_residential_DeskPortraitC_02/materials/textures/aws_DeskPortraitC_02.png\n'}
[1.165748] (hunav_gazebo_wrapper) StdoutLine: {'line': b'-- Up-to-date symlink: /home/ambroise/hunav_ws/install/hunav_gazebo_wrapper/share/hunav_gazebo_wrapper//models/aws_robomaker_residential_DeskPortraitC_02/meshes/aws_DeskPortraitC_01_collision.DAE\n'}
[1.165833] (hunav_gazebo_wrapper) StdoutLine: {'line': b'-- Up-to-date symlink: /home/ambroise/hunav_ws/install/hunav_gazebo_wrapper/share/hunav_gazebo_wrapper//models/aws_robomaker_residential_DeskPortraitC_02/meshes/aws_DeskPortraitC_01_visual.DAE\n'}
[1.165903] (hunav_gazebo_wrapper) StdoutLine: {'line': b'-- Up-to-date symlink: /home/ambroise/hunav_ws/install/hunav_gazebo_wrapper/share/hunav_gazebo_wrapper//models/aws_robomaker_residential_DeskPortraitC_02/model.config\n'}
[1.165991] (hunav_gazebo_wrapper) StdoutLine: {'line': b'-- Up-to-date symlink: /home/ambroise/hunav_ws/install/hunav_gazebo_wrapper/share/hunav_gazebo_wrapper//models/aws_robomaker_residential_DeskPortraitC_02/model.sdf\n'}
[1.166087] (hunav_gazebo_wrapper) StdoutLine: {'line': b'-- Up-to-date symlink: /home/ambroise/hunav_ws/install/hunav_gazebo_wrapper/share/hunav_gazebo_wrapper//models/aws_robomaker_residential_DeskPortraitD_01/materials/textures/DeskPortraitD_01.jpg\n'}
[1.166177] (hunav_gazebo_wrapper) StdoutLine: {'line': b'-- Up-to-date symlink: /home/ambroise/hunav_ws/install/hunav_gazebo_wrapper/share/hunav_gazebo_wrapper//models/aws_robomaker_residential_DeskPortraitD_01/materials/textures/aws_DeskPortraitD_01.png\n'}
[1.166272] (hunav_gazebo_wrapper) StdoutLine: {'line': b'-- Up-to-date symlink: /home/ambroise/hunav_ws/install/hunav_gazebo_wrapper/share/hunav_gazebo_wrapper//models/aws_robomaker_residential_DeskPortraitD_01/materials/textures/aws_DeskPortraitD_02.png\n'}
[1.166359] (hunav_gazebo_wrapper) StdoutLine: {'line': b'-- Up-to-date symlink: /home/ambroise/hunav_ws/install/hunav_gazebo_wrapper/share/hunav_gazebo_wrapper//models/aws_robomaker_residential_DeskPortraitD_01/meshes/aws_DeskPortraitD_01_collision.DAE\n'}
[1.166454] (hunav_gazebo_wrapper) StdoutLine: {'line': b'-- Up-to-date symlink: /home/ambroise/hunav_ws/install/hunav_gazebo_wrapper/share/hunav_gazebo_wrapper//models/aws_robomaker_residential_DeskPortraitD_01/meshes/aws_DeskPortraitD_01_visual.DAE\n'}
[1.166543] (hunav_gazebo_wrapper) StdoutLine: {'line': b'-- Up-to-date symlink: /home/ambroise/hunav_ws/install/hunav_gazebo_wrapper/share/hunav_gazebo_wrapper//models/aws_robomaker_residential_DeskPortraitD_01/model.config\n'}
[1.166652] (hunav_gazebo_wrapper) StdoutLine: {'line': b'-- Up-to-date symlink: /home/ambroise/hunav_ws/install/hunav_gazebo_wrapper/share/hunav_gazebo_wrapper//models/aws_robomaker_residential_DeskPortraitD_01/model.sdf\n'}
[1.166744] (hunav_gazebo_wrapper) StdoutLine: {'line': b'-- Up-to-date symlink: /home/ambroise/hunav_ws/install/hunav_gazebo_wrapper/share/hunav_gazebo_wrapper//models/aws_robomaker_residential_DeskPortraitD_02/materials/textures/DeskPortraitD_02.jpg\n'}
[1.166821] (hunav_gazebo_wrapper) StdoutLine: {'line': b'-- Up-to-date symlink: /home/ambroise/hunav_ws/install/hunav_gazebo_wrapper/share/hunav_gazebo_wrapper//models/aws_robomaker_residential_DeskPortraitD_02/materials/textures/aws_DeskPortraitD_01.png\n'}
[1.166911] (hunav_gazebo_wrapper) StdoutLine: {'line': b'-- Up-to-date symlink: /home/ambroise/hunav_ws/install/hunav_gazebo_wrapper/share/hunav_gazebo_wrapper//models/aws_robomaker_residential_DeskPortraitD_02/materials/textures/aws_DeskPortraitD_02.png\n'}
[1.167001] (hunav_gazebo_wrapper) StdoutLine: {'line': b'-- Up-to-date symlink: /home/ambroise/hunav_ws/install/hunav_gazebo_wrapper/share/hunav_gazebo_wrapper//models/aws_robomaker_residential_DeskPortraitD_02/meshes/aws_DeskPortraitD_01_collision.DAE\n'}
[1.167086] (hunav_gazebo_wrapper) StdoutLine: {'line': b'-- Up-to-date symlink: /home/ambroise/hunav_ws/install/hunav_gazebo_wrapper/share/hunav_gazebo_wrapper//models/aws_robomaker_residential_DeskPortraitD_02/meshes/aws_DeskPortraitD_01_visual.DAE\n'}
[1.167168] (hunav_gazebo_wrapper) StdoutLine: {'line': b'-- Up-to-date symlink: /home/ambroise/hunav_ws/install/hunav_gazebo_wrapper/share/hunav_gazebo_wrapper//models/aws_robomaker_residential_DeskPortraitD_02/model.config\n'}
[1.167252] (hunav_gazebo_wrapper) StdoutLine: {'line': b'-- Up-to-date symlink: /home/ambroise/hunav_ws/install/hunav_gazebo_wrapper/share/hunav_gazebo_wrapper//models/aws_robomaker_residential_DeskPortraitD_02/model.sdf\n'}
[1.167349] (hunav_gazebo_wrapper) StdoutLine: {'line': b'-- Up-to-date symlink: /home/ambroise/hunav_ws/install/hunav_gazebo_wrapper/share/hunav_gazebo_wrapper//models/aws_robomaker_residential_DeskPortraitD_03/materials/textures/DeskPortraitD_03.jpg\n'}
[1.167467] (hunav_gazebo_wrapper) StdoutLine: {'line': b'-- Up-to-date symlink: /home/ambroise/hunav_ws/install/hunav_gazebo_wrapper/share/hunav_gazebo_wrapper//models/aws_robomaker_residential_DeskPortraitD_03/materials/textures/aws_DeskPortraitD_01.png\n'}
[1.167581] (hunav_gazebo_wrapper) StdoutLine: {'line': b'-- Up-to-date symlink: /home/ambroise/hunav_ws/install/hunav_gazebo_wrapper/share/hunav_gazebo_wrapper//models/aws_robomaker_residential_DeskPortraitD_03/materials/textures/aws_DeskPortraitD_02.png\n'}
[1.167668] (hunav_gazebo_wrapper) StdoutLine: {'line': b'-- Up-to-date symlink: /home/ambroise/hunav_ws/install/hunav_gazebo_wrapper/share/hunav_gazebo_wrapper//models/aws_robomaker_residential_DeskPortraitD_03/meshes/aws_DeskPortraitD_01_collision.DAE\n'}
[1.167737] (hunav_gazebo_wrapper) StdoutLine: {'line': b'-- Up-to-date symlink: /home/ambroise/hunav_ws/install/hunav_gazebo_wrapper/share/hunav_gazebo_wrapper//models/aws_robomaker_residential_DeskPortraitD_03/meshes/aws_DeskPortraitD_01_visual.DAE\n'}
[1.167823] (hunav_gazebo_wrapper) StdoutLine: {'line': b'-- Up-to-date symlink: /home/ambroise/hunav_ws/install/hunav_gazebo_wrapper/share/hunav_gazebo_wrapper//models/aws_robomaker_residential_DeskPortraitD_03/model.config\n'}
[1.167905] (hunav_gazebo_wrapper) StdoutLine: {'line': b'-- Up-to-date symlink: /home/ambroise/hunav_ws/install/hunav_gazebo_wrapper/share/hunav_gazebo_wrapper//models/aws_robomaker_residential_DeskPortraitD_03/model.sdf\n'}
[1.168001] (hunav_gazebo_wrapper) StdoutLine: {'line': b'-- Up-to-date symlink: /home/ambroise/hunav_ws/install/hunav_gazebo_wrapper/share/hunav_gazebo_wrapper//models/aws_robomaker_residential_DeskPortraitD_04/materials/textures/DeskPortraitD_04.jpg\n'}
[1.168096] (hunav_gazebo_wrapper) StdoutLine: {'line': b'-- Up-to-date symlink: /home/ambroise/hunav_ws/install/hunav_gazebo_wrapper/share/hunav_gazebo_wrapper//models/aws_robomaker_residential_DeskPortraitD_04/materials/textures/aws_DeskPortraitD_01.png\n'}
[1.168187] (hunav_gazebo_wrapper) StdoutLine: {'line': b'-- Up-to-date symlink: /home/ambroise/hunav_ws/install/hunav_gazebo_wrapper/share/hunav_gazebo_wrapper//models/aws_robomaker_residential_DeskPortraitD_04/materials/textures/aws_DeskPortraitD_02.png\n'}
[1.168281] (hunav_gazebo_wrapper) StdoutLine: {'line': b'-- Up-to-date symlink: /home/ambroise/hunav_ws/install/hunav_gazebo_wrapper/share/hunav_gazebo_wrapper//models/aws_robomaker_residential_DeskPortraitD_04/meshes/aws_DeskPortraitD_01_collision.DAE\n'}
[1.168371] (hunav_gazebo_wrapper) StdoutLine: {'line': b'-- Up-to-date symlink: /home/ambroise/hunav_ws/install/hunav_gazebo_wrapper/share/hunav_gazebo_wrapper//models/aws_robomaker_residential_DeskPortraitD_04/meshes/aws_DeskPortraitD_01_visual.DAE\n'}
[1.168461] (hunav_gazebo_wrapper) StdoutLine: {'line': b'-- Up-to-date symlink: /home/ambroise/hunav_ws/install/hunav_gazebo_wrapper/share/hunav_gazebo_wrapper//models/aws_robomaker_residential_DeskPortraitD_04/model.config\n'}
[1.168580] (hunav_gazebo_wrapper) StdoutLine: {'line': b'-- Up-to-date symlink: /home/ambroise/hunav_ws/install/hunav_gazebo_wrapper/share/hunav_gazebo_wrapper//models/aws_robomaker_residential_DeskPortraitD_04/model.sdf\n'}
[1.168664] (hunav_gazebo_wrapper) StdoutLine: {'line': b'-- Up-to-date symlink: /home/ambroise/hunav_ws/install/hunav_gazebo_wrapper/share/hunav_gazebo_wrapper//models/aws_robomaker_residential_Door_01/materials/textures/aws_Door_01.png\n'}
[1.168745] (hunav_gazebo_wrapper) StdoutLine: {'line': b'-- Up-to-date symlink: /home/ambroise/hunav_ws/install/hunav_gazebo_wrapper/share/hunav_gazebo_wrapper//models/aws_robomaker_residential_Door_01/meshes/aws_Door_01_collision.DAE\n'}
[1.168831] (hunav_gazebo_wrapper) StdoutLine: {'line': b'-- Up-to-date symlink: /home/ambroise/hunav_ws/install/hunav_gazebo_wrapper/share/hunav_gazebo_wrapper//models/aws_robomaker_residential_Door_01/meshes/aws_Door_01_visual.DAE\n'}
[1.168916] (hunav_gazebo_wrapper) StdoutLine: {'line': b'-- Up-to-date symlink: /home/ambroise/hunav_ws/install/hunav_gazebo_wrapper/share/hunav_gazebo_wrapper//models/aws_robomaker_residential_Door_01/model.config\n'}
[1.168998] (hunav_gazebo_wrapper) StdoutLine: {'line': b'-- Up-to-date symlink: /home/ambroise/hunav_ws/install/hunav_gazebo_wrapper/share/hunav_gazebo_wrapper//models/aws_robomaker_residential_Door_01/model.sdf\n'}
[1.169092] (hunav_gazebo_wrapper) StdoutLine: {'line': b'-- Up-to-date symlink: /home/ambroise/hunav_ws/install/hunav_gazebo_wrapper/share/hunav_gazebo_wrapper//models/aws_robomaker_residential_Dumbbell_01/materials/textures/aws_Dumbbell_01.png\n'}
[1.169181] (hunav_gazebo_wrapper) StdoutLine: {'line': b'-- Up-to-date symlink: /home/ambroise/hunav_ws/install/hunav_gazebo_wrapper/share/hunav_gazebo_wrapper//models/aws_robomaker_residential_Dumbbell_01/meshes/aws_Dumbbell_01_collision.DAE\n'}
[1.169268] (hunav_gazebo_wrapper) StdoutLine: {'line': b'-- Up-to-date symlink: /home/ambroise/hunav_ws/install/hunav_gazebo_wrapper/share/hunav_gazebo_wrapper//models/aws_robomaker_residential_Dumbbell_01/meshes/aws_Dumbbell_01_visual.DAE\n'}
[1.169352] (hunav_gazebo_wrapper) StdoutLine: {'line': b'-- Up-to-date symlink: /home/ambroise/hunav_ws/install/hunav_gazebo_wrapper/share/hunav_gazebo_wrapper//models/aws_robomaker_residential_Dumbbell_01/model.config\n'}
[1.169444] (hunav_gazebo_wrapper) StdoutLine: {'line': b'-- Up-to-date symlink: /home/ambroise/hunav_ws/install/hunav_gazebo_wrapper/share/hunav_gazebo_wrapper//models/aws_robomaker_residential_Dumbbell_01/model.sdf\n'}
[1.169565] (hunav_gazebo_wrapper) StdoutLine: {'line': b'-- Up-to-date symlink: /home/ambroise/hunav_ws/install/hunav_gazebo_wrapper/share/hunav_gazebo_wrapper//models/aws_robomaker_residential_FitnessEquipment_01/materials/textures/aws_FitnessEquipment_01.png\n'}
[1.169653] (hunav_gazebo_wrapper) StdoutLine: {'line': b'-- Up-to-date symlink: /home/ambroise/hunav_ws/install/hunav_gazebo_wrapper/share/hunav_gazebo_wrapper//models/aws_robomaker_residential_FitnessEquipment_01/meshes/aws_FitnessEquipment_01_collision.DAE\n'}
[1.169722] (hunav_gazebo_wrapper) StdoutLine: {'line': b'-- Up-to-date symlink: /home/ambroise/hunav_ws/install/hunav_gazebo_wrapper/share/hunav_gazebo_wrapper//models/aws_robomaker_residential_FitnessEquipment_01/meshes/aws_FitnessEquipment_01_visual.DAE\n'}
[1.169803] (hunav_gazebo_wrapper) StdoutLine: {'line': b'-- Up-to-date symlink: /home/ambroise/hunav_ws/install/hunav_gazebo_wrapper/share/hunav_gazebo_wrapper//models/aws_robomaker_residential_FitnessEquipment_01/model.config\n'}
[1.169884] (hunav_gazebo_wrapper) StdoutLine: {'line': b'-- Up-to-date symlink: /home/ambroise/hunav_ws/install/hunav_gazebo_wrapper/share/hunav_gazebo_wrapper//models/aws_robomaker_residential_FitnessEquipment_01/model.sdf\n'}
[1.169996] (hunav_gazebo_wrapper) StdoutLine: {'line': b'-- Up-to-date symlink: /home/ambroise/hunav_ws/install/hunav_gazebo_wrapper/share/hunav_gazebo_wrapper//models/aws_robomaker_residential_FloorB_01/materials/textures/aws_FloorB_01.png\n'}
[1.170080] (hunav_gazebo_wrapper) StdoutLine: {'line': b'-- Up-to-date symlink: /home/ambroise/hunav_ws/install/hunav_gazebo_wrapper/share/hunav_gazebo_wrapper//models/aws_robomaker_residential_FloorB_01/meshes/aws_FloorB_01_collision.DAE\n'}
[1.170177] (hunav_gazebo_wrapper) StdoutLine: {'line': b'-- Up-to-date symlink: /home/ambroise/hunav_ws/install/hunav_gazebo_wrapper/share/hunav_gazebo_wrapper//models/aws_robomaker_residential_FloorB_01/meshes/aws_FloorB_01_visual.DAE\n'}
[1.170260] (hunav_gazebo_wrapper) StdoutLine: {'line': b'-- Up-to-date symlink: /home/ambroise/hunav_ws/install/hunav_gazebo_wrapper/share/hunav_gazebo_wrapper//models/aws_robomaker_residential_FloorB_01/model.config\n'}
[1.170343] (hunav_gazebo_wrapper) StdoutLine: {'line': b'-- Up-to-date symlink: /home/ambroise/hunav_ws/install/hunav_gazebo_wrapper/share/hunav_gazebo_wrapper//models/aws_robomaker_residential_FloorB_01/model.sdf\n'}
[1.170447] (hunav_gazebo_wrapper) StdoutLine: {'line': b'-- Up-to-date symlink: /home/ambroise/hunav_ws/install/hunav_gazebo_wrapper/share/hunav_gazebo_wrapper//models/aws_robomaker_residential_FoldingDoor_01/materials/textures/aws_FoldingDoor_01.png\n'}
[1.170540] (hunav_gazebo_wrapper) StdoutLine: {'line': b'-- Up-to-date symlink: /home/ambroise/hunav_ws/install/hunav_gazebo_wrapper/share/hunav_gazebo_wrapper//models/aws_robomaker_residential_FoldingDoor_01/meshes/aws_FoldingDoor_01_collision.DAE\n'}
[1.170632] (hunav_gazebo_wrapper) StdoutLine: {'line': b'-- Up-to-date symlink: /home/ambroise/hunav_ws/install/hunav_gazebo_wrapper/share/hunav_gazebo_wrapper//models/aws_robomaker_residential_FoldingDoor_01/meshes/aws_FoldingDoor_01_visual.DAE\n'}
[1.170718] (hunav_gazebo_wrapper) StdoutLine: {'line': b'-- Up-to-date symlink: /home/ambroise/hunav_ws/install/hunav_gazebo_wrapper/share/hunav_gazebo_wrapper//models/aws_robomaker_residential_FoldingDoor_01/model.config\n'}
[1.170799] (hunav_gazebo_wrapper) StdoutLine: {'line': b'-- Up-to-date symlink: /home/ambroise/hunav_ws/install/hunav_gazebo_wrapper/share/hunav_gazebo_wrapper//models/aws_robomaker_residential_FoldingDoor_01/model.sdf\n'}
[1.170894] (hunav_gazebo_wrapper) StdoutLine: {'line': b'-- Up-to-date symlink: /home/ambroise/hunav_ws/install/hunav_gazebo_wrapper/share/hunav_gazebo_wrapper//models/aws_robomaker_residential_FoldingDoor_02/materials/textures/aws_FoldingDoor_02.png\n'}
[1.170983] (hunav_gazebo_wrapper) StdoutLine: {'line': b'-- Up-to-date symlink: /home/ambroise/hunav_ws/install/hunav_gazebo_wrapper/share/hunav_gazebo_wrapper//models/aws_robomaker_residential_FoldingDoor_02/meshes/aws_FoldingDoor_02_collision.DAE\n'}
[1.171070] (hunav_gazebo_wrapper) StdoutLine: {'line': b'-- Up-to-date symlink: /home/ambroise/hunav_ws/install/hunav_gazebo_wrapper/share/hunav_gazebo_wrapper//models/aws_robomaker_residential_FoldingDoor_02/meshes/aws_FoldingDoor_02_visual.DAE\n'}
[1.171154] (hunav_gazebo_wrapper) StdoutLine: {'line': b'-- Up-to-date symlink: /home/ambroise/hunav_ws/install/hunav_gazebo_wrapper/share/hunav_gazebo_wrapper//models/aws_robomaker_residential_FoldingDoor_02/model.config\n'}
[1.171236] (hunav_gazebo_wrapper) StdoutLine: {'line': b'-- Up-to-date symlink: /home/ambroise/hunav_ws/install/hunav_gazebo_wrapper/share/hunav_gazebo_wrapper//models/aws_robomaker_residential_FoldingDoor_02/model.sdf\n'}
[1.171332] (hunav_gazebo_wrapper) StdoutLine: {'line': b'-- Up-to-date symlink: /home/ambroise/hunav_ws/install/hunav_gazebo_wrapper/share/hunav_gazebo_wrapper//models/aws_robomaker_residential_Handle_01/materials/textures/aws_Handle_01.png\n'}
[1.171428] (hunav_gazebo_wrapper) StdoutLine: {'line': b'-- Up-to-date symlink: /home/ambroise/hunav_ws/install/hunav_gazebo_wrapper/share/hunav_gazebo_wrapper//models/aws_robomaker_residential_Handle_01/meshes/aws_Handle_01_collision.DAE\n'}
[1.171520] (hunav_gazebo_wrapper) StdoutLine: {'line': b'-- Up-to-date symlink: /home/ambroise/hunav_ws/install/hunav_gazebo_wrapper/share/hunav_gazebo_wrapper//models/aws_robomaker_residential_Handle_01/meshes/aws_Handle_01_visual.DAE\n'}
[1.171604] (hunav_gazebo_wrapper) StdoutLine: {'line': b'-- Up-to-date symlink: /home/ambroise/hunav_ws/install/hunav_gazebo_wrapper/share/hunav_gazebo_wrapper//models/aws_robomaker_residential_Handle_01/model.config\n'}
[1.171687] (hunav_gazebo_wrapper) StdoutLine: {'line': b'-- Up-to-date symlink: /home/ambroise/hunav_ws/install/hunav_gazebo_wrapper/share/hunav_gazebo_wrapper//models/aws_robomaker_residential_Handle_01/model.sdf\n'}
[1.171785] (hunav_gazebo_wrapper) StdoutLine: {'line': b'-- Up-to-date symlink: /home/ambroise/hunav_ws/install/hunav_gazebo_wrapper/share/hunav_gazebo_wrapper//models/aws_robomaker_residential_HouseWallB_01/materials/textures/aws_HouseWallB_01.png\n'}
[1.171874] (hunav_gazebo_wrapper) StdoutLine: {'line': b'-- Up-to-date symlink: /home/ambroise/hunav_ws/install/hunav_gazebo_wrapper/share/hunav_gazebo_wrapper//models/aws_robomaker_residential_HouseWallB_01/meshes/aws_HouseWallB_01_collision.DAE\n'}
[1.171962] (hunav_gazebo_wrapper) StdoutLine: {'line': b'-- Up-to-date symlink: /home/ambroise/hunav_ws/install/hunav_gazebo_wrapper/share/hunav_gazebo_wrapper//models/aws_robomaker_residential_HouseWallB_01/meshes/aws_HouseWallB_01_visual.DAE\n'}
[1.172045] (hunav_gazebo_wrapper) StdoutLine: {'line': b'-- Up-to-date symlink: /home/ambroise/hunav_ws/install/hunav_gazebo_wrapper/share/hunav_gazebo_wrapper//models/aws_robomaker_residential_HouseWallB_01/model.config\n'}
[1.172128] (hunav_gazebo_wrapper) StdoutLine: {'line': b'-- Up-to-date symlink: /home/ambroise/hunav_ws/install/hunav_gazebo_wrapper/share/hunav_gazebo_wrapper//models/aws_robomaker_residential_HouseWallB_01/model.sdf\n'}
[1.172250] (hunav_gazebo_wrapper) StdoutLine: {'line': b'-- Up-to-date symlink: /home/ambroise/hunav_ws/install/hunav_gazebo_wrapper/share/hunav_gazebo_wrapper//models/aws_robomaker_residential_KitchenCabinet_01/materials/textures/aws_KitchenCabinet_01.png\n'}
[1.172339] (hunav_gazebo_wrapper) StdoutLine: {'line': b'-- Up-to-date symlink: /home/ambroise/hunav_ws/install/hunav_gazebo_wrapper/share/hunav_gazebo_wrapper//models/aws_robomaker_residential_KitchenCabinet_01/meshes/aws_KitchenCabinet_01_collision.DAE\n'}
[1.172410] (hunav_gazebo_wrapper) StdoutLine: {'line': b'-- Up-to-date symlink: /home/ambroise/hunav_ws/install/hunav_gazebo_wrapper/share/hunav_gazebo_wrapper//models/aws_robomaker_residential_KitchenCabinet_01/meshes/aws_KitchenCabinet_01_visual.DAE\n'}
[1.172502] (hunav_gazebo_wrapper) StdoutLine: {'line': b'-- Up-to-date symlink: /home/ambroise/hunav_ws/install/hunav_gazebo_wrapper/share/hunav_gazebo_wrapper//models/aws_robomaker_residential_KitchenCabinet_01/model.config\n'}
[1.172596] (hunav_gazebo_wrapper) StdoutLine: {'line': b'-- Up-to-date symlink: /home/ambroise/hunav_ws/install/hunav_gazebo_wrapper/share/hunav_gazebo_wrapper//models/aws_robomaker_residential_KitchenCabinet_01/model.sdf\n'}
[1.172690] (hunav_gazebo_wrapper) StdoutLine: {'line': b'-- Up-to-date symlink: /home/ambroise/hunav_ws/install/hunav_gazebo_wrapper/share/hunav_gazebo_wrapper//models/aws_robomaker_residential_KitchenTable_01/materials/textures/aws_KitchenTable_01.png\n'}
[1.172780] (hunav_gazebo_wrapper) StdoutLine: {'line': b'-- Up-to-date symlink: /home/ambroise/hunav_ws/install/hunav_gazebo_wrapper/share/hunav_gazebo_wrapper//models/aws_robomaker_residential_KitchenTable_01/meshes/aws_KitchenTable_01_collision.DAE\n'}
[1.172875] (hunav_gazebo_wrapper) StdoutLine: {'line': b'-- Up-to-date symlink: /home/ambroise/hunav_ws/install/hunav_gazebo_wrapper/share/hunav_gazebo_wrapper//models/aws_robomaker_residential_KitchenTable_01/meshes/aws_KitchenTable_01_visual.DAE\n'}
[1.172978] (hunav_gazebo_wrapper) StdoutLine: {'line': b'-- Up-to-date symlink: /home/ambroise/hunav_ws/install/hunav_gazebo_wrapper/share/hunav_gazebo_wrapper//models/aws_robomaker_residential_KitchenTable_01/model.config\n'}
[1.173071] (hunav_gazebo_wrapper) StdoutLine: {'line': b'-- Up-to-date symlink: /home/ambroise/hunav_ws/install/hunav_gazebo_wrapper/share/hunav_gazebo_wrapper//models/aws_robomaker_residential_KitchenTable_01/model.sdf\n'}
[1.173176] (hunav_gazebo_wrapper) StdoutLine: {'line': b'-- Up-to-date symlink: /home/ambroise/hunav_ws/install/hunav_gazebo_wrapper/share/hunav_gazebo_wrapper//models/aws_robomaker_residential_KitchenUtensils_01/materials/textures/aws_KitchenUtensils_01.png\n'}
[1.173277] (hunav_gazebo_wrapper) StdoutLine: {'line': b'-- Up-to-date symlink: /home/ambroise/hunav_ws/install/hunav_gazebo_wrapper/share/hunav_gazebo_wrapper//models/aws_robomaker_residential_KitchenUtensils_01/meshes/aws_KitchenUtensils_01_collision.DAE\n'}
[1.173371] (hunav_gazebo_wrapper) StdoutLine: {'line': b'-- Up-to-date symlink: /home/ambroise/hunav_ws/install/hunav_gazebo_wrapper/share/hunav_gazebo_wrapper//models/aws_robomaker_residential_KitchenUtensils_01/meshes/aws_KitchenUtensils_01_visual.DAE\n'}
[1.173460] (hunav_gazebo_wrapper) StdoutLine: {'line': b'-- Up-to-date symlink: /home/ambroise/hunav_ws/install/hunav_gazebo_wrapper/share/hunav_gazebo_wrapper//models/aws_robomaker_residential_KitchenUtensils_01/model.config\n'}
[1.173546] (hunav_gazebo_wrapper) StdoutLine: {'line': b'-- Up-to-date symlink: /home/ambroise/hunav_ws/install/hunav_gazebo_wrapper/share/hunav_gazebo_wrapper//models/aws_robomaker_residential_KitchenUtensils_01/model.sdf\n'}
[1.173641] (hunav_gazebo_wrapper) StdoutLine: {'line': b'-- Up-to-date symlink: /home/ambroise/hunav_ws/install/hunav_gazebo_wrapper/share/hunav_gazebo_wrapper//models/aws_robomaker_residential_LightC_01/materials/textures/aws_LightC_01.png\n'}
[1.173729] (hunav_gazebo_wrapper) StdoutLine: {'line': b'-- Up-to-date symlink: /home/ambroise/hunav_ws/install/hunav_gazebo_wrapper/share/hunav_gazebo_wrapper//models/aws_robomaker_residential_LightC_01/meshes/aws_LightC_01_collision.DAE\n'}
[1.173816] (hunav_gazebo_wrapper) StdoutLine: {'line': b'-- Up-to-date symlink: /home/ambroise/hunav_ws/install/hunav_gazebo_wrapper/share/hunav_gazebo_wrapper//models/aws_robomaker_residential_LightC_01/meshes/aws_LightC_01_visual.DAE\n'}
[1.173899] (hunav_gazebo_wrapper) StdoutLine: {'line': b'-- Up-to-date symlink: /home/ambroise/hunav_ws/install/hunav_gazebo_wrapper/share/hunav_gazebo_wrapper//models/aws_robomaker_residential_LightC_01/model.config\n'}
[1.173981] (hunav_gazebo_wrapper) StdoutLine: {'line': b'-- Up-to-date symlink: /home/ambroise/hunav_ws/install/hunav_gazebo_wrapper/share/hunav_gazebo_wrapper//models/aws_robomaker_residential_LightC_01/model.sdf\n'}
[1.174078] (hunav_gazebo_wrapper) StdoutLine: {'line': b'-- Up-to-date symlink: /home/ambroise/hunav_ws/install/hunav_gazebo_wrapper/share/hunav_gazebo_wrapper//models/aws_robomaker_residential_NightStand_01/materials/textures/aws_NightStand_01.png\n'}
[1.174169] (hunav_gazebo_wrapper) StdoutLine: {'line': b'-- Up-to-date symlink: /home/ambroise/hunav_ws/install/hunav_gazebo_wrapper/share/hunav_gazebo_wrapper//models/aws_robomaker_residential_NightStand_01/meshes/aws_NightStand_01_collision.DAE\n'}
[1.174255] (hunav_gazebo_wrapper) StdoutLine: {'line': b'-- Up-to-date symlink: /home/ambroise/hunav_ws/install/hunav_gazebo_wrapper/share/hunav_gazebo_wrapper//models/aws_robomaker_residential_NightStand_01/meshes/aws_NightStand_01_visual.DAE\n'}
[1.174337] (hunav_gazebo_wrapper) StdoutLine: {'line': b'-- Up-to-date symlink: /home/ambroise/hunav_ws/install/hunav_gazebo_wrapper/share/hunav_gazebo_wrapper//models/aws_robomaker_residential_NightStand_01/model.config\n'}
[1.174431] (hunav_gazebo_wrapper) StdoutLine: {'line': b'-- Up-to-date symlink: /home/ambroise/hunav_ws/install/hunav_gazebo_wrapper/share/hunav_gazebo_wrapper//models/aws_robomaker_residential_NightStand_01/model.sdf\n'}
[1.174530] (hunav_gazebo_wrapper) StdoutLine: {'line': b'-- Up-to-date symlink: /home/ambroise/hunav_ws/install/hunav_gazebo_wrapper/share/hunav_gazebo_wrapper//models/aws_robomaker_residential_Pillow_01/materials/textures/aws_Pillow_01.png\n'}
[1.174619] (hunav_gazebo_wrapper) StdoutLine: {'line': b'-- Up-to-date symlink: /home/ambroise/hunav_ws/install/hunav_gazebo_wrapper/share/hunav_gazebo_wrapper//models/aws_robomaker_residential_Pillow_01/meshes/aws_Pillow_01_collision.DAE\n'}
[1.174703] (hunav_gazebo_wrapper) StdoutLine: {'line': b'-- Up-to-date symlink: /home/ambroise/hunav_ws/install/hunav_gazebo_wrapper/share/hunav_gazebo_wrapper//models/aws_robomaker_residential_Pillow_01/meshes/aws_Pillow_01_visual.DAE\n'}
[1.174786] (hunav_gazebo_wrapper) StdoutLine: {'line': b'-- Up-to-date symlink: /home/ambroise/hunav_ws/install/hunav_gazebo_wrapper/share/hunav_gazebo_wrapper//models/aws_robomaker_residential_Pillow_01/model.config\n'}
[1.174868] (hunav_gazebo_wrapper) StdoutLine: {'line': b'-- Up-to-date symlink: /home/ambroise/hunav_ws/install/hunav_gazebo_wrapper/share/hunav_gazebo_wrapper//models/aws_robomaker_residential_Pillow_01/model.sdf\n'}
[1.174965] (hunav_gazebo_wrapper) StdoutLine: {'line': b'-- Up-to-date symlink: /home/ambroise/hunav_ws/install/hunav_gazebo_wrapper/share/hunav_gazebo_wrapper//models/aws_robomaker_residential_PortraitA_01/materials/textures/PortraitA_01.jpg\n'}
[1.175062] (hunav_gazebo_wrapper) StdoutLine: {'line': b'-- Up-to-date symlink: /home/ambroise/hunav_ws/install/hunav_gazebo_wrapper/share/hunav_gazebo_wrapper//models/aws_robomaker_residential_PortraitA_01/materials/textures/aws_PortraitA_01.png\n'}
[1.175155] (hunav_gazebo_wrapper) StdoutLine: {'line': b'-- Up-to-date symlink: /home/ambroise/hunav_ws/install/hunav_gazebo_wrapper/share/hunav_gazebo_wrapper//models/aws_robomaker_residential_PortraitA_01/materials/textures/aws_PortraitA_02.png\n'}
[1.175244] (hunav_gazebo_wrapper) StdoutLine: {'line': b'-- Up-to-date symlink: /home/ambroise/hunav_ws/install/hunav_gazebo_wrapper/share/hunav_gazebo_wrapper//models/aws_robomaker_residential_PortraitA_01/meshes/aws_PortraitA_01_collision.DAE\n'}
[1.175331] (hunav_gazebo_wrapper) StdoutLine: {'line': b'-- Up-to-date symlink: /home/ambroise/hunav_ws/install/hunav_gazebo_wrapper/share/hunav_gazebo_wrapper//models/aws_robomaker_residential_PortraitA_01/meshes/aws_PortraitA_01_visual.DAE\n'}
[1.175423] (hunav_gazebo_wrapper) StdoutLine: {'line': b'-- Up-to-date symlink: /home/ambroise/hunav_ws/install/hunav_gazebo_wrapper/share/hunav_gazebo_wrapper//models/aws_robomaker_residential_PortraitA_01/model.config\n'}
[1.175520] (hunav_gazebo_wrapper) StdoutLine: {'line': b'-- Up-to-date symlink: /home/ambroise/hunav_ws/install/hunav_gazebo_wrapper/share/hunav_gazebo_wrapper//models/aws_robomaker_residential_PortraitA_01/model.sdf\n'}
[1.175619] (hunav_gazebo_wrapper) StdoutLine: {'line': b'-- Up-to-date symlink: /home/ambroise/hunav_ws/install/hunav_gazebo_wrapper/share/hunav_gazebo_wrapper//models/aws_robomaker_residential_PortraitA_02/materials/textures/PortraitA_02.jpg\n'}
[1.175712] (hunav_gazebo_wrapper) StdoutLine: {'line': b'-- Up-to-date symlink: /home/ambroise/hunav_ws/install/hunav_gazebo_wrapper/share/hunav_gazebo_wrapper//models/aws_robomaker_residential_PortraitA_02/materials/textures/aws_PortraitA_01.png\n'}
[1.175804] (hunav_gazebo_wrapper) StdoutLine: {'line': b'-- Up-to-date symlink: /home/ambroise/hunav_ws/install/hunav_gazebo_wrapper/share/hunav_gazebo_wrapper//models/aws_robomaker_residential_PortraitA_02/materials/textures/aws_PortraitA_02.png\n'}
[1.175899] (hunav_gazebo_wrapper) StdoutLine: {'line': b'-- Up-to-date symlink: /home/ambroise/hunav_ws/install/hunav_gazebo_wrapper/share/hunav_gazebo_wrapper//models/aws_robomaker_residential_PortraitA_02/meshes/aws_PortraitA_01_collision.DAE\n'}
[1.175987] (hunav_gazebo_wrapper) StdoutLine: {'line': b'-- Up-to-date symlink: /home/ambroise/hunav_ws/install/hunav_gazebo_wrapper/share/hunav_gazebo_wrapper//models/aws_robomaker_residential_PortraitA_02/meshes/aws_PortraitA_01_visual.DAE\n'}
[1.176069] (hunav_gazebo_wrapper) StdoutLine: {'line': b'-- Up-to-date symlink: /home/ambroise/hunav_ws/install/hunav_gazebo_wrapper/share/hunav_gazebo_wrapper//models/aws_robomaker_residential_PortraitA_02/model.config\n'}
[1.176152] (hunav_gazebo_wrapper) StdoutLine: {'line': b'-- Up-to-date symlink: /home/ambroise/hunav_ws/install/hunav_gazebo_wrapper/share/hunav_gazebo_wrapper//models/aws_robomaker_residential_PortraitA_02/model.sdf\n'}
[1.176247] (hunav_gazebo_wrapper) StdoutLine: {'line': b'-- Up-to-date symlink: /home/ambroise/hunav_ws/install/hunav_gazebo_wrapper/share/hunav_gazebo_wrapper//models/aws_robomaker_residential_PortraitB_01/materials/textures/PortraitB_01.jpg\n'}
[1.176340] (hunav_gazebo_wrapper) StdoutLine: {'line': b'-- Up-to-date symlink: /home/ambroise/hunav_ws/install/hunav_gazebo_wrapper/share/hunav_gazebo_wrapper//models/aws_robomaker_residential_PortraitB_01/materials/textures/aws_PortraitB_01.png\n'}
[1.176441] (hunav_gazebo_wrapper) StdoutLine: {'line': b'-- Up-to-date symlink: /home/ambroise/hunav_ws/install/hunav_gazebo_wrapper/share/hunav_gazebo_wrapper//models/aws_robomaker_residential_PortraitB_01/materials/textures/aws_PortraitB_02.png\n'}
[1.176533] (hunav_gazebo_wrapper) StdoutLine: {'line': b'-- Up-to-date symlink: /home/ambroise/hunav_ws/install/hunav_gazebo_wrapper/share/hunav_gazebo_wrapper//models/aws_robomaker_residential_PortraitB_01/meshes/aws_PortraitB_01_collision.DAE\n'}
[1.176627] (hunav_gazebo_wrapper) StdoutLine: {'line': b'-- Up-to-date symlink: /home/ambroise/hunav_ws/install/hunav_gazebo_wrapper/share/hunav_gazebo_wrapper//models/aws_robomaker_residential_PortraitB_01/meshes/aws_PortraitB_01_visual.DAE\n'}
[1.176715] (hunav_gazebo_wrapper) StdoutLine: {'line': b'-- Up-to-date symlink: /home/ambroise/hunav_ws/install/hunav_gazebo_wrapper/share/hunav_gazebo_wrapper//models/aws_robomaker_residential_PortraitB_01/model.config\n'}
[1.176798] (hunav_gazebo_wrapper) StdoutLine: {'line': b'-- Up-to-date symlink: /home/ambroise/hunav_ws/install/hunav_gazebo_wrapper/share/hunav_gazebo_wrapper//models/aws_robomaker_residential_PortraitB_01/model.sdf\n'}
[1.176893] (hunav_gazebo_wrapper) StdoutLine: {'line': b'-- Up-to-date symlink: /home/ambroise/hunav_ws/install/hunav_gazebo_wrapper/share/hunav_gazebo_wrapper//models/aws_robomaker_residential_PortraitB_02/materials/textures/PortraitB_02.jpg\n'}
[1.176986] (hunav_gazebo_wrapper) StdoutLine: {'line': b'-- Up-to-date symlink: /home/ambroise/hunav_ws/install/hunav_gazebo_wrapper/share/hunav_gazebo_wrapper//models/aws_robomaker_residential_PortraitB_02/materials/textures/aws_PortraitB_01.png\n'}
[1.177079] (hunav_gazebo_wrapper) StdoutLine: {'line': b'-- Up-to-date symlink: /home/ambroise/hunav_ws/install/hunav_gazebo_wrapper/share/hunav_gazebo_wrapper//models/aws_robomaker_residential_PortraitB_02/materials/textures/aws_PortraitB_02.png\n'}
[1.177168] (hunav_gazebo_wrapper) StdoutLine: {'line': b'-- Up-to-date symlink: /home/ambroise/hunav_ws/install/hunav_gazebo_wrapper/share/hunav_gazebo_wrapper//models/aws_robomaker_residential_PortraitB_02/meshes/aws_PortraitB_01_collision.DAE\n'}
[1.177259] (hunav_gazebo_wrapper) StdoutLine: {'line': b'-- Up-to-date symlink: /home/ambroise/hunav_ws/install/hunav_gazebo_wrapper/share/hunav_gazebo_wrapper//models/aws_robomaker_residential_PortraitB_02/meshes/aws_PortraitB_01_visual.DAE\n'}
[1.177340] (hunav_gazebo_wrapper) StdoutLine: {'line': b'-- Up-to-date symlink: /home/ambroise/hunav_ws/install/hunav_gazebo_wrapper/share/hunav_gazebo_wrapper//models/aws_robomaker_residential_PortraitB_02/model.config\n'}
[1.177432] (hunav_gazebo_wrapper) StdoutLine: {'line': b'-- Up-to-date symlink: /home/ambroise/hunav_ws/install/hunav_gazebo_wrapper/share/hunav_gazebo_wrapper//models/aws_robomaker_residential_PortraitB_02/model.sdf\n'}
[1.177545] (hunav_gazebo_wrapper) StdoutLine: {'line': b'-- Up-to-date symlink: /home/ambroise/hunav_ws/install/hunav_gazebo_wrapper/share/hunav_gazebo_wrapper//models/aws_robomaker_residential_PortraitB_03/materials/textures/PortraitB_03.jpg\n'}
[1.177637] (hunav_gazebo_wrapper) StdoutLine: {'line': b'-- Up-to-date symlink: /home/ambroise/hunav_ws/install/hunav_gazebo_wrapper/share/hunav_gazebo_wrapper//models/aws_robomaker_residential_PortraitB_03/materials/textures/aws_PortraitB_01.png\n'}
[1.177740] (hunav_gazebo_wrapper) StdoutLine: {'line': b'-- Up-to-date symlink: /home/ambroise/hunav_ws/install/hunav_gazebo_wrapper/share/hunav_gazebo_wrapper//models/aws_robomaker_residential_PortraitB_03/materials/textures/aws_PortraitB_02.png\n'}
[1.177833] (hunav_gazebo_wrapper) StdoutLine: {'line': b'-- Up-to-date symlink: /home/ambroise/hunav_ws/install/hunav_gazebo_wrapper/share/hunav_gazebo_wrapper//models/aws_robomaker_residential_PortraitB_03/meshes/aws_PortraitB_01_collision.DAE\n'}
[1.177925] (hunav_gazebo_wrapper) StdoutLine: {'line': b'-- Up-to-date symlink: /home/ambroise/hunav_ws/install/hunav_gazebo_wrapper/share/hunav_gazebo_wrapper//models/aws_robomaker_residential_PortraitB_03/meshes/aws_PortraitB_01_visual.DAE\n'}
[1.178007] (hunav_gazebo_wrapper) StdoutLine: {'line': b'-- Up-to-date symlink: /home/ambroise/hunav_ws/install/hunav_gazebo_wrapper/share/hunav_gazebo_wrapper//models/aws_robomaker_residential_PortraitB_03/model.config\n'}
[1.178091] (hunav_gazebo_wrapper) StdoutLine: {'line': b'-- Up-to-date symlink: /home/ambroise/hunav_ws/install/hunav_gazebo_wrapper/share/hunav_gazebo_wrapper//models/aws_robomaker_residential_PortraitB_03/model.sdf\n'}
[1.178186] (hunav_gazebo_wrapper) StdoutLine: {'line': b'-- Up-to-date symlink: /home/ambroise/hunav_ws/install/hunav_gazebo_wrapper/share/hunav_gazebo_wrapper//models/aws_robomaker_residential_PortraitC_01/materials/textures/PortraitC_01.jpg\n'}
[1.178280] (hunav_gazebo_wrapper) StdoutLine: {'line': b'-- Up-to-date symlink: /home/ambroise/hunav_ws/install/hunav_gazebo_wrapper/share/hunav_gazebo_wrapper//models/aws_robomaker_residential_PortraitC_01/materials/textures/aws_PortraitC_01.png\n'}
[1.178373] (hunav_gazebo_wrapper) StdoutLine: {'line': b'-- Up-to-date symlink: /home/ambroise/hunav_ws/install/hunav_gazebo_wrapper/share/hunav_gazebo_wrapper//models/aws_robomaker_residential_PortraitC_01/materials/textures/aws_PortraitC_02.png\n'}
[1.178476] (hunav_gazebo_wrapper) StdoutLine: {'line': b'-- Up-to-date symlink: /home/ambroise/hunav_ws/install/hunav_gazebo_wrapper/share/hunav_gazebo_wrapper//models/aws_robomaker_residential_PortraitC_01/meshes/aws_PortraitC_01_collision.DAE\n'}
[1.178569] (hunav_gazebo_wrapper) StdoutLine: {'line': b'-- Up-to-date symlink: /home/ambroise/hunav_ws/install/hunav_gazebo_wrapper/share/hunav_gazebo_wrapper//models/aws_robomaker_residential_PortraitC_01/meshes/aws_PortraitC_01_visual.DAE\n'}
[1.178653] (hunav_gazebo_wrapper) StdoutLine: {'line': b'-- Up-to-date symlink: /home/ambroise/hunav_ws/install/hunav_gazebo_wrapper/share/hunav_gazebo_wrapper//models/aws_robomaker_residential_PortraitC_01/model.config\n'}
[1.178736] (hunav_gazebo_wrapper) StdoutLine: {'line': b'-- Up-to-date symlink: /home/ambroise/hunav_ws/install/hunav_gazebo_wrapper/share/hunav_gazebo_wrapper//models/aws_robomaker_residential_PortraitC_01/model.sdf\n'}
[1.178834] (hunav_gazebo_wrapper) StdoutLine: {'line': b'-- Up-to-date symlink: /home/ambroise/hunav_ws/install/hunav_gazebo_wrapper/share/hunav_gazebo_wrapper//models/aws_robomaker_residential_PortraitD_01/materials/textures/PortraitD_01.jpg\n'}
[1.178926] (hunav_gazebo_wrapper) StdoutLine: {'line': b'-- Up-to-date symlink: /home/ambroise/hunav_ws/install/hunav_gazebo_wrapper/share/hunav_gazebo_wrapper//models/aws_robomaker_residential_PortraitD_01/materials/textures/aws_PortraitD_01.png\n'}
[1.179017] (hunav_gazebo_wrapper) StdoutLine: {'line': b'-- Up-to-date symlink: /home/ambroise/hunav_ws/install/hunav_gazebo_wrapper/share/hunav_gazebo_wrapper//models/aws_robomaker_residential_PortraitD_01/materials/textures/aws_PortraitD_02.png\n'}
[1.179107] (hunav_gazebo_wrapper) StdoutLine: {'line': b'-- Up-to-date symlink: /home/ambroise/hunav_ws/install/hunav_gazebo_wrapper/share/hunav_gazebo_wrapper//models/aws_robomaker_residential_PortraitD_01/meshes/aws_PortraitD_01_collision.DAE\n'}
[1.179198] (hunav_gazebo_wrapper) StdoutLine: {'line': b'-- Up-to-date symlink: /home/ambroise/hunav_ws/install/hunav_gazebo_wrapper/share/hunav_gazebo_wrapper//models/aws_robomaker_residential_PortraitD_01/meshes/aws_PortraitD_01_visual.DAE\n'}
[1.179280] (hunav_gazebo_wrapper) StdoutLine: {'line': b'-- Up-to-date symlink: /home/ambroise/hunav_ws/install/hunav_gazebo_wrapper/share/hunav_gazebo_wrapper//models/aws_robomaker_residential_PortraitD_01/model.config\n'}
[1.179363] (hunav_gazebo_wrapper) StdoutLine: {'line': b'-- Up-to-date symlink: /home/ambroise/hunav_ws/install/hunav_gazebo_wrapper/share/hunav_gazebo_wrapper//models/aws_robomaker_residential_PortraitD_01/model.sdf\n'}
[1.179464] (hunav_gazebo_wrapper) StdoutLine: {'line': b'-- Up-to-date symlink: /home/ambroise/hunav_ws/install/hunav_gazebo_wrapper/share/hunav_gazebo_wrapper//models/aws_robomaker_residential_PortraitD_02/materials/textures/PortraitD_02.jpg\n'}
[1.179563] (hunav_gazebo_wrapper) StdoutLine: {'line': b'-- Up-to-date symlink: /home/ambroise/hunav_ws/install/hunav_gazebo_wrapper/share/hunav_gazebo_wrapper//models/aws_robomaker_residential_PortraitD_02/materials/textures/aws_PortraitD_01.png\n'}
[1.179656] (hunav_gazebo_wrapper) StdoutLine: {'line': b'-- Up-to-date symlink: /home/ambroise/hunav_ws/install/hunav_gazebo_wrapper/share/hunav_gazebo_wrapper//models/aws_robomaker_residential_PortraitD_02/materials/textures/aws_PortraitD_02.png\n'}
[1.179746] (hunav_gazebo_wrapper) StdoutLine: {'line': b'-- Up-to-date symlink: /home/ambroise/hunav_ws/install/hunav_gazebo_wrapper/share/hunav_gazebo_wrapper//models/aws_robomaker_residential_PortraitD_02/meshes/aws_PortraitD_01_collision.DAE\n'}
[1.179835] (hunav_gazebo_wrapper) StdoutLine: {'line': b'-- Up-to-date symlink: /home/ambroise/hunav_ws/install/hunav_gazebo_wrapper/share/hunav_gazebo_wrapper//models/aws_robomaker_residential_PortraitD_02/meshes/aws_PortraitD_01_visual.DAE\n'}
[1.179929] (hunav_gazebo_wrapper) StdoutLine: {'line': b'-- Up-to-date symlink: /home/ambroise/hunav_ws/install/hunav_gazebo_wrapper/share/hunav_gazebo_wrapper//models/aws_robomaker_residential_PortraitD_02/model.config\n'}
[1.180012] (hunav_gazebo_wrapper) StdoutLine: {'line': b'-- Up-to-date symlink: /home/ambroise/hunav_ws/install/hunav_gazebo_wrapper/share/hunav_gazebo_wrapper//models/aws_robomaker_residential_PortraitD_02/model.sdf\n'}
[1.180107] (hunav_gazebo_wrapper) StdoutLine: {'line': b'-- Up-to-date symlink: /home/ambroise/hunav_ws/install/hunav_gazebo_wrapper/share/hunav_gazebo_wrapper//models/aws_robomaker_residential_PortraitE_01/materials/textures/PortraitE_01.jpg\n'}
[1.180207] (hunav_gazebo_wrapper) StdoutLine: {'line': b'-- Up-to-date symlink: /home/ambroise/hunav_ws/install/hunav_gazebo_wrapper/share/hunav_gazebo_wrapper//models/aws_robomaker_residential_PortraitE_01/materials/textures/aws_PortraitE_01.png\n'}
[1.180312] (hunav_gazebo_wrapper) StdoutLine: {'line': b'-- Up-to-date symlink: /home/ambroise/hunav_ws/install/hunav_gazebo_wrapper/share/hunav_gazebo_wrapper//models/aws_robomaker_residential_PortraitE_01/materials/textures/aws_PortraitE_02.png\n'}
[1.180428] (hunav_gazebo_wrapper) StdoutLine: {'line': b'-- Up-to-date symlink: /home/ambroise/hunav_ws/install/hunav_gazebo_wrapper/share/hunav_gazebo_wrapper//models/aws_robomaker_residential_PortraitE_01/meshes/aws_PortraitE_01_collision.DAE\n'}
[1.180531] (hunav_gazebo_wrapper) StdoutLine: {'line': b'-- Up-to-date symlink: /home/ambroise/hunav_ws/install/hunav_gazebo_wrapper/share/hunav_gazebo_wrapper//models/aws_robomaker_residential_PortraitE_01/meshes/aws_PortraitE_01_visual.DAE\n'}
[1.180619] (hunav_gazebo_wrapper) StdoutLine: {'line': b'-- Up-to-date symlink: /home/ambroise/hunav_ws/install/hunav_gazebo_wrapper/share/hunav_gazebo_wrapper//models/aws_robomaker_residential_PortraitE_01/model.config\n'}
[1.180705] (hunav_gazebo_wrapper) StdoutLine: {'line': b'-- Up-to-date symlink: /home/ambroise/hunav_ws/install/hunav_gazebo_wrapper/share/hunav_gazebo_wrapper//models/aws_robomaker_residential_PortraitE_01/model.sdf\n'}
[1.180808] (hunav_gazebo_wrapper) StdoutLine: {'line': b'-- Up-to-date symlink: /home/ambroise/hunav_ws/install/hunav_gazebo_wrapper/share/hunav_gazebo_wrapper//models/aws_robomaker_residential_PortraitE_02/materials/textures/PortraitE_02.jpg\n'}
[1.180918] (hunav_gazebo_wrapper) StdoutLine: {'line': b'-- Up-to-date symlink: /home/ambroise/hunav_ws/install/hunav_gazebo_wrapper/share/hunav_gazebo_wrapper//models/aws_robomaker_residential_PortraitE_02/materials/textures/aws_PortraitE_01.png\n'}
[1.181026] (hunav_gazebo_wrapper) StdoutLine: {'line': b'-- Up-to-date symlink: /home/ambroise/hunav_ws/install/hunav_gazebo_wrapper/share/hunav_gazebo_wrapper//models/aws_robomaker_residential_PortraitE_02/materials/textures/aws_PortraitE_02.png\n'}
[1.181121] (hunav_gazebo_wrapper) StdoutLine: {'line': b'-- Up-to-date symlink: /home/ambroise/hunav_ws/install/hunav_gazebo_wrapper/share/hunav_gazebo_wrapper//models/aws_robomaker_residential_PortraitE_02/meshes/aws_PortraitE_01_collision.DAE\n'}
[1.181215] (hunav_gazebo_wrapper) StdoutLine: {'line': b'-- Up-to-date symlink: /home/ambroise/hunav_ws/install/hunav_gazebo_wrapper/share/hunav_gazebo_wrapper//models/aws_robomaker_residential_PortraitE_02/meshes/aws_PortraitE_01_visual.DAE\n'}
[1.181303] (hunav_gazebo_wrapper) StdoutLine: {'line': b'-- Up-to-date symlink: /home/ambroise/hunav_ws/install/hunav_gazebo_wrapper/share/hunav_gazebo_wrapper//models/aws_robomaker_residential_PortraitE_02/model.config\n'}
[1.181388] (hunav_gazebo_wrapper) StdoutLine: {'line': b'-- Up-to-date symlink: /home/ambroise/hunav_ws/install/hunav_gazebo_wrapper/share/hunav_gazebo_wrapper//models/aws_robomaker_residential_PortraitE_02/model.sdf\n'}
[1.181492] (hunav_gazebo_wrapper) StdoutLine: {'line': b'-- Up-to-date symlink: /home/ambroise/hunav_ws/install/hunav_gazebo_wrapper/share/hunav_gazebo_wrapper//models/aws_robomaker_residential_Quilt_01/materials/textures/aws_Quilt_01.png\n'}
[1.181585] (hunav_gazebo_wrapper) StdoutLine: {'line': b'-- Up-to-date symlink: /home/ambroise/hunav_ws/install/hunav_gazebo_wrapper/share/hunav_gazebo_wrapper//models/aws_robomaker_residential_Quilt_01/meshes/aws_Quilt_01_collision.DAE\n'}
[1.181676] (hunav_gazebo_wrapper) StdoutLine: {'line': b'-- Up-to-date symlink: /home/ambroise/hunav_ws/install/hunav_gazebo_wrapper/share/hunav_gazebo_wrapper//models/aws_robomaker_residential_Quilt_01/meshes/aws_Quilt_01_visual.DAE\n'}
[1.181760] (hunav_gazebo_wrapper) StdoutLine: {'line': b'-- Up-to-date symlink: /home/ambroise/hunav_ws/install/hunav_gazebo_wrapper/share/hunav_gazebo_wrapper//models/aws_robomaker_residential_Quilt_01/model.config\n'}
[1.181845] (hunav_gazebo_wrapper) StdoutLine: {'line': b'-- Up-to-date symlink: /home/ambroise/hunav_ws/install/hunav_gazebo_wrapper/share/hunav_gazebo_wrapper//models/aws_robomaker_residential_Quilt_01/model.sdf\n'}
[1.181940] (hunav_gazebo_wrapper) StdoutLine: {'line': b'-- Up-to-date symlink: /home/ambroise/hunav_ws/install/hunav_gazebo_wrapper/share/hunav_gazebo_wrapper//models/aws_robomaker_residential_Rangehood_01/materials/textures/aws_Rangehood_01.png\n'}
[1.182032] (hunav_gazebo_wrapper) StdoutLine: {'line': b'-- Up-to-date symlink: /home/ambroise/hunav_ws/install/hunav_gazebo_wrapper/share/hunav_gazebo_wrapper//models/aws_robomaker_residential_Rangehood_01/meshes/aws_Rangehood_01_collision.DAE\n'}
[1.182123] (hunav_gazebo_wrapper) StdoutLine: {'line': b'-- Up-to-date symlink: /home/ambroise/hunav_ws/install/hunav_gazebo_wrapper/share/hunav_gazebo_wrapper//models/aws_robomaker_residential_Rangehood_01/meshes/aws_Rangehood_01_visual.DAE\n'}
[1.182208] (hunav_gazebo_wrapper) StdoutLine: {'line': b'-- Up-to-date symlink: /home/ambroise/hunav_ws/install/hunav_gazebo_wrapper/share/hunav_gazebo_wrapper//models/aws_robomaker_residential_Rangehood_01/model.config\n'}
[1.182291] (hunav_gazebo_wrapper) StdoutLine: {'line': b'-- Up-to-date symlink: /home/ambroise/hunav_ws/install/hunav_gazebo_wrapper/share/hunav_gazebo_wrapper//models/aws_robomaker_residential_Rangehood_01/model.sdf\n'}
[1.182390] (hunav_gazebo_wrapper) StdoutLine: {'line': b'-- Up-to-date symlink: /home/ambroise/hunav_ws/install/hunav_gazebo_wrapper/share/hunav_gazebo_wrapper//models/aws_robomaker_residential_ReadingDesk_01/materials/textures/aws_ReadingDesk_01.png\n'}
[1.182491] (hunav_gazebo_wrapper) StdoutLine: {'line': b'-- Up-to-date symlink: /home/ambroise/hunav_ws/install/hunav_gazebo_wrapper/share/hunav_gazebo_wrapper//models/aws_robomaker_residential_ReadingDesk_01/meshes/aws_ReadingDesk_01_collision.DAE\n'}
[1.182580] (hunav_gazebo_wrapper) StdoutLine: {'line': b'-- Up-to-date symlink: /home/ambroise/hunav_ws/install/hunav_gazebo_wrapper/share/hunav_gazebo_wrapper//models/aws_robomaker_residential_ReadingDesk_01/meshes/aws_ReadingDesk_01_visual.DAE\n'}
[1.182673] (hunav_gazebo_wrapper) StdoutLine: {'line': b'-- Up-to-date symlink: /home/ambroise/hunav_ws/install/hunav_gazebo_wrapper/share/hunav_gazebo_wrapper//models/aws_robomaker_residential_ReadingDesk_01/model.config\n'}
[1.182756] (hunav_gazebo_wrapper) StdoutLine: {'line': b'-- Up-to-date symlink: /home/ambroise/hunav_ws/install/hunav_gazebo_wrapper/share/hunav_gazebo_wrapper//models/aws_robomaker_residential_ReadingDesk_01/model.sdf\n'}
[1.182856] (hunav_gazebo_wrapper) StdoutLine: {'line': b'-- Up-to-date symlink: /home/ambroise/hunav_ws/install/hunav_gazebo_wrapper/share/hunav_gazebo_wrapper//models/aws_robomaker_residential_Refrigerator_01/materials/textures/aws_Refrigerator_01.png\n'}
[1.182951] (hunav_gazebo_wrapper) StdoutLine: {'line': b'-- Up-to-date symlink: /home/ambroise/hunav_ws/install/hunav_gazebo_wrapper/share/hunav_gazebo_wrapper//models/aws_robomaker_residential_Refrigerator_01/materials/textures/aws_Refrigerator_02.png\n'}
[1.183042] (hunav_gazebo_wrapper) StdoutLine: {'line': b'-- Up-to-date symlink: /home/ambroise/hunav_ws/install/hunav_gazebo_wrapper/share/hunav_gazebo_wrapper//models/aws_robomaker_residential_Refrigerator_01/meshes/aws_Refrigerator_01.DAE\n'}
[1.183132] (hunav_gazebo_wrapper) StdoutLine: {'line': b'-- Up-to-date symlink: /home/ambroise/hunav_ws/install/hunav_gazebo_wrapper/share/hunav_gazebo_wrapper//models/aws_robomaker_residential_Refrigerator_01/meshes/aws_Refrigerator_01_collision.DAE\n'}
[1.183230] (hunav_gazebo_wrapper) StdoutLine: {'line': b'-- Up-to-date symlink: /home/ambroise/hunav_ws/install/hunav_gazebo_wrapper/share/hunav_gazebo_wrapper//models/aws_robomaker_residential_Refrigerator_01/meshes/aws_Refrigerator_01_visual.DAE\n'}
[1.183316] (hunav_gazebo_wrapper) StdoutLine: {'line': b'-- Up-to-date symlink: /home/ambroise/hunav_ws/install/hunav_gazebo_wrapper/share/hunav_gazebo_wrapper//models/aws_robomaker_residential_Refrigerator_01/model.config\n'}
[1.183403] (hunav_gazebo_wrapper) StdoutLine: {'line': b'-- Up-to-date symlink: /home/ambroise/hunav_ws/install/hunav_gazebo_wrapper/share/hunav_gazebo_wrapper//models/aws_robomaker_residential_Refrigerator_01/model.sdf\n'}
[1.183511] (hunav_gazebo_wrapper) StdoutLine: {'line': b'-- Up-to-date symlink: /home/ambroise/hunav_ws/install/hunav_gazebo_wrapper/share/hunav_gazebo_wrapper//models/aws_robomaker_residential_RoomCeiling_01/materials/textures/aws_RoomCeiling_01.png\n'}
[1.183605] (hunav_gazebo_wrapper) StdoutLine: {'line': b'-- Up-to-date symlink: /home/ambroise/hunav_ws/install/hunav_gazebo_wrapper/share/hunav_gazebo_wrapper//models/aws_robomaker_residential_RoomCeiling_01/meshes/aws_RoomCeiling_01_collision.DAE\n'}
[1.183696] (hunav_gazebo_wrapper) StdoutLine: {'line': b'-- Up-to-date symlink: /home/ambroise/hunav_ws/install/hunav_gazebo_wrapper/share/hunav_gazebo_wrapper//models/aws_robomaker_residential_RoomCeiling_01/meshes/aws_RoomCeiling_01_visual.DAE\n'}
[1.183782] (hunav_gazebo_wrapper) StdoutLine: {'line': b'-- Up-to-date symlink: /home/ambroise/hunav_ws/install/hunav_gazebo_wrapper/share/hunav_gazebo_wrapper//models/aws_robomaker_residential_RoomCeiling_01/model.config\n'}
[1.183866] (hunav_gazebo_wrapper) StdoutLine: {'line': b'-- Up-to-date symlink: /home/ambroise/hunav_ws/install/hunav_gazebo_wrapper/share/hunav_gazebo_wrapper//models/aws_robomaker_residential_RoomCeiling_01/model.sdf\n'}
[1.183962] (hunav_gazebo_wrapper) StdoutLine: {'line': b'-- Up-to-date symlink: /home/ambroise/hunav_ws/install/hunav_gazebo_wrapper/share/hunav_gazebo_wrapper//models/aws_robomaker_residential_RoomWall_01/materials/textures/aws_RoomWall_01.png\n'}
[1.184052] (hunav_gazebo_wrapper) StdoutLine: {'line': b'-- Up-to-date symlink: /home/ambroise/hunav_ws/install/hunav_gazebo_wrapper/share/hunav_gazebo_wrapper//models/aws_robomaker_residential_RoomWall_01/meshes/aws_RoomWall_01_collision.DAE\n'}
[1.184142] (hunav_gazebo_wrapper) StdoutLine: {'line': b'-- Up-to-date symlink: /home/ambroise/hunav_ws/install/hunav_gazebo_wrapper/share/hunav_gazebo_wrapper//models/aws_robomaker_residential_RoomWall_01/meshes/aws_RoomWall_01_visual.DAE\n'}
[1.184227] (hunav_gazebo_wrapper) StdoutLine: {'line': b'-- Up-to-date symlink: /home/ambroise/hunav_ws/install/hunav_gazebo_wrapper/share/hunav_gazebo_wrapper//models/aws_robomaker_residential_RoomWall_01/model.config\n'}
[1.184313] (hunav_gazebo_wrapper) StdoutLine: {'line': b'-- Up-to-date symlink: /home/ambroise/hunav_ws/install/hunav_gazebo_wrapper/share/hunav_gazebo_wrapper//models/aws_robomaker_residential_RoomWall_01/model.sdf\n'}
[1.184436] (hunav_gazebo_wrapper) StdoutLine: {'line': b'-- Up-to-date symlink: /home/ambroise/hunav_ws/install/hunav_gazebo_wrapper/share/hunav_gazebo_wrapper//models/aws_robomaker_residential_RoomWindow_01/materials/textures/aws_RoomWindow_01.png\n'}
[1.184530] (hunav_gazebo_wrapper) StdoutLine: {'line': b'-- Up-to-date symlink: /home/ambroise/hunav_ws/install/hunav_gazebo_wrapper/share/hunav_gazebo_wrapper//models/aws_robomaker_residential_RoomWindow_01/meshes/aws_RoomWindow_01_collision.DAE\n'}
[1.184621] (hunav_gazebo_wrapper) StdoutLine: {'line': b'-- Up-to-date symlink: /home/ambroise/hunav_ws/install/hunav_gazebo_wrapper/share/hunav_gazebo_wrapper//models/aws_robomaker_residential_RoomWindow_01/meshes/aws_RoomWindow_01_visual.DAE\n'}
[1.184705] (hunav_gazebo_wrapper) StdoutLine: {'line': b'-- Up-to-date symlink: /home/ambroise/hunav_ws/install/hunav_gazebo_wrapper/share/hunav_gazebo_wrapper//models/aws_robomaker_residential_RoomWindow_01/model.config\n'}
[1.184788] (hunav_gazebo_wrapper) StdoutLine: {'line': b'-- Up-to-date symlink: /home/ambroise/hunav_ws/install/hunav_gazebo_wrapper/share/hunav_gazebo_wrapper//models/aws_robomaker_residential_RoomWindow_01/model.sdf\n'}
[1.184885] (hunav_gazebo_wrapper) StdoutLine: {'line': b'-- Up-to-date symlink: /home/ambroise/hunav_ws/install/hunav_gazebo_wrapper/share/hunav_gazebo_wrapper//models/aws_robomaker_residential_SeasoningBox_01/materials/textures/aws_SeasoningBox_01.png\n'}
[1.184976] (hunav_gazebo_wrapper) StdoutLine: {'line': b'-- Up-to-date symlink: /home/ambroise/hunav_ws/install/hunav_gazebo_wrapper/share/hunav_gazebo_wrapper//models/aws_robomaker_residential_SeasoningBox_01/meshes/aws_SeasoningBox_01_collision.DAE\n'}
[1.185072] (hunav_gazebo_wrapper) StdoutLine: {'line': b'-- Up-to-date symlink: /home/ambroise/hunav_ws/install/hunav_gazebo_wrapper/share/hunav_gazebo_wrapper//models/aws_robomaker_residential_SeasoningBox_01/meshes/aws_SeasoningBox_01_visual.DAE\n'}
[1.185157] (hunav_gazebo_wrapper) StdoutLine: {'line': b'-- Up-to-date symlink: /home/ambroise/hunav_ws/install/hunav_gazebo_wrapper/share/hunav_gazebo_wrapper//models/aws_robomaker_residential_SeasoningBox_01/model.config\n'}
[1.185243] (hunav_gazebo_wrapper) StdoutLine: {'line': b'-- Up-to-date symlink: /home/ambroise/hunav_ws/install/hunav_gazebo_wrapper/share/hunav_gazebo_wrapper//models/aws_robomaker_residential_SeasoningBox_01/model.sdf\n'}
[1.185340] (hunav_gazebo_wrapper) StdoutLine: {'line': b'-- Up-to-date symlink: /home/ambroise/hunav_ws/install/hunav_gazebo_wrapper/share/hunav_gazebo_wrapper//models/aws_robomaker_residential_SecurityCamera_01/materials/textures/aws_SecurityCamera_01.png\n'}
[1.185445] (hunav_gazebo_wrapper) StdoutLine: {'line': b'-- Up-to-date symlink: /home/ambroise/hunav_ws/install/hunav_gazebo_wrapper/share/hunav_gazebo_wrapper//models/aws_robomaker_residential_SecurityCamera_01/meshes/aws_SecurityCamera_01_collision.DAE\n'}
[1.185540] (hunav_gazebo_wrapper) StdoutLine: {'line': b'-- Up-to-date symlink: /home/ambroise/hunav_ws/install/hunav_gazebo_wrapper/share/hunav_gazebo_wrapper//models/aws_robomaker_residential_SecurityCamera_01/meshes/aws_SecurityCamera_01_visual.DAE\n'}
[1.185626] (hunav_gazebo_wrapper) StdoutLine: {'line': b'-- Up-to-date symlink: /home/ambroise/hunav_ws/install/hunav_gazebo_wrapper/share/hunav_gazebo_wrapper//models/aws_robomaker_residential_SecurityCamera_01/model.config\n'}
[1.185709] (hunav_gazebo_wrapper) StdoutLine: {'line': b'-- Up-to-date symlink: /home/ambroise/hunav_ws/install/hunav_gazebo_wrapper/share/hunav_gazebo_wrapper//models/aws_robomaker_residential_SecurityCamera_01/model.sdf\n'}
[1.185805] (hunav_gazebo_wrapper) StdoutLine: {'line': b'-- Up-to-date symlink: /home/ambroise/hunav_ws/install/hunav_gazebo_wrapper/share/hunav_gazebo_wrapper//models/aws_robomaker_residential_ShoeRack_01/materials/textures/aws_ShoeRack_01.png\n'}
[1.185895] (hunav_gazebo_wrapper) StdoutLine: {'line': b'-- Up-to-date symlink: /home/ambroise/hunav_ws/install/hunav_gazebo_wrapper/share/hunav_gazebo_wrapper//models/aws_robomaker_residential_ShoeRack_01/meshes/aws_ShoeRack_01_collision.DAE\n'}
[1.185986] (hunav_gazebo_wrapper) StdoutLine: {'line': b'-- Up-to-date symlink: /home/ambroise/hunav_ws/install/hunav_gazebo_wrapper/share/hunav_gazebo_wrapper//models/aws_robomaker_residential_ShoeRack_01/meshes/aws_ShoeRack_01_visual.DAE\n'}
[1.186068] (hunav_gazebo_wrapper) StdoutLine: {'line': b'-- Up-to-date symlink: /home/ambroise/hunav_ws/install/hunav_gazebo_wrapper/share/hunav_gazebo_wrapper//models/aws_robomaker_residential_ShoeRack_01/model.config\n'}
[1.186160] (hunav_gazebo_wrapper) StdoutLine: {'line': b'-- Up-to-date symlink: /home/ambroise/hunav_ws/install/hunav_gazebo_wrapper/share/hunav_gazebo_wrapper//models/aws_robomaker_residential_ShoeRack_01/model.sdf\n'}
[1.186259] (hunav_gazebo_wrapper) StdoutLine: {'line': b'-- Up-to-date symlink: /home/ambroise/hunav_ws/install/hunav_gazebo_wrapper/share/hunav_gazebo_wrapper//models/aws_robomaker_residential_SofaB_01/materials/textures/aws_SofaB_01.png\n'}
[1.186349] (hunav_gazebo_wrapper) StdoutLine: {'line': b'-- Up-to-date symlink: /home/ambroise/hunav_ws/install/hunav_gazebo_wrapper/share/hunav_gazebo_wrapper//models/aws_robomaker_residential_SofaB_01/meshes/aws_SofaB_01_collision.DAE\n'}
[1.186446] (hunav_gazebo_wrapper) StdoutLine: {'line': b'-- Up-to-date symlink: /home/ambroise/hunav_ws/install/hunav_gazebo_wrapper/share/hunav_gazebo_wrapper//models/aws_robomaker_residential_SofaB_01/meshes/aws_SofaB_01_visual.DAE\n'}
[1.186532] (hunav_gazebo_wrapper) StdoutLine: {'line': b'-- Up-to-date symlink: /home/ambroise/hunav_ws/install/hunav_gazebo_wrapper/share/hunav_gazebo_wrapper//models/aws_robomaker_residential_SofaB_01/model.config\n'}
[1.186623] (hunav_gazebo_wrapper) StdoutLine: {'line': b'-- Up-to-date symlink: /home/ambroise/hunav_ws/install/hunav_gazebo_wrapper/share/hunav_gazebo_wrapper//models/aws_robomaker_residential_SofaB_01/model.sdf\n'}
[1.186716] (hunav_gazebo_wrapper) StdoutLine: {'line': b'-- Up-to-date symlink: /home/ambroise/hunav_ws/install/hunav_gazebo_wrapper/share/hunav_gazebo_wrapper//models/aws_robomaker_residential_SofaC_01/materials/textures/aws_SofaC_01.png\n'}
[1.186812] (hunav_gazebo_wrapper) StdoutLine: {'line': b'-- Up-to-date symlink: /home/ambroise/hunav_ws/install/hunav_gazebo_wrapper/share/hunav_gazebo_wrapper//models/aws_robomaker_residential_SofaC_01/meshes/aws_SofaC_01_collision.DAE\n'}
[1.186903] (hunav_gazebo_wrapper) StdoutLine: {'line': b'-- Up-to-date symlink: /home/ambroise/hunav_ws/install/hunav_gazebo_wrapper/share/hunav_gazebo_wrapper//models/aws_robomaker_residential_SofaC_01/meshes/aws_SofaC_01_visual.DAE\n'}
[1.186988] (hunav_gazebo_wrapper) StdoutLine: {'line': b'-- Up-to-date symlink: /home/ambroise/hunav_ws/install/hunav_gazebo_wrapper/share/hunav_gazebo_wrapper//models/aws_robomaker_residential_SofaC_01/model.config\n'}
[1.187072] (hunav_gazebo_wrapper) StdoutLine: {'line': b'-- Up-to-date symlink: /home/ambroise/hunav_ws/install/hunav_gazebo_wrapper/share/hunav_gazebo_wrapper//models/aws_robomaker_residential_SofaC_01/model.sdf\n'}
[1.187168] (hunav_gazebo_wrapper) StdoutLine: {'line': b'-- Up-to-date symlink: /home/ambroise/hunav_ws/install/hunav_gazebo_wrapper/share/hunav_gazebo_wrapper//models/aws_robomaker_residential_Sofa_01/materials/textures/aws_Sofa_01.png\n'}
[1.187261] (hunav_gazebo_wrapper) StdoutLine: {'line': b'-- Up-to-date symlink: /home/ambroise/hunav_ws/install/hunav_gazebo_wrapper/share/hunav_gazebo_wrapper//models/aws_robomaker_residential_Sofa_01/meshes/aws_Sofa_01.DAE\n'}
[1.187350] (hunav_gazebo_wrapper) StdoutLine: {'line': b'-- Up-to-date symlink: /home/ambroise/hunav_ws/install/hunav_gazebo_wrapper/share/hunav_gazebo_wrapper//models/aws_robomaker_residential_Sofa_01/meshes/aws_Sofa_01_collision.DAE\n'}
[1.187450] (hunav_gazebo_wrapper) StdoutLine: {'line': b'-- Up-to-date symlink: /home/ambroise/hunav_ws/install/hunav_gazebo_wrapper/share/hunav_gazebo_wrapper//models/aws_robomaker_residential_Sofa_01/meshes/aws_Sofa_01_visual.DAE\n'}
[1.187542] (hunav_gazebo_wrapper) StdoutLine: {'line': b'-- Up-to-date symlink: /home/ambroise/hunav_ws/install/hunav_gazebo_wrapper/share/hunav_gazebo_wrapper//models/aws_robomaker_residential_Sofa_01/model.config\n'}
[1.187627] (hunav_gazebo_wrapper) StdoutLine: {'line': b'-- Up-to-date symlink: /home/ambroise/hunav_ws/install/hunav_gazebo_wrapper/share/hunav_gazebo_wrapper//models/aws_robomaker_residential_Sofa_01/model.sdf\n'}
[1.187730] (hunav_gazebo_wrapper) StdoutLine: {'line': b'-- Up-to-date symlink: /home/ambroise/hunav_ws/install/hunav_gazebo_wrapper/share/hunav_gazebo_wrapper//models/aws_robomaker_residential_TVCabinet_01/materials/textures/aws_TVCabinet_01.png\n'}
[1.187821] (hunav_gazebo_wrapper) StdoutLine: {'line': b'-- Up-to-date symlink: /home/ambroise/hunav_ws/install/hunav_gazebo_wrapper/share/hunav_gazebo_wrapper//models/aws_robomaker_residential_TVCabinet_01/meshes/aws_TVCabinet_01_collision.DAE\n'}
[1.187915] (hunav_gazebo_wrapper) StdoutLine: {'line': b'-- Up-to-date symlink: /home/ambroise/hunav_ws/install/hunav_gazebo_wrapper/share/hunav_gazebo_wrapper//models/aws_robomaker_residential_TVCabinet_01/meshes/aws_TVCabinet_01_visual.DAE\n'}
[1.188001] (hunav_gazebo_wrapper) StdoutLine: {'line': b'-- Up-to-date symlink: /home/ambroise/hunav_ws/install/hunav_gazebo_wrapper/share/hunav_gazebo_wrapper//models/aws_robomaker_residential_TVCabinet_01/model.config\n'}
[1.188084] (hunav_gazebo_wrapper) StdoutLine: {'line': b'-- Up-to-date symlink: /home/ambroise/hunav_ws/install/hunav_gazebo_wrapper/share/hunav_gazebo_wrapper//models/aws_robomaker_residential_TVCabinet_01/model.sdf\n'}
[1.188181] (hunav_gazebo_wrapper) StdoutLine: {'line': b'-- Up-to-date symlink: /home/ambroise/hunav_ws/install/hunav_gazebo_wrapper/share/hunav_gazebo_wrapper//models/aws_robomaker_residential_TV_01/materials/textures/aws_TV_01.png\n'}
[1.188274] (hunav_gazebo_wrapper) StdoutLine: {'line': b'-- Up-to-date symlink: /home/ambroise/hunav_ws/install/hunav_gazebo_wrapper/share/hunav_gazebo_wrapper//models/aws_robomaker_residential_TV_01/meshes/aws_TV_01_collision.DAE\n'}
[1.188362] (hunav_gazebo_wrapper) StdoutLine: {'line': b'-- Up-to-date symlink: /home/ambroise/hunav_ws/install/hunav_gazebo_wrapper/share/hunav_gazebo_wrapper//models/aws_robomaker_residential_TV_01/meshes/aws_TV_01_visual.DAE\n'}
[1.188463] (hunav_gazebo_wrapper) StdoutLine: {'line': b'-- Up-to-date symlink: /home/ambroise/hunav_ws/install/hunav_gazebo_wrapper/share/hunav_gazebo_wrapper//models/aws_robomaker_residential_TV_01/model.config\n'}
[1.188544] (hunav_gazebo_wrapper) StdoutLine: {'line': b'-- Up-to-date symlink: /home/ambroise/hunav_ws/install/hunav_gazebo_wrapper/share/hunav_gazebo_wrapper//models/aws_robomaker_residential_TV_01/model.sdf\n'}
[1.188643] (hunav_gazebo_wrapper) StdoutLine: {'line': b'-- Up-to-date symlink: /home/ambroise/hunav_ws/install/hunav_gazebo_wrapper/share/hunav_gazebo_wrapper//models/aws_robomaker_residential_TV_02/materials/textures/aws_TV_01.png\n'}
[1.188733] (hunav_gazebo_wrapper) StdoutLine: {'line': b'-- Up-to-date symlink: /home/ambroise/hunav_ws/install/hunav_gazebo_wrapper/share/hunav_gazebo_wrapper//models/aws_robomaker_residential_TV_02/meshes/aws_TV_01_collision.DAE\n'}
[1.188826] (hunav_gazebo_wrapper) StdoutLine: {'line': b'-- Up-to-date symlink: /home/ambroise/hunav_ws/install/hunav_gazebo_wrapper/share/hunav_gazebo_wrapper//models/aws_robomaker_residential_TV_02/meshes/aws_TV_01_visual.DAE\n'}
[1.188915] (hunav_gazebo_wrapper) StdoutLine: {'line': b'-- Up-to-date symlink: /home/ambroise/hunav_ws/install/hunav_gazebo_wrapper/share/hunav_gazebo_wrapper//models/aws_robomaker_residential_TV_02/model.config\n'}
[1.189001] (hunav_gazebo_wrapper) StdoutLine: {'line': b'-- Up-to-date symlink: /home/ambroise/hunav_ws/install/hunav_gazebo_wrapper/share/hunav_gazebo_wrapper//models/aws_robomaker_residential_TV_02/model.sdf\n'}
[1.189086] (hunav_gazebo_wrapper) StdoutLine: {'line': b'-- Up-to-date symlink: /home/ambroise/hunav_ws/install/hunav_gazebo_wrapper/share/hunav_gazebo_wrapper//models/aws_robomaker_residential_Tablet_01/.DS_Store\n'}
[1.189186] (hunav_gazebo_wrapper) StdoutLine: {'line': b'-- Up-to-date symlink: /home/ambroise/hunav_ws/install/hunav_gazebo_wrapper/share/hunav_gazebo_wrapper//models/aws_robomaker_residential_Tablet_01/materials/.DS_Store\n'}
[1.189278] (hunav_gazebo_wrapper) StdoutLine: {'line': b'-- Up-to-date symlink: /home/ambroise/hunav_ws/install/hunav_gazebo_wrapper/share/hunav_gazebo_wrapper//models/aws_robomaker_residential_Tablet_01/materials/textures/aws_Tablet_01_nologo.png\n'}
[1.189392] (hunav_gazebo_wrapper) StdoutLine: {'line': b'-- Up-to-date symlink: /home/ambroise/hunav_ws/install/hunav_gazebo_wrapper/share/hunav_gazebo_wrapper//models/aws_robomaker_residential_Tablet_01/meshes/aws_Tablet_01_collision.DAE\n'}
[1.189489] (hunav_gazebo_wrapper) StdoutLine: {'line': b'-- Up-to-date symlink: /home/ambroise/hunav_ws/install/hunav_gazebo_wrapper/share/hunav_gazebo_wrapper//models/aws_robomaker_residential_Tablet_01/meshes/aws_Tablet_01_visual.DAE\n'}
[1.189575] (hunav_gazebo_wrapper) StdoutLine: {'line': b'-- Up-to-date symlink: /home/ambroise/hunav_ws/install/hunav_gazebo_wrapper/share/hunav_gazebo_wrapper//models/aws_robomaker_residential_Tablet_01/model.config\n'}
[1.189659] (hunav_gazebo_wrapper) StdoutLine: {'line': b'-- Up-to-date symlink: /home/ambroise/hunav_ws/install/hunav_gazebo_wrapper/share/hunav_gazebo_wrapper//models/aws_robomaker_residential_Tablet_01/model.sdf\n'}
[1.189766] (hunav_gazebo_wrapper) StdoutLine: {'line': b'-- Up-to-date symlink: /home/ambroise/hunav_ws/install/hunav_gazebo_wrapper/share/hunav_gazebo_wrapper//models/aws_robomaker_residential_Tableware_01/materials/textures/aws_Tableware_01.png\n'}
[1.189861] (hunav_gazebo_wrapper) StdoutLine: {'line': b'-- Up-to-date symlink: /home/ambroise/hunav_ws/install/hunav_gazebo_wrapper/share/hunav_gazebo_wrapper//models/aws_robomaker_residential_Tableware_01/meshes/aws_Tableware_01_collision.DAE\n'}
[1.189958] (hunav_gazebo_wrapper) StdoutLine: {'line': b'-- Up-to-date symlink: /home/ambroise/hunav_ws/install/hunav_gazebo_wrapper/share/hunav_gazebo_wrapper//models/aws_robomaker_residential_Tableware_01/meshes/aws_Tableware_01_visual.DAE\n'}
[1.190057] (hunav_gazebo_wrapper) StdoutLine: {'line': b'-- Up-to-date symlink: /home/ambroise/hunav_ws/install/hunav_gazebo_wrapper/share/hunav_gazebo_wrapper//models/aws_robomaker_residential_Tableware_01/model.config\n'}
[1.190158] (hunav_gazebo_wrapper) StdoutLine: {'line': b'-- Up-to-date symlink: /home/ambroise/hunav_ws/install/hunav_gazebo_wrapper/share/hunav_gazebo_wrapper//models/aws_robomaker_residential_Tableware_01/model.sdf\n'}
[1.190254] (hunav_gazebo_wrapper) StdoutLine: {'line': b'-- Up-to-date symlink: /home/ambroise/hunav_ws/install/hunav_gazebo_wrapper/share/hunav_gazebo_wrapper//models/aws_robomaker_residential_Trash_01/materials/textures/aws_Trash_01.png\n'}
[1.190342] (hunav_gazebo_wrapper) StdoutLine: {'line': b'-- Up-to-date symlink: /home/ambroise/hunav_ws/install/hunav_gazebo_wrapper/share/hunav_gazebo_wrapper//models/aws_robomaker_residential_Trash_01/meshes/aws_Trash_01_collision.DAE\n'}
[1.190441] (hunav_gazebo_wrapper) StdoutLine: {'line': b'-- Up-to-date symlink: /home/ambroise/hunav_ws/install/hunav_gazebo_wrapper/share/hunav_gazebo_wrapper//models/aws_robomaker_residential_Trash_01/meshes/aws_Trash_01_visual.DAE\n'}
[1.190529] (hunav_gazebo_wrapper) StdoutLine: {'line': b'-- Up-to-date symlink: /home/ambroise/hunav_ws/install/hunav_gazebo_wrapper/share/hunav_gazebo_wrapper//models/aws_robomaker_residential_Trash_01/model.config\n'}
[1.190614] (hunav_gazebo_wrapper) StdoutLine: {'line': b'-- Up-to-date symlink: /home/ambroise/hunav_ws/install/hunav_gazebo_wrapper/share/hunav_gazebo_wrapper//models/aws_robomaker_residential_Trash_01/model.sdf\n'}
[1.190710] (hunav_gazebo_wrapper) StdoutLine: {'line': b'-- Up-to-date symlink: /home/ambroise/hunav_ws/install/hunav_gazebo_wrapper/share/hunav_gazebo_wrapper//models/aws_robomaker_residential_Vase_01/materials/textures/aws_Vase_01.png\n'}
[1.190800] (hunav_gazebo_wrapper) StdoutLine: {'line': b'-- Up-to-date symlink: /home/ambroise/hunav_ws/install/hunav_gazebo_wrapper/share/hunav_gazebo_wrapper//models/aws_robomaker_residential_Vase_01/meshes/aws_Vase_01_collision.DAE\n'}
[1.190888] (hunav_gazebo_wrapper) StdoutLine: {'line': b'-- Up-to-date symlink: /home/ambroise/hunav_ws/install/hunav_gazebo_wrapper/share/hunav_gazebo_wrapper//models/aws_robomaker_residential_Vase_01/meshes/aws_Vase_01_visual.DAE\n'}
[1.190976] (hunav_gazebo_wrapper) StdoutLine: {'line': b'-- Up-to-date symlink: /home/ambroise/hunav_ws/install/hunav_gazebo_wrapper/share/hunav_gazebo_wrapper//models/aws_robomaker_residential_Vase_01/model.config\n'}
[1.191071] (hunav_gazebo_wrapper) StdoutLine: {'line': b'-- Up-to-date symlink: /home/ambroise/hunav_ws/install/hunav_gazebo_wrapper/share/hunav_gazebo_wrapper//models/aws_robomaker_residential_Vase_01/model.sdf\n'}
[1.191166] (hunav_gazebo_wrapper) StdoutLine: {'line': b'-- Up-to-date symlink: /home/ambroise/hunav_ws/install/hunav_gazebo_wrapper/share/hunav_gazebo_wrapper//models/aws_robomaker_residential_Wardrobe_01/materials/textures/aws_Wardrobe_01.png\n'}
[1.191257] (hunav_gazebo_wrapper) StdoutLine: {'line': b'-- Up-to-date symlink: /home/ambroise/hunav_ws/install/hunav_gazebo_wrapper/share/hunav_gazebo_wrapper//models/aws_robomaker_residential_Wardrobe_01/meshes/aws_Wardrobe_01_collision.DAE\n'}
[1.191347] (hunav_gazebo_wrapper) StdoutLine: {'line': b'-- Up-to-date symlink: /home/ambroise/hunav_ws/install/hunav_gazebo_wrapper/share/hunav_gazebo_wrapper//models/aws_robomaker_residential_Wardrobe_01/meshes/aws_Wardrobe_01_visual.DAE\n'}
[1.191453] (hunav_gazebo_wrapper) StdoutLine: {'line': b'-- Up-to-date symlink: /home/ambroise/hunav_ws/install/hunav_gazebo_wrapper/share/hunav_gazebo_wrapper//models/aws_robomaker_residential_Wardrobe_01/model.config\n'}
[1.191531] (hunav_gazebo_wrapper) StdoutLine: {'line': b'-- Up-to-date symlink: /home/ambroise/hunav_ws/install/hunav_gazebo_wrapper/share/hunav_gazebo_wrapper//models/aws_robomaker_residential_Wardrobe_01/model.sdf\n'}
[1.191614] (hunav_gazebo_wrapper) StdoutLine: {'line': b'-- Up-to-date symlink: /home/ambroise/hunav_ws/install/hunav_gazebo_wrapper/share/hunav_gazebo_wrapper//models/aws_robomaker_warehouse_Bucket_01/.DS_Store\n'}
[1.191704] (hunav_gazebo_wrapper) StdoutLine: {'line': b'-- Up-to-date symlink: /home/ambroise/hunav_ws/install/hunav_gazebo_wrapper/share/hunav_gazebo_wrapper//models/aws_robomaker_warehouse_Bucket_01/materials/.DS_Store\n'}
[1.191801] (hunav_gazebo_wrapper) StdoutLine: {'line': b'-- Up-to-date symlink: /home/ambroise/hunav_ws/install/hunav_gazebo_wrapper/share/hunav_gazebo_wrapper//models/aws_robomaker_warehouse_Bucket_01/materials/textures/aws_robomaker_warehouse_Bucket_01.png\n'}
[1.191891] (hunav_gazebo_wrapper) StdoutLine: {'line': b'-- Up-to-date symlink: /home/ambroise/hunav_ws/install/hunav_gazebo_wrapper/share/hunav_gazebo_wrapper//models/aws_robomaker_warehouse_Bucket_01/meshes/aws_robomaker_warehouse_Bucket_01_collision.DAE\n'}
[1.191982] (hunav_gazebo_wrapper) StdoutLine: {'line': b'-- Up-to-date symlink: /home/ambroise/hunav_ws/install/hunav_gazebo_wrapper/share/hunav_gazebo_wrapper//models/aws_robomaker_warehouse_Bucket_01/meshes/aws_robomaker_warehouse_Bucket_01_visual.DAE\n'}
[1.192070] (hunav_gazebo_wrapper) StdoutLine: {'line': b'-- Up-to-date symlink: /home/ambroise/hunav_ws/install/hunav_gazebo_wrapper/share/hunav_gazebo_wrapper//models/aws_robomaker_warehouse_Bucket_01/model.config\n'}
[1.192155] (hunav_gazebo_wrapper) StdoutLine: {'line': b'-- Up-to-date symlink: /home/ambroise/hunav_ws/install/hunav_gazebo_wrapper/share/hunav_gazebo_wrapper//models/aws_robomaker_warehouse_Bucket_01/model.sdf\n'}
[1.192240] (hunav_gazebo_wrapper) StdoutLine: {'line': b'-- Up-to-date symlink: /home/ambroise/hunav_ws/install/hunav_gazebo_wrapper/share/hunav_gazebo_wrapper//models/aws_robomaker_warehouse_ClutteringA_01/.DS_Store\n'}
[1.192330] (hunav_gazebo_wrapper) StdoutLine: {'line': b'-- Up-to-date symlink: /home/ambroise/hunav_ws/install/hunav_gazebo_wrapper/share/hunav_gazebo_wrapper//models/aws_robomaker_warehouse_ClutteringA_01/materials/.DS_Store\n'}
[1.192436] (hunav_gazebo_wrapper) StdoutLine: {'line': b'-- Up-to-date symlink: /home/ambroise/hunav_ws/install/hunav_gazebo_wrapper/share/hunav_gazebo_wrapper//models/aws_robomaker_warehouse_ClutteringA_01/materials/textures/.DS_Store\n'}
[1.192535] (hunav_gazebo_wrapper) StdoutLine: {'line': b'-- Up-to-date symlink: /home/ambroise/hunav_ws/install/hunav_gazebo_wrapper/share/hunav_gazebo_wrapper//models/aws_robomaker_warehouse_ClutteringA_01/materials/textures/aws_robomaker_warehouse_ClutteringA_01.png\n'}
[1.192635] (hunav_gazebo_wrapper) StdoutLine: {'line': b'-- Up-to-date symlink: /home/ambroise/hunav_ws/install/hunav_gazebo_wrapper/share/hunav_gazebo_wrapper//models/aws_robomaker_warehouse_ClutteringA_01/materials/textures/aws_robomaker_warehouse_ClutteringA_02.png\n'}
[1.192731] (hunav_gazebo_wrapper) StdoutLine: {'line': b'-- Up-to-date symlink: /home/ambroise/hunav_ws/install/hunav_gazebo_wrapper/share/hunav_gazebo_wrapper//models/aws_robomaker_warehouse_ClutteringA_01/materials/textures/aws_robomaker_warehouse_ClutteringA_03.png\n'}
[1.192822] (hunav_gazebo_wrapper) StdoutLine: {'line': b'-- Up-to-date symlink: /home/ambroise/hunav_ws/install/hunav_gazebo_wrapper/share/hunav_gazebo_wrapper//models/aws_robomaker_warehouse_ClutteringA_01/meshes/aws_robomaker_warehouse_ClutteringA_01_collision.DAE\n'}
[1.192911] (hunav_gazebo_wrapper) StdoutLine: {'line': b'-- Up-to-date symlink: /home/ambroise/hunav_ws/install/hunav_gazebo_wrapper/share/hunav_gazebo_wrapper//models/aws_robomaker_warehouse_ClutteringA_01/meshes/aws_robomaker_warehouse_ClutteringA_01_visual.DAE\n'}
[1.192995] (hunav_gazebo_wrapper) StdoutLine: {'line': b'-- Up-to-date symlink: /home/ambroise/hunav_ws/install/hunav_gazebo_wrapper/share/hunav_gazebo_wrapper//models/aws_robomaker_warehouse_ClutteringA_01/model.config\n'}
[1.193082] (hunav_gazebo_wrapper) StdoutLine: {'line': b'-- Up-to-date symlink: /home/ambroise/hunav_ws/install/hunav_gazebo_wrapper/share/hunav_gazebo_wrapper//models/aws_robomaker_warehouse_ClutteringA_01/model.sdf\n'}
[1.193186] (hunav_gazebo_wrapper) StdoutLine: {'line': b'-- Up-to-date symlink: /home/ambroise/hunav_ws/install/hunav_gazebo_wrapper/share/hunav_gazebo_wrapper//models/aws_robomaker_warehouse_ClutteringC_01/materials/textures/aws_robomaker_warehouse_ClutteringC_01.png\n'}
[1.193289] (hunav_gazebo_wrapper) StdoutLine: {'line': b'-- Up-to-date symlink: /home/ambroise/hunav_ws/install/hunav_gazebo_wrapper/share/hunav_gazebo_wrapper//models/aws_robomaker_warehouse_ClutteringC_01/materials/textures/aws_robomaker_warehouse_ClutteringC_02.png\n'}
[1.193372] (hunav_gazebo_wrapper) StdoutLine: {'line': b'-- Up-to-date symlink: /home/ambroise/hunav_ws/install/hunav_gazebo_wrapper/share/hunav_gazebo_wrapper//models/aws_robomaker_warehouse_ClutteringC_01/meshes/aws_robomaker_warehouse_ClutteringC_01_collision.DAE\n'}
[1.193471] (hunav_gazebo_wrapper) StdoutLine: {'line': b'-- Up-to-date symlink: /home/ambroise/hunav_ws/install/hunav_gazebo_wrapper/share/hunav_gazebo_wrapper//models/aws_robomaker_warehouse_ClutteringC_01/meshes/aws_robomaker_warehouse_ClutteringC_01_visual.DAE\n'}
[1.193559] (hunav_gazebo_wrapper) StdoutLine: {'line': b'-- Up-to-date symlink: /home/ambroise/hunav_ws/install/hunav_gazebo_wrapper/share/hunav_gazebo_wrapper//models/aws_robomaker_warehouse_ClutteringC_01/model.config\n'}
[1.193647] (hunav_gazebo_wrapper) StdoutLine: {'line': b'-- Up-to-date symlink: /home/ambroise/hunav_ws/install/hunav_gazebo_wrapper/share/hunav_gazebo_wrapper//models/aws_robomaker_warehouse_ClutteringC_01/model.sdf\n'}
[1.193745] (hunav_gazebo_wrapper) StdoutLine: {'line': b'-- Up-to-date symlink: /home/ambroise/hunav_ws/install/hunav_gazebo_wrapper/share/hunav_gazebo_wrapper//models/aws_robomaker_warehouse_ClutteringD_01/materials/textures/aws_robomaker_warehouse_ClutteringD_01.png\n'}
[1.193840] (hunav_gazebo_wrapper) StdoutLine: {'line': b'-- Up-to-date symlink: /home/ambroise/hunav_ws/install/hunav_gazebo_wrapper/share/hunav_gazebo_wrapper//models/aws_robomaker_warehouse_ClutteringD_01/materials/textures/aws_robomaker_warehouse_ClutteringD_02.png\n'}
[1.193925] (hunav_gazebo_wrapper) StdoutLine: {'line': b'-- Up-to-date symlink: /home/ambroise/hunav_ws/install/hunav_gazebo_wrapper/share/hunav_gazebo_wrapper//models/aws_robomaker_warehouse_ClutteringD_01/meshes/aws_robomaker_warehouse_ClutteringD_01_collision.DAE\n'}
[1.194012] (hunav_gazebo_wrapper) StdoutLine: {'line': b'-- Up-to-date symlink: /home/ambroise/hunav_ws/install/hunav_gazebo_wrapper/share/hunav_gazebo_wrapper//models/aws_robomaker_warehouse_ClutteringD_01/meshes/aws_robomaker_warehouse_ClutteringD_01_visual.DAE\n'}
[1.194097] (hunav_gazebo_wrapper) StdoutLine: {'line': b'-- Up-to-date symlink: /home/ambroise/hunav_ws/install/hunav_gazebo_wrapper/share/hunav_gazebo_wrapper//models/aws_robomaker_warehouse_ClutteringD_01/model.config\n'}
[1.194182] (hunav_gazebo_wrapper) StdoutLine: {'line': b'-- Up-to-date symlink: /home/ambroise/hunav_ws/install/hunav_gazebo_wrapper/share/hunav_gazebo_wrapper//models/aws_robomaker_warehouse_ClutteringD_01/model.sdf\n'}
[1.194272] (hunav_gazebo_wrapper) StdoutLine: {'line': b'-- Up-to-date symlink: /home/ambroise/hunav_ws/install/hunav_gazebo_wrapper/share/hunav_gazebo_wrapper//models/aws_robomaker_warehouse_DeskC_01/materials/.DS_Store\n'}
[1.194370] (hunav_gazebo_wrapper) StdoutLine: {'line': b'-- Up-to-date symlink: /home/ambroise/hunav_ws/install/hunav_gazebo_wrapper/share/hunav_gazebo_wrapper//models/aws_robomaker_warehouse_DeskC_01/materials/textures/aws_robomaker_warehouse_DeskC_01.png\n'}
[1.194471] (hunav_gazebo_wrapper) StdoutLine: {'line': b'-- Up-to-date symlink: /home/ambroise/hunav_ws/install/hunav_gazebo_wrapper/share/hunav_gazebo_wrapper//models/aws_robomaker_warehouse_DeskC_01/materials/textures/aws_robomaker_warehouse_DeskC_02.png\n'}
[1.194567] (hunav_gazebo_wrapper) StdoutLine: {'line': b'-- Up-to-date symlink: /home/ambroise/hunav_ws/install/hunav_gazebo_wrapper/share/hunav_gazebo_wrapper//models/aws_robomaker_warehouse_DeskC_01/materials/textures/aws_robomaker_warehouse_DeskC_03.png\n'}
[1.194662] (hunav_gazebo_wrapper) StdoutLine: {'line': b'-- Up-to-date symlink: /home/ambroise/hunav_ws/install/hunav_gazebo_wrapper/share/hunav_gazebo_wrapper//models/aws_robomaker_warehouse_DeskC_01/materials/textures/aws_robomaker_warehouse_DeskC_03.psd\n'}
[1.194754] (hunav_gazebo_wrapper) StdoutLine: {'line': b'-- Up-to-date symlink: /home/ambroise/hunav_ws/install/hunav_gazebo_wrapper/share/hunav_gazebo_wrapper//models/aws_robomaker_warehouse_DeskC_01/materials/textures/aws_robomaker_warehouse_DeskC_04.png\n'}
[1.194852] (hunav_gazebo_wrapper) StdoutLine: {'line': b'-- Up-to-date symlink: /home/ambroise/hunav_ws/install/hunav_gazebo_wrapper/share/hunav_gazebo_wrapper//models/aws_robomaker_warehouse_DeskC_01/meshes/aws_robomaker_warehouse_DeskC_01_collision.DAE\n'}
[1.194942] (hunav_gazebo_wrapper) StdoutLine: {'line': b'-- Up-to-date symlink: /home/ambroise/hunav_ws/install/hunav_gazebo_wrapper/share/hunav_gazebo_wrapper//models/aws_robomaker_warehouse_DeskC_01/meshes/aws_robomaker_warehouse_DeskC_01_visual.DAE\n'}
[1.195026] (hunav_gazebo_wrapper) StdoutLine: {'line': b'-- Up-to-date symlink: /home/ambroise/hunav_ws/install/hunav_gazebo_wrapper/share/hunav_gazebo_wrapper//models/aws_robomaker_warehouse_DeskC_01/model.config\n'}
[1.195116] (hunav_gazebo_wrapper) StdoutLine: {'line': b'-- Up-to-date symlink: /home/ambroise/hunav_ws/install/hunav_gazebo_wrapper/share/hunav_gazebo_wrapper//models/aws_robomaker_warehouse_DeskC_01/model.sdf\n'}
[1.195224] (hunav_gazebo_wrapper) StdoutLine: {'line': b'-- Up-to-date symlink: /home/ambroise/hunav_ws/install/hunav_gazebo_wrapper/share/hunav_gazebo_wrapper//models/aws_robomaker_warehouse_GroundB_01/materials/textures/aws_robomaker_warehouse_GroundB_01.png\n'}
[1.195320] (hunav_gazebo_wrapper) StdoutLine: {'line': b'-- Up-to-date symlink: /home/ambroise/hunav_ws/install/hunav_gazebo_wrapper/share/hunav_gazebo_wrapper//models/aws_robomaker_warehouse_GroundB_01/materials/textures/aws_robomaker_warehouse_GroundB_02.png\n'}
[1.195476] (hunav_gazebo_wrapper) StdoutLine: {'line': b'-- Up-to-date symlink: /home/ambroise/hunav_ws/install/hunav_gazebo_wrapper/share/hunav_gazebo_wrapper//models/aws_robomaker_warehouse_GroundB_01/meshes/aws_robomaker_warehouse_GroundB_01_collision.DAE\n'}
[1.195675] (hunav_gazebo_wrapper) StdoutLine: {'line': b'-- Up-to-date symlink: /home/ambroise/hunav_ws/install/hunav_gazebo_wrapper/share/hunav_gazebo_wrapper//models/aws_robomaker_warehouse_GroundB_01/meshes/aws_robomaker_warehouse_GroundB_01_visual.DAE\n'}
[1.195787] (hunav_gazebo_wrapper) StdoutLine: {'line': b'-- Up-to-date symlink: /home/ambroise/hunav_ws/install/hunav_gazebo_wrapper/share/hunav_gazebo_wrapper//models/aws_robomaker_warehouse_GroundB_01/model.config\n'}
[1.195920] (hunav_gazebo_wrapper) StdoutLine: {'line': b'-- Up-to-date symlink: /home/ambroise/hunav_ws/install/hunav_gazebo_wrapper/share/hunav_gazebo_wrapper//models/aws_robomaker_warehouse_GroundB_01/model.sdf\n'}
[1.196020] (hunav_gazebo_wrapper) StdoutLine: {'line': b'-- Up-to-date symlink: /home/ambroise/hunav_ws/install/hunav_gazebo_wrapper/share/hunav_gazebo_wrapper//models/aws_robomaker_warehouse_Lamp_01/materials/textures/aws_robomaker_warehouse_Lamp_01.png\n'}
[1.196109] (hunav_gazebo_wrapper) StdoutLine: {'line': b'-- Up-to-date symlink: /home/ambroise/hunav_ws/install/hunav_gazebo_wrapper/share/hunav_gazebo_wrapper//models/aws_robomaker_warehouse_Lamp_01/meshes/aws_robomaker_warehouse_Lamp_01_collision.DAE\n'}
[1.196247] (hunav_gazebo_wrapper) StdoutLine: {'line': b'-- Up-to-date symlink: /home/ambroise/hunav_ws/install/hunav_gazebo_wrapper/share/hunav_gazebo_wrapper//models/aws_robomaker_warehouse_Lamp_01/meshes/aws_robomaker_warehouse_Lamp_01_visual.DAE\n'}
[1.196331] (hunav_gazebo_wrapper) StdoutLine: {'line': b'-- Up-to-date symlink: /home/ambroise/hunav_ws/install/hunav_gazebo_wrapper/share/hunav_gazebo_wrapper//models/aws_robomaker_warehouse_Lamp_01/model.config\n'}
[1.196369] (hunav_gazebo_wrapper) StdoutLine: {'line': b'-- Up-to-date symlink: /home/ambroise/hunav_ws/install/hunav_gazebo_wrapper/share/hunav_gazebo_wrapper//models/aws_robomaker_warehouse_Lamp_01/model.sdf\n'}
[1.196433] (hunav_gazebo_wrapper) StdoutLine: {'line': b'-- Up-to-date symlink: /home/ambroise/hunav_ws/install/hunav_gazebo_wrapper/share/hunav_gazebo_wrapper//models/aws_robomaker_warehouse_PalletJackB_01/.DS_Store\n'}
[1.196475] (hunav_gazebo_wrapper) StdoutLine: {'line': b'-- Up-to-date symlink: /home/ambroise/hunav_ws/install/hunav_gazebo_wrapper/share/hunav_gazebo_wrapper//models/aws_robomaker_warehouse_PalletJackB_01/materials/.DS_Store\n'}
[1.196516] (hunav_gazebo_wrapper) StdoutLine: {'line': b'-- Up-to-date symlink: /home/ambroise/hunav_ws/install/hunav_gazebo_wrapper/share/hunav_gazebo_wrapper//models/aws_robomaker_warehouse_PalletJackB_01/materials/textures/aws_robomaker_warehouse_PalletJackB_01.png\n'}
[1.196567] (hunav_gazebo_wrapper) StdoutLine: {'line': b'-- Up-to-date symlink: /home/ambroise/hunav_ws/install/hunav_gazebo_wrapper/share/hunav_gazebo_wrapper//models/aws_robomaker_warehouse_PalletJackB_01/materials/textures/aws_robomaker_warehouse_PalletJackB_02.png\n'}
[1.196620] (hunav_gazebo_wrapper) StdoutLine: {'line': b'-- Up-to-date symlink: /home/ambroise/hunav_ws/install/hunav_gazebo_wrapper/share/hunav_gazebo_wrapper//models/aws_robomaker_warehouse_PalletJackB_01/meshes/aws_robomaker_warehouse_PalletJackB_01_collision.DAE\n'}
[1.196709] (hunav_gazebo_wrapper) StdoutLine: {'line': b'-- Up-to-date symlink: /home/ambroise/hunav_ws/install/hunav_gazebo_wrapper/share/hunav_gazebo_wrapper//models/aws_robomaker_warehouse_PalletJackB_01/meshes/aws_robomaker_warehouse_PalletJackB_01_visual.DAE\n'}
[1.196793] (hunav_gazebo_wrapper) StdoutLine: {'line': b'-- Up-to-date symlink: /home/ambroise/hunav_ws/install/hunav_gazebo_wrapper/share/hunav_gazebo_wrapper//models/aws_robomaker_warehouse_PalletJackB_01/model.config\n'}
[1.196856] (hunav_gazebo_wrapper) StdoutLine: {'line': b'-- Up-to-date symlink: /home/ambroise/hunav_ws/install/hunav_gazebo_wrapper/share/hunav_gazebo_wrapper//models/aws_robomaker_warehouse_PalletJackB_01/model.sdf\n'}
[1.196954] (hunav_gazebo_wrapper) StdoutLine: {'line': b'-- Up-to-date symlink: /home/ambroise/hunav_ws/install/hunav_gazebo_wrapper/share/hunav_gazebo_wrapper//models/aws_robomaker_warehouse_RoofB_01/materials/textures/aws_robomaker_warehouse_RoofB_01.png\n'}
[1.197051] (hunav_gazebo_wrapper) StdoutLine: {'line': b'-- Up-to-date symlink: /home/ambroise/hunav_ws/install/hunav_gazebo_wrapper/share/hunav_gazebo_wrapper//models/aws_robomaker_warehouse_RoofB_01/meshes/aws_robomaker_warehouse_RoofB_01_collision.DAE\n'}
[1.197149] (hunav_gazebo_wrapper) StdoutLine: {'line': b'-- Up-to-date symlink: /home/ambroise/hunav_ws/install/hunav_gazebo_wrapper/share/hunav_gazebo_wrapper//models/aws_robomaker_warehouse_RoofB_01/meshes/aws_robomaker_warehouse_RoofB_01_visual.DAE\n'}
[1.197230] (hunav_gazebo_wrapper) StdoutLine: {'line': b'-- Up-to-date symlink: /home/ambroise/hunav_ws/install/hunav_gazebo_wrapper/share/hunav_gazebo_wrapper//models/aws_robomaker_warehouse_RoofB_01/model.config\n'}
[1.197323] (hunav_gazebo_wrapper) StdoutLine: {'line': b'-- Up-to-date symlink: /home/ambroise/hunav_ws/install/hunav_gazebo_wrapper/share/hunav_gazebo_wrapper//models/aws_robomaker_warehouse_RoofB_01/model.sdf\n'}
[1.197438] (hunav_gazebo_wrapper) StdoutLine: {'line': b'-- Up-to-date symlink: /home/ambroise/hunav_ws/install/hunav_gazebo_wrapper/share/hunav_gazebo_wrapper//models/aws_robomaker_warehouse_ShelfD_01/materials/textures/aws_robomaker_warehouse_ShelfD_01.png\n'}
[1.197537] (hunav_gazebo_wrapper) StdoutLine: {'line': b'-- Up-to-date symlink: /home/ambroise/hunav_ws/install/hunav_gazebo_wrapper/share/hunav_gazebo_wrapper//models/aws_robomaker_warehouse_ShelfD_01/materials/textures/aws_robomaker_warehouse_ShelfD_02.png\n'}
[1.197656] (hunav_gazebo_wrapper) StdoutLine: {'line': b'-- Up-to-date symlink: /home/ambroise/hunav_ws/install/hunav_gazebo_wrapper/share/hunav_gazebo_wrapper//models/aws_robomaker_warehouse_ShelfD_01/materials/textures/aws_robomaker_warehouse_ShelfD_03.png\n'}
[1.197738] (hunav_gazebo_wrapper) StdoutLine: {'line': b'-- Up-to-date symlink: /home/ambroise/hunav_ws/install/hunav_gazebo_wrapper/share/hunav_gazebo_wrapper//models/aws_robomaker_warehouse_ShelfD_01/materials/textures/aws_robomaker_warehouse_ShelfD_04.png\n'}
[1.197845] (hunav_gazebo_wrapper) StdoutLine: {'line': b'-- Up-to-date symlink: /home/ambroise/hunav_ws/install/hunav_gazebo_wrapper/share/hunav_gazebo_wrapper//models/aws_robomaker_warehouse_ShelfD_01/meshes/aws_robomaker_warehouse_ShelfD_01_collision.DAE\n'}
[1.197928] (hunav_gazebo_wrapper) StdoutLine: {'line': b'-- Up-to-date symlink: /home/ambroise/hunav_ws/install/hunav_gazebo_wrapper/share/hunav_gazebo_wrapper//models/aws_robomaker_warehouse_ShelfD_01/meshes/aws_robomaker_warehouse_ShelfD_01_visual.DAE\n'}
[1.197997] (hunav_gazebo_wrapper) StdoutLine: {'line': b'-- Up-to-date symlink: /home/ambroise/hunav_ws/install/hunav_gazebo_wrapper/share/hunav_gazebo_wrapper//models/aws_robomaker_warehouse_ShelfD_01/model.config\n'}
[1.198080] (hunav_gazebo_wrapper) StdoutLine: {'line': b'-- Up-to-date symlink: /home/ambroise/hunav_ws/install/hunav_gazebo_wrapper/share/hunav_gazebo_wrapper//models/aws_robomaker_warehouse_ShelfD_01/model.sdf\n'}
[1.198175] (hunav_gazebo_wrapper) StdoutLine: {'line': b'-- Up-to-date symlink: /home/ambroise/hunav_ws/install/hunav_gazebo_wrapper/share/hunav_gazebo_wrapper//models/aws_robomaker_warehouse_ShelfE_01/.DS_Store\n'}
[1.198264] (hunav_gazebo_wrapper) StdoutLine: {'line': b'-- Up-to-date symlink: /home/ambroise/hunav_ws/install/hunav_gazebo_wrapper/share/hunav_gazebo_wrapper//models/aws_robomaker_warehouse_ShelfE_01/materials/.DS_Store\n'}
[1.198360] (hunav_gazebo_wrapper) StdoutLine: {'line': b'-- Up-to-date symlink: /home/ambroise/hunav_ws/install/hunav_gazebo_wrapper/share/hunav_gazebo_wrapper//models/aws_robomaker_warehouse_ShelfE_01/materials/textures/aws_robomaker_warehouse_ShelfE_01.png\n'}
[1.198461] (hunav_gazebo_wrapper) StdoutLine: {'line': b'-- Up-to-date symlink: /home/ambroise/hunav_ws/install/hunav_gazebo_wrapper/share/hunav_gazebo_wrapper//models/aws_robomaker_warehouse_ShelfE_01/materials/textures/aws_robomaker_warehouse_ShelfE_02.png\n'}
[1.198556] (hunav_gazebo_wrapper) StdoutLine: {'line': b'-- Up-to-date symlink: /home/ambroise/hunav_ws/install/hunav_gazebo_wrapper/share/hunav_gazebo_wrapper//models/aws_robomaker_warehouse_ShelfE_01/materials/textures/aws_robomaker_warehouse_ShelfE_03.png\n'}
[1.198647] (hunav_gazebo_wrapper) StdoutLine: {'line': b'-- Up-to-date symlink: /home/ambroise/hunav_ws/install/hunav_gazebo_wrapper/share/hunav_gazebo_wrapper//models/aws_robomaker_warehouse_ShelfE_01/materials/textures/aws_robomaker_warehouse_ShelfE_04.png\n'}
[1.198772] (hunav_gazebo_wrapper) StdoutLine: {'line': b'-- Up-to-date symlink: /home/ambroise/hunav_ws/install/hunav_gazebo_wrapper/share/hunav_gazebo_wrapper//models/aws_robomaker_warehouse_ShelfE_01/meshes/aws_robomaker_warehouse_ShelfE_01_collision.DAE\n'}
[1.198881] (hunav_gazebo_wrapper) StdoutLine: {'line': b'-- Up-to-date symlink: /home/ambroise/hunav_ws/install/hunav_gazebo_wrapper/share/hunav_gazebo_wrapper//models/aws_robomaker_warehouse_ShelfE_01/meshes/aws_robomaker_warehouse_ShelfE_01_visual.DAE\n'}
[1.198972] (hunav_gazebo_wrapper) StdoutLine: {'line': b'-- Up-to-date symlink: /home/ambroise/hunav_ws/install/hunav_gazebo_wrapper/share/hunav_gazebo_wrapper//models/aws_robomaker_warehouse_ShelfE_01/model.config\n'}
[1.199044] (hunav_gazebo_wrapper) StdoutLine: {'line': b'-- Up-to-date symlink: /home/ambroise/hunav_ws/install/hunav_gazebo_wrapper/share/hunav_gazebo_wrapper//models/aws_robomaker_warehouse_ShelfE_01/model.sdf\n'}
[1.199123] (hunav_gazebo_wrapper) StdoutLine: {'line': b'-- Up-to-date symlink: /home/ambroise/hunav_ws/install/hunav_gazebo_wrapper/share/hunav_gazebo_wrapper//models/aws_robomaker_warehouse_ShelfF_01/materials/textures/aws_robomaker_warehouse_ShelfF_01.png\n'}
[1.199217] (hunav_gazebo_wrapper) StdoutLine: {'line': b'-- Up-to-date symlink: /home/ambroise/hunav_ws/install/hunav_gazebo_wrapper/share/hunav_gazebo_wrapper//models/aws_robomaker_warehouse_ShelfF_01/materials/textures/aws_robomaker_warehouse_ShelfF_02.png\n'}
[1.199310] (hunav_gazebo_wrapper) StdoutLine: {'line': b'-- Up-to-date symlink: /home/ambroise/hunav_ws/install/hunav_gazebo_wrapper/share/hunav_gazebo_wrapper//models/aws_robomaker_warehouse_ShelfF_01/materials/textures/aws_robomaker_warehouse_ShelfF_03.png\n'}
[1.199405] (hunav_gazebo_wrapper) StdoutLine: {'line': b'-- Up-to-date symlink: /home/ambroise/hunav_ws/install/hunav_gazebo_wrapper/share/hunav_gazebo_wrapper//models/aws_robomaker_warehouse_ShelfF_01/meshes/aws_robomaker_warehouse_ShelfF_01_collision.DAE\n'}
[1.199509] (hunav_gazebo_wrapper) StdoutLine: {'line': b'-- Up-to-date symlink: /home/ambroise/hunav_ws/install/hunav_gazebo_wrapper/share/hunav_gazebo_wrapper//models/aws_robomaker_warehouse_ShelfF_01/meshes/aws_robomaker_warehouse_ShelfF_01_visual.DAE\n'}
[1.199595] (hunav_gazebo_wrapper) StdoutLine: {'line': b'-- Up-to-date symlink: /home/ambroise/hunav_ws/install/hunav_gazebo_wrapper/share/hunav_gazebo_wrapper//models/aws_robomaker_warehouse_ShelfF_01/model.config\n'}
[1.199679] (hunav_gazebo_wrapper) StdoutLine: {'line': b'-- Up-to-date symlink: /home/ambroise/hunav_ws/install/hunav_gazebo_wrapper/share/hunav_gazebo_wrapper//models/aws_robomaker_warehouse_ShelfF_01/model.sdf\n'}
[1.199779] (hunav_gazebo_wrapper) StdoutLine: {'line': b'-- Up-to-date symlink: /home/ambroise/hunav_ws/install/hunav_gazebo_wrapper/share/hunav_gazebo_wrapper//models/aws_robomaker_warehouse_TrashCanC_01/materials/textures/aws_robomaker_warehouse_TrashCanC_01.png\n'}
[1.199879] (hunav_gazebo_wrapper) StdoutLine: {'line': b'-- Up-to-date symlink: /home/ambroise/hunav_ws/install/hunav_gazebo_wrapper/share/hunav_gazebo_wrapper//models/aws_robomaker_warehouse_TrashCanC_01/meshes/aws_robomaker_warehouse_TrashCanC_01_collision.DAE\n'}
[1.199964] (hunav_gazebo_wrapper) StdoutLine: {'line': b'-- Up-to-date symlink: /home/ambroise/hunav_ws/install/hunav_gazebo_wrapper/share/hunav_gazebo_wrapper//models/aws_robomaker_warehouse_TrashCanC_01/meshes/aws_robomaker_warehouse_TrashCanC_01_visual.DAE\n'}
[1.200051] (hunav_gazebo_wrapper) StdoutLine: {'line': b'-- Up-to-date symlink: /home/ambroise/hunav_ws/install/hunav_gazebo_wrapper/share/hunav_gazebo_wrapper//models/aws_robomaker_warehouse_TrashCanC_01/model.config\n'}
[1.200135] (hunav_gazebo_wrapper) StdoutLine: {'line': b'-- Up-to-date symlink: /home/ambroise/hunav_ws/install/hunav_gazebo_wrapper/share/hunav_gazebo_wrapper//models/aws_robomaker_warehouse_TrashCanC_01/model.sdf\n'}
[1.200232] (hunav_gazebo_wrapper) StdoutLine: {'line': b'-- Up-to-date symlink: /home/ambroise/hunav_ws/install/hunav_gazebo_wrapper/share/hunav_gazebo_wrapper//models/aws_robomaker_warehouse_WallB_01/materials/textures/aws_robomaker_warehouse_WallB_01.png\n'}
[1.200349] (hunav_gazebo_wrapper) StdoutLine: {'line': b'-- Up-to-date symlink: /home/ambroise/hunav_ws/install/hunav_gazebo_wrapper/share/hunav_gazebo_wrapper//models/aws_robomaker_warehouse_WallB_01/meshes/aws_robomaker_warehouse_WallB_01_collision.DAE\n'}
[1.200420] (-) TimerEvent: {}
[1.200526] (hunav_gazebo_wrapper) StdoutLine: {'line': b'-- Up-to-date symlink: /home/ambroise/hunav_ws/install/hunav_gazebo_wrapper/share/hunav_gazebo_wrapper//models/aws_robomaker_warehouse_WallB_01/meshes/aws_robomaker_warehouse_WallB_01_visual.DAE\n'}
[1.200583] (hunav_gazebo_wrapper) StdoutLine: {'line': b'-- Up-to-date symlink: /home/ambroise/hunav_ws/install/hunav_gazebo_wrapper/share/hunav_gazebo_wrapper//models/aws_robomaker_warehouse_WallB_01/model.config\n'}
[1.200658] (hunav_gazebo_wrapper) StdoutLine: {'line': b'-- Up-to-date symlink: /home/ambroise/hunav_ws/install/hunav_gazebo_wrapper/share/hunav_gazebo_wrapper//models/aws_robomaker_warehouse_WallB_01/model.sdf\n'}
[1.200719] (hunav_gazebo_wrapper) StdoutLine: {'line': b'-- Up-to-date symlink: /home/ambroise/hunav_ws/install/hunav_gazebo_wrapper/share/hunav_gazebo_wrapper//models/braid01_diffuse.png.001.png\n'}
[1.200774] (hunav_gazebo_wrapper) StdoutLine: {'line': b'-- Up-to-date symlink: /home/ambroise/hunav_ws/install/hunav_gazebo_wrapper/share/hunav_gazebo_wrapper//models/brown_eye.png\n'}
[1.200841] (hunav_gazebo_wrapper) StdoutLine: {'line': b'-- Up-to-date symlink: /home/ambroise/hunav_ws/install/hunav_gazebo_wrapper/share/hunav_gazebo_wrapper//models/brown_eye.png.001.png\n'}
[1.200928] (hunav_gazebo_wrapper) StdoutLine: {'line': b'-- Up-to-date symlink: /home/ambroise/hunav_ws/install/hunav_gazebo_wrapper/share/hunav_gazebo_wrapper//models/brown_eye.png.002.png\n'}
[1.201013] (hunav_gazebo_wrapper) StdoutLine: {'line': b'-- Up-to-date symlink: /home/ambroise/hunav_ws/install/hunav_gazebo_wrapper/share/hunav_gazebo_wrapper//models/casual_man.dae\n'}
[1.201096] (hunav_gazebo_wrapper) StdoutLine: {'line': b'-- Up-to-date symlink: /home/ambroise/hunav_ws/install/hunav_gazebo_wrapper/share/hunav_gazebo_wrapper//models/elegant_man.dae\n'}
[1.201183] (hunav_gazebo_wrapper) StdoutLine: {'line': b'-- Up-to-date symlink: /home/ambroise/hunav_ws/install/hunav_gazebo_wrapper/share/hunav_gazebo_wrapper//models/elegant_woman.dae\n'}
[1.201262] (hunav_gazebo_wrapper) StdoutLine: {'line': b'-- Up-to-date symlink: /home/ambroise/hunav_ws/install/hunav_gazebo_wrapper/share/hunav_gazebo_wrapper//models/eyebrow001.png\n'}
[1.201344] (hunav_gazebo_wrapper) StdoutLine: {'line': b'-- Up-to-date symlink: /home/ambroise/hunav_ws/install/hunav_gazebo_wrapper/share/hunav_gazebo_wrapper//models/eyebrow001.png.001.png\n'}
[1.201434] (hunav_gazebo_wrapper) StdoutLine: {'line': b'-- Up-to-date symlink: /home/ambroise/hunav_ws/install/hunav_gazebo_wrapper/share/hunav_gazebo_wrapper//models/eyebrow001.png.002.png\n'}
[1.201517] (hunav_gazebo_wrapper) StdoutLine: {'line': b'-- Up-to-date symlink: /home/ambroise/hunav_ws/install/hunav_gazebo_wrapper/share/hunav_gazebo_wrapper//models/female_casualsuit01_diffuse.png.001.png\n'}
[1.201595] (hunav_gazebo_wrapper) StdoutLine: {'line': b'-- Up-to-date symlink: /home/ambroise/hunav_ws/install/hunav_gazebo_wrapper/share/hunav_gazebo_wrapper//models/male_casualsuit01_diffuse.png\n'}
[1.201674] (hunav_gazebo_wrapper) StdoutLine: {'line': b'-- Up-to-date symlink: /home/ambroise/hunav_ws/install/hunav_gazebo_wrapper/share/hunav_gazebo_wrapper//models/male_casualsuit06_diffuse.png.001.png\n'}
[1.201754] (hunav_gazebo_wrapper) StdoutLine: {'line': b'-- Up-to-date symlink: /home/ambroise/hunav_ws/install/hunav_gazebo_wrapper/share/hunav_gazebo_wrapper//models/male_elegantsuit01_diffuse.png.001.png\n'}
[1.201833] (hunav_gazebo_wrapper) StdoutLine: {'line': b'-- Up-to-date symlink: /home/ambroise/hunav_ws/install/hunav_gazebo_wrapper/share/hunav_gazebo_wrapper//models/male_worksuit01_diffuse.png\n'}
[1.201912] (hunav_gazebo_wrapper) StdoutLine: {'line': b'-- Up-to-date symlink: /home/ambroise/hunav_ws/install/hunav_gazebo_wrapper/share/hunav_gazebo_wrapper//models/middleage_darkskinned_male_diffuse.png\n'}
[1.201992] (hunav_gazebo_wrapper) StdoutLine: {'line': b'-- Up-to-date symlink: /home/ambroise/hunav_ws/install/hunav_gazebo_wrapper/share/hunav_gazebo_wrapper//models/middleage_lightskinned_female_diffuse.png.002.png\n'}
[1.202076] (hunav_gazebo_wrapper) StdoutLine: {'line': b'-- Up-to-date symlink: /home/ambroise/hunav_ws/install/hunav_gazebo_wrapper/share/hunav_gazebo_wrapper//models/middleage_lightskinned_male_diffuse.png.001.png\n'}
[1.202162] (hunav_gazebo_wrapper) StdoutLine: {'line': b'-- Up-to-date symlink: /home/ambroise/hunav_ws/install/hunav_gazebo_wrapper/share/hunav_gazebo_wrapper//models/mono.dae\n'}
[1.202242] (hunav_gazebo_wrapper) StdoutLine: {'line': b'-- Up-to-date symlink: /home/ambroise/hunav_ws/install/hunav_gazebo_wrapper/share/hunav_gazebo_wrapper//models/mono2.dae\n'}
[1.202321] (hunav_gazebo_wrapper) StdoutLine: {'line': b'-- Up-to-date symlink: /home/ambroise/hunav_ws/install/hunav_gazebo_wrapper/share/hunav_gazebo_wrapper//models/mono3.dae\n'}
[1.202399] (hunav_gazebo_wrapper) StdoutLine: {'line': b'-- Up-to-date symlink: /home/ambroise/hunav_ws/install/hunav_gazebo_wrapper/share/hunav_gazebo_wrapper//models/mono4.dae\n'}
[1.202491] (hunav_gazebo_wrapper) StdoutLine: {'line': b'-- Up-to-date symlink: /home/ambroise/hunav_ws/install/hunav_gazebo_wrapper/share/hunav_gazebo_wrapper//models/mono5.dae\n'}
[1.202572] (hunav_gazebo_wrapper) StdoutLine: {'line': b'-- Up-to-date symlink: /home/ambroise/hunav_ws/install/hunav_gazebo_wrapper/share/hunav_gazebo_wrapper//models/old_lightskinned_male_diffuse.png\n'}
[1.202651] (hunav_gazebo_wrapper) StdoutLine: {'line': b'-- Up-to-date symlink: /home/ambroise/hunav_ws/install/hunav_gazebo_wrapper/share/hunav_gazebo_wrapper//models/regular_man.dae\n'}
[1.202731] (hunav_gazebo_wrapper) StdoutLine: {'line': b'-- Up-to-date symlink: /home/ambroise/hunav_ws/install/hunav_gazebo_wrapper/share/hunav_gazebo_wrapper//models/run.dae\n'}
[1.202812] (hunav_gazebo_wrapper) StdoutLine: {'line': b'-- Up-to-date symlink: /home/ambroise/hunav_ws/install/hunav_gazebo_wrapper/share/hunav_gazebo_wrapper//models/shoes01_diffuse.png\n'}
[1.202892] (hunav_gazebo_wrapper) StdoutLine: {'line': b'-- Up-to-date symlink: /home/ambroise/hunav_ws/install/hunav_gazebo_wrapper/share/hunav_gazebo_wrapper//models/shoes01_diffuse.png.001.png\n'}
[1.202972] (hunav_gazebo_wrapper) StdoutLine: {'line': b'-- Up-to-date symlink: /home/ambroise/hunav_ws/install/hunav_gazebo_wrapper/share/hunav_gazebo_wrapper//models/shoes03_diffuse.png\n'}
[1.203052] (hunav_gazebo_wrapper) StdoutLine: {'line': b'-- Up-to-date symlink: /home/ambroise/hunav_ws/install/hunav_gazebo_wrapper/share/hunav_gazebo_wrapper//models/shoes03_diffuse.png.001.png\n'}
[1.203141] (hunav_gazebo_wrapper) StdoutLine: {'line': b'-- Up-to-date symlink: /home/ambroise/hunav_ws/install/hunav_gazebo_wrapper/share/hunav_gazebo_wrapper//models/shoes05_diffuse.png.001.png\n'}
[1.203222] (hunav_gazebo_wrapper) StdoutLine: {'line': b'-- Up-to-date symlink: /home/ambroise/hunav_ws/install/hunav_gazebo_wrapper/share/hunav_gazebo_wrapper//models/short01_diffuse.png\n'}
[1.203302] (hunav_gazebo_wrapper) StdoutLine: {'line': b'-- Up-to-date symlink: /home/ambroise/hunav_ws/install/hunav_gazebo_wrapper/share/hunav_gazebo_wrapper//models/short02_diffuse.png\n'}
[1.203381] (hunav_gazebo_wrapper) StdoutLine: {'line': b'-- Up-to-date symlink: /home/ambroise/hunav_ws/install/hunav_gazebo_wrapper/share/hunav_gazebo_wrapper//models/short02_diffuse.png.001.png\n'}
[1.203478] (hunav_gazebo_wrapper) StdoutLine: {'line': b'-- Up-to-date symlink: /home/ambroise/hunav_ws/install/hunav_gazebo_wrapper/share/hunav_gazebo_wrapper//models/short03_diffuse.png.001.png\n'}
[1.203563] (hunav_gazebo_wrapper) StdoutLine: {'line': b'-- Up-to-date symlink: /home/ambroise/hunav_ws/install/hunav_gazebo_wrapper/share/hunav_gazebo_wrapper//models/sit_down.dae\n'}
[1.203646] (hunav_gazebo_wrapper) StdoutLine: {'line': b'-- Up-to-date symlink: /home/ambroise/hunav_ws/install/hunav_gazebo_wrapper/share/hunav_gazebo_wrapper//models/sitting.dae\n'}
[1.203725] (hunav_gazebo_wrapper) StdoutLine: {'line': b'-- Up-to-date symlink: /home/ambroise/hunav_ws/install/hunav_gazebo_wrapper/share/hunav_gazebo_wrapper//models/stand.dae\n'}
[1.203805] (hunav_gazebo_wrapper) StdoutLine: {'line': b'-- Up-to-date symlink: /home/ambroise/hunav_ws/install/hunav_gazebo_wrapper/share/hunav_gazebo_wrapper//models/stand_up.dae\n'}
[1.203914] (hunav_gazebo_wrapper) StdoutLine: {'line': b'-- Up-to-date symlink: /home/ambroise/hunav_ws/install/hunav_gazebo_wrapper/share/hunav_gazebo_wrapper//models/sub_16.dae\n'}
[1.203995] (hunav_gazebo_wrapper) StdoutLine: {'line': b'-- Up-to-date symlink: /home/ambroise/hunav_ws/install/hunav_gazebo_wrapper/share/hunav_gazebo_wrapper//models/talk_a.dae\n'}
[1.204080] (hunav_gazebo_wrapper) StdoutLine: {'line': b'-- Up-to-date symlink: /home/ambroise/hunav_ws/install/hunav_gazebo_wrapper/share/hunav_gazebo_wrapper//models/talk_b.dae\n'}
[1.204181] (hunav_gazebo_wrapper) StdoutLine: {'line': b'-- Up-to-date symlink: /home/ambroise/hunav_ws/install/hunav_gazebo_wrapper/share/hunav_gazebo_wrapper//models/walk-blue.dae\n'}
[1.204265] (hunav_gazebo_wrapper) StdoutLine: {'line': b'-- Up-to-date symlink: /home/ambroise/hunav_ws/install/hunav_gazebo_wrapper/share/hunav_gazebo_wrapper//models/walk-green.dae\n'}
[1.204344] (hunav_gazebo_wrapper) StdoutLine: {'line': b'-- Up-to-date symlink: /home/ambroise/hunav_ws/install/hunav_gazebo_wrapper/share/hunav_gazebo_wrapper//models/walk-red.dae\n'}
[1.204436] (hunav_gazebo_wrapper) StdoutLine: {'line': b'-- Up-to-date symlink: /home/ambroise/hunav_ws/install/hunav_gazebo_wrapper/share/hunav_gazebo_wrapper//models/walk.dae\n'}
[1.204516] (hunav_gazebo_wrapper) StdoutLine: {'line': b'-- Up-to-date symlink: /home/ambroise/hunav_ws/install/hunav_gazebo_wrapper/share/hunav_gazebo_wrapper//models/worker_man.dae\n'}
[1.204690] (hunav_gazebo_wrapper) StdoutLine: {'line': b'-- Up-to-date symlink: /home/ambroise/hunav_ws/install/hunav_gazebo_wrapper/share/hunav_gazebo_wrapper/environment/hunav_gazebo_wrapper.dsv\n'}
[1.204824] (hunav_gazebo_wrapper) StdoutLine: {'line': b'-- Up-to-date symlink: /home/ambroise/hunav_ws/install/hunav_gazebo_wrapper/share/ament_index/resource_index/package_run_dependencies/hunav_gazebo_wrapper\n'}
[1.204974] (hunav_gazebo_wrapper) StdoutLine: {'line': b'-- Up-to-date symlink: /home/ambroise/hunav_ws/install/hunav_gazebo_wrapper/share/ament_index/resource_index/parent_prefix_path/hunav_gazebo_wrapper\n'}
[1.205086] (hunav_gazebo_wrapper) StdoutLine: {'line': b'-- Up-to-date symlink: /home/ambroise/hunav_ws/install/hunav_gazebo_wrapper/share/hunav_gazebo_wrapper/environment/ament_prefix_path.sh\n'}
[1.205202] (hunav_gazebo_wrapper) StdoutLine: {'line': b'-- Up-to-date symlink: /home/ambroise/hunav_ws/install/hunav_gazebo_wrapper/share/hunav_gazebo_wrapper/environment/ament_prefix_path.dsv\n'}
[1.205323] (hunav_gazebo_wrapper) StdoutLine: {'line': b'-- Up-to-date symlink: /home/ambroise/hunav_ws/install/hunav_gazebo_wrapper/share/hunav_gazebo_wrapper/environment/path.sh\n'}
[1.205442] (hunav_gazebo_wrapper) StdoutLine: {'line': b'-- Up-to-date symlink: /home/ambroise/hunav_ws/install/hunav_gazebo_wrapper/share/hunav_gazebo_wrapper/environment/path.dsv\n'}
[1.205561] (hunav_gazebo_wrapper) StdoutLine: {'line': b'-- Up-to-date symlink: /home/ambroise/hunav_ws/install/hunav_gazebo_wrapper/share/hunav_gazebo_wrapper/local_setup.bash\n'}
[1.205688] (hunav_gazebo_wrapper) StdoutLine: {'line': b'-- Up-to-date symlink: /home/ambroise/hunav_ws/install/hunav_gazebo_wrapper/share/hunav_gazebo_wrapper/local_setup.sh\n'}
[1.205766] (hunav_gazebo_wrapper) StdoutLine: {'line': b'-- Up-to-date symlink: /home/ambroise/hunav_ws/install/hunav_gazebo_wrapper/share/hunav_gazebo_wrapper/local_setup.zsh\n'}
[1.205844] (hunav_gazebo_wrapper) StdoutLine: {'line': b'-- Up-to-date symlink: /home/ambroise/hunav_ws/install/hunav_gazebo_wrapper/share/hunav_gazebo_wrapper/local_setup.dsv\n'}
[1.205931] (hunav_gazebo_wrapper) StdoutLine: {'line': b'-- Symlinking: /home/ambroise/hunav_ws/install/hunav_gazebo_wrapper/share/hunav_gazebo_wrapper/package.dsv\n'}
[1.216172] (hunav_gazebo_wrapper) StdoutLine: {'line': b'-- Up-to-date symlink: /home/ambroise/hunav_ws/install/hunav_gazebo_wrapper/share/ament_index/resource_index/packages/hunav_gazebo_wrapper\n'}
[1.216565] (hunav_gazebo_wrapper) StdoutLine: {'line': b'-- Up-to-date symlink: /home/ambroise/hunav_ws/install/hunav_gazebo_wrapper/share/hunav_gazebo_wrapper/cmake/ament_cmake_export_libraries-extras.cmake\n'}
[1.216711] (hunav_gazebo_wrapper) StdoutLine: {'line': b'-- Up-to-date symlink: /home/ambroise/hunav_ws/install/hunav_gazebo_wrapper/share/hunav_gazebo_wrapper/cmake/hunav_gazebo_wrapperConfig.cmake\n'}
[1.216809] (hunav_gazebo_wrapper) StdoutLine: {'line': b'-- Up-to-date symlink: /home/ambroise/hunav_ws/install/hunav_gazebo_wrapper/share/hunav_gazebo_wrapper/cmake/hunav_gazebo_wrapperConfig-version.cmake\n'}
[1.216894] (hunav_gazebo_wrapper) StdoutLine: {'line': b'-- Up-to-date symlink: /home/ambroise/hunav_ws/install/hunav_gazebo_wrapper/share/hunav_gazebo_wrapper/package.xml\n'}
[1.218623] (hunav_gazebo_wrapper) CommandEnded: {'returncode': 0}
[1.239795] (hunav_gazebo_wrapper) JobEnded: {'identifier': 'hunav_gazebo_wrapper', 'rc': 0}
[1.240583] (-) EventReactorShutdown: {}
