-- The C compiler identification is GNU 11.4.0
-- The CXX compiler identification is GNU 11.4.0
-- Detecting C compiler ABI info
-- Detecting C compiler ABI info - done
-- Check for working C compiler: /usr/bin/cc - skipped
-- Detecting C compile features
-- Detecting C compile features - done
-- Detecting CXX compiler ABI info
-- Detecting CXX compiler ABI info - done
-- Check for working CXX compiler: /usr/bin/c++ - skipped
-- Detecting CXX compile features
-- Detecting CXX compile features - done
-- Found ament_cmake: 1.3.14 (/opt/ros/humble/share/ament_cmake/cmake)
-- Found Python3: /usr/bin/python3 (found version "3.10.12") found components: Interpreter 
-- Override CMake install command with custom implementation using symlinks instead of copying resources
-- Found tinyxml2_vendor: 0.7.7 (/opt/ros/humble/share/tinyxml2_vendor/cmake)
-- Found TinyXML2: /usr/lib/x86_64-linux-gnu/libtinyxml2.so  
-- Found ament_index_cpp: 1.4.1 (/opt/ros/humble/share/ament_index_cpp/cmake)
-- Found rclcpp: 16.0.19 (/opt/ros/humble/share/rclcpp/cmake)
-- Found rosidl_generator_c: 3.1.8 (/opt/ros/humble/share/rosidl_generator_c/cmake)
-- Found rosidl_adapter: 3.1.8 (/opt/ros/humble/share/rosidl_adapter/cmake)
-- Found rosidl_generator_cpp: 3.1.8 (/opt/ros/humble/share/rosidl_generator_cpp/cmake)
-- Using all available rosidl_typesupport_c: rosidl_typesupport_fastrtps_c;rosidl_typesupport_introspection_c
-- Using all available rosidl_typesupport_cpp: rosidl_typesupport_fastrtps_cpp;rosidl_typesupport_introspection_cpp
-- Found rmw_implementation_cmake: 6.1.2 (/opt/ros/humble/share/rmw_implementation_cmake/cmake)
-- Found rmw_fastrtps_cpp: 6.2.10 (/opt/ros/humble/share/rmw_fastrtps_cpp/cmake)
-- Found TinyXML2 via Config file: TinyXML2_DIR-NOTFOUND
-- Found OpenSSL: /usr/lib/x86_64-linux-gnu/libcrypto.so (found version "3.0.2")  
-- Found TinyXML2 via Config file: TinyXML2_DIR-NOTFOUND
-- Found FastRTPS: /opt/ros/humble/include  
-- Found TinyXML2 via Config file: TinyXML2_DIR-NOTFOUND
-- Found TinyXML2 via Config file: TinyXML2_DIR-NOTFOUND
-- Using RMW implementation 'rmw_fastrtps_cpp' as default
-- Looking for pthread.h
-- Looking for pthread.h - found
-- Performing Test CMAKE_HAVE_LIBC_PTHREAD
-- Performing Test CMAKE_HAVE_LIBC_PTHREAD - Success
-- Found Threads: TRUE  
-- Found gazebo_ros: 3.9.0 (/opt/ros/humble/share/gazebo_ros/cmake)
-- Found PkgConfig: /usr/bin/pkg-config (found version "0.29.2") 
-- Checking for module 'bullet>=2.82'
--   Found bullet, version 3.05
-- Found fcl: /usr/include (found suitable version "0.7.0", minimum required is "0.5.0") 
-- Found assimp: /usr/include (found version "5.2.0") 
-- Found DART: /usr/include (Required is at least version "6.6") found components: dart 
-- Found Boost: /usr/lib/x86_64-linux-gnu/cmake/Boost-1.74.0/BoostConfig.cmake (found suitable version "1.74.0", minimum required is "1.40.0") found components: thread system filesystem program_options regex iostreams date_time 
-- Found Protobuf: /usr/lib/x86_64-linux-gnu/libprotobuf.so (found version "3.12.4") 
-- Looking for ignition-math6 -- found version 6.15.1
-- Searching for dependencies of ignition-math6
-- Looking for OGRE...
-- OGRE_PREFIX_WATCH changed.
-- Checking for module 'OGRE'
--   Found OGRE, version 1.9.0
-- Found Ogre Ghadamon (1.9.0)
-- Found OGRE: optimized;/usr/lib/x86_64-linux-gnu/libOgreMain.so;debug;/usr/lib/x86_64-linux-gnu/libOgreMain.so
-- Looking for OGRE_Paging...
-- Found OGRE_Paging: optimized;/usr/lib/x86_64-linux-gnu/libOgrePaging.so;debug;/usr/lib/x86_64-linux-gnu/libOgrePaging.so
-- Looking for OGRE_Terrain...
-- Found OGRE_Terrain: optimized;/usr/lib/x86_64-linux-gnu/libOgreTerrain.so;debug;/usr/lib/x86_64-linux-gnu/libOgreTerrain.so
-- Looking for OGRE_Property...
-- Found OGRE_Property: optimized;/usr/lib/x86_64-linux-gnu/libOgreProperty.so;debug;/usr/lib/x86_64-linux-gnu/libOgreProperty.so
-- Looking for OGRE_RTShaderSystem...
-- Found OGRE_RTShaderSystem: optimized;/usr/lib/x86_64-linux-gnu/libOgreRTShaderSystem.so;debug;/usr/lib/x86_64-linux-gnu/libOgreRTShaderSystem.so
-- Looking for OGRE_Volume...
-- Found OGRE_Volume: optimized;/usr/lib/x86_64-linux-gnu/libOgreVolume.so;debug;/usr/lib/x86_64-linux-gnu/libOgreVolume.so
-- Looking for OGRE_Overlay...
-- Found OGRE_Overlay: optimized;/usr/lib/x86_64-linux-gnu/libOgreOverlay.so;debug;/usr/lib/x86_64-linux-gnu/libOgreOverlay.so
-- Looking for ignition-math6 -- found version 6.15.1
-- Looking for ignition-transport8 -- found version 8.2.1
-- Searching for dependencies of ignition-transport8
-- Found Protobuf: /usr/lib/x86_64-linux-gnu/libprotobuf.so (found suitable version "3.12.4", minimum required is "3") 
-- Config-file not installed for ZeroMQ -- checking for pkg-config
-- Checking for module 'libzmq >= 4'
--   Found libzmq , version 4.3.4
-- Found ZeroMQ: TRUE (Required is at least version "4") 
-- Checking for module 'uuid'
--   Found uuid, version 2.37.2
-- Found UUID: TRUE  
-- Looking for ignition-msgs5 -- found version 5.8.1
-- Searching for dependencies of ignition-msgs5
-- Looking for ignition-math6 -- found version 6.15.1
-- Checking for module 'tinyxml2'
--   Found tinyxml2, version 9.0.0
-- Looking for ignition-msgs5 -- found version 5.8.1
-- Looking for ignition-common3 -- found version 3.14.0
-- Searching for dependencies of ignition-common3
-- Looking for dlfcn.h - found
-- Looking for libdl - found
-- Found DL: TRUE  
-- Found tinyobjloader: /usr/lib/x86_64-linux-gnu/cmake/tinyobjloader/tinyobjloader-config.cmake (found version "2.0.0") 
-- Searching for <ignition-common3> component [graphics]
-- Looking for ignition-common3-graphics -- found version 3.14.0
-- Searching for dependencies of ignition-common3-graphics
-- Looking for ignition-math6 -- found version 6.15.1
-- Looking for ignition-fuel_tools4 -- found version 4.4.0
-- Searching for dependencies of ignition-fuel_tools4
-- Found CURL: /usr/lib/x86_64-linux-gnu/libcurl.so (found version "7.81.0")  
-- Checking for module 'jsoncpp'
--   Found jsoncpp, version 1.9.5
-- Found JSONCPP: TRUE  
-- Checking for module 'libzip'
--   Found libzip, version 1.7.3
-- Found ZIP: TRUE  
-- Looking for ignition-common3 -- found version 3.14.0
-- Looking for ignition-math6 -- found version 6.15.1
-- Looking for ignition-msgs5 -- found version 5.8.1
-- Gazebo version: 11.10
-- Checking for module 'tbb'
--   Found tbb, version 2021.5.0
-- Found hunav_msgs: 1.0.0 (/home/ambroise/hunav_ws/install/hunav_msgs/share/hunav_msgs/cmake)
-- Found tf2: 0.25.20 (/opt/ros/humble/share/tf2/cmake)
-- Found tf2_geometry_msgs: 0.25.20 (/opt/ros/humble/share/tf2_geometry_msgs/cmake)
-- Found eigen3_cmake_module: 0.1.1 (/opt/ros/humble/share/eigen3_cmake_module/cmake)
-- Found Eigen3: TRUE (found version "3.4.0") 
-- Ensuring Eigen3 include directory is part of orocos-kdl CMake target
-- Configuring done
-- Generating done
-- Build files have been written to: /home/ambroise/hunav_ws/build/hunav_gazebo_wrapper
[ 25%] [32mBuilding CXX object CMakeFiles/HuNavPlugin.dir/src/HuNavPlugin.cpp.o[0m
[ 50%] [32mBuilding CXX object CMakeFiles/hunav_gazebo_world_generator.dir/src/WorldGenerator.cpp.o[0m
[ 75%] [32m[1mLinking CXX executable hunav_gazebo_world_generator[0m
[ 75%] Built target hunav_gazebo_world_generator
[100%] [32m[1mLinking CXX shared library libHuNavPlugin.so[0m
[100%] Built target HuNavPlugin
-- Install configuration: ""
-- Execute custom install script
-- Symlinking: /home/ambroise/hunav_ws/install/hunav_gazebo_wrapper/share/hunav_gazebo_wrapper/environment/library_path.sh
-- Symlinking: /home/ambroise/hunav_ws/install/hunav_gazebo_wrapper/share/hunav_gazebo_wrapper/environment/library_path.dsv
-- Symlinking: /home/ambroise/hunav_ws/install/hunav_gazebo_wrapper/lib/hunav_gazebo_wrapper/hunav_gazebo_world_generator
-- Symlinking: /home/ambroise/hunav_ws/install/hunav_gazebo_wrapper/lib/libHuNavPlugin.so
-- Symlinking: /home/ambroise/hunav_ws/install/hunav_gazebo_wrapper/include/hunav_gazebo_wrapper/HuNavPlugin.h
-- Symlinking: /home/ambroise/hunav_ws/install/hunav_gazebo_wrapper/include/hunav_gazebo_wrapper/WorldGenerator.hpp
-- Symlinking: /home/ambroise/hunav_ws/install/hunav_gazebo_wrapper/share/hunav_gazebo_wrapper/launch/params.yaml
-- Symlinking: /home/ambroise/hunav_ws/install/hunav_gazebo_wrapper/share/hunav_gazebo_wrapper/launch/pmb2_cafe.launch.py
-- Symlinking: /home/ambroise/hunav_ws/install/hunav_gazebo_wrapper/share/hunav_gazebo_wrapper/launch/pmb2_hunav.launch.py
-- Symlinking: /home/ambroise/hunav_ws/install/hunav_gazebo_wrapper/share/hunav_gazebo_wrapper/launch/pmb2_pal.launch.py
-- Symlinking: /home/ambroise/hunav_ws/install/hunav_gazebo_wrapper/share/hunav_gazebo_wrapper/launch/pmb2_params/pmb2_nav_public_sim.yaml
-- Symlinking: /home/ambroise/hunav_ws/install/hunav_gazebo_wrapper/share/hunav_gazebo_wrapper/launch/simulation.launch.py
-- Symlinking: /home/ambroise/hunav_ws/install/hunav_gazebo_wrapper/share/hunav_gazebo_wrapper/launch/small_house.launch.py
-- Symlinking: /home/ambroise/hunav_ws/install/hunav_gazebo_wrapper/share/hunav_gazebo_wrapper/launch/small_warehouse.launch.py
-- Symlinking: /home/ambroise/hunav_ws/install/hunav_gazebo_wrapper/share/hunav_gazebo_wrapper/worlds/cafe.world
-- Symlinking: /home/ambroise/hunav_ws/install/hunav_gazebo_wrapper/share/hunav_gazebo_wrapper/worlds/example_cafe.world
-- Symlinking: /home/ambroise/hunav_ws/install/hunav_gazebo_wrapper/share/hunav_gazebo_wrapper/worlds/house.world
-- Symlinking: /home/ambroise/hunav_ws/install/hunav_gazebo_wrapper/share/hunav_gazebo_wrapper/worlds/warehouse.world
-- Symlinking: /home/ambroise/hunav_ws/install/hunav_gazebo_wrapper/share/hunav_gazebo_wrapper/maps/cafe.pgm
-- Symlinking: /home/ambroise/hunav_ws/install/hunav_gazebo_wrapper/share/hunav_gazebo_wrapper/maps/cafe.yaml
-- Symlinking: /home/ambroise/hunav_ws/install/hunav_gazebo_wrapper/share/hunav_gazebo_wrapper/maps/house.pgm
-- Symlinking: /home/ambroise/hunav_ws/install/hunav_gazebo_wrapper/share/hunav_gazebo_wrapper/maps/house.yaml
-- Symlinking: /home/ambroise/hunav_ws/install/hunav_gazebo_wrapper/share/hunav_gazebo_wrapper/maps/warehouse.pgm
-- Symlinking: /home/ambroise/hunav_ws/install/hunav_gazebo_wrapper/share/hunav_gazebo_wrapper/maps/warehouse.yaml
-- Symlinking: /home/ambroise/hunav_ws/install/hunav_gazebo_wrapper/share/hunav_gazebo_wrapper/scenarios/agents_cafe.yaml
-- Symlinking: /home/ambroise/hunav_ws/install/hunav_gazebo_wrapper/share/hunav_gazebo_wrapper/scenarios/agents_house.yaml
-- Symlinking: /home/ambroise/hunav_ws/install/hunav_gazebo_wrapper/share/hunav_gazebo_wrapper/scenarios/agents_warehouse.yaml
-- Symlinking: /home/ambroise/hunav_ws/install/hunav_gazebo_wrapper/share/hunav_gazebo_wrapper/scenarios/warehouse_agents_1.yaml
-- Symlinking: /home/ambroise/hunav_ws/install/hunav_gazebo_wrapper/share/hunav_gazebo_wrapper/behavior_trees/BTCuriousNav.xml
-- Symlinking: /home/ambroise/hunav_ws/install/hunav_gazebo_wrapper/share/hunav_gazebo_wrapper/behavior_trees/BTRegularNav.xml
-- Symlinking: /home/ambroise/hunav_ws/install/hunav_gazebo_wrapper/share/hunav_gazebo_wrapper/behavior_trees/BTScaredNav.xml
-- Symlinking: /home/ambroise/hunav_ws/install/hunav_gazebo_wrapper/share/hunav_gazebo_wrapper/behavior_trees/BTSurprisedNav.xml
-- Symlinking: /home/ambroise/hunav_ws/install/hunav_gazebo_wrapper/share/hunav_gazebo_wrapper/behavior_trees/BTThreateningNav.xml
-- Symlinking: /home/ambroise/hunav_ws/install/hunav_gazebo_wrapper/share/hunav_gazebo_wrapper/behavior_trees/agents_cafe__agent_1_bt.xml
-- Symlinking: /home/ambroise/hunav_ws/install/hunav_gazebo_wrapper/share/hunav_gazebo_wrapper/behavior_trees/agents_cafe__agent_2_bt.xml
-- Symlinking: /home/ambroise/hunav_ws/install/hunav_gazebo_wrapper/share/hunav_gazebo_wrapper/behavior_trees/agents_cafe__agent_3_bt.xml
-- Symlinking: /home/ambroise/hunav_ws/install/hunav_gazebo_wrapper/share/hunav_gazebo_wrapper/behavior_trees/agents_house__agent_1_bt.xml
-- Symlinking: /home/ambroise/hunav_ws/install/hunav_gazebo_wrapper/share/hunav_gazebo_wrapper/behavior_trees/agents_house__agent_2_bt.xml
-- Symlinking: /home/ambroise/hunav_ws/install/hunav_gazebo_wrapper/share/hunav_gazebo_wrapper/behavior_trees/agents_house__agent_3_bt.xml
-- Symlinking: /home/ambroise/hunav_ws/install/hunav_gazebo_wrapper/share/hunav_gazebo_wrapper/behavior_trees/agents_warehouse__agent_1_bt.xml
-- Symlinking: /home/ambroise/hunav_ws/install/hunav_gazebo_wrapper/share/hunav_gazebo_wrapper/behavior_trees/agents_warehouse__agent_2_bt.xml
-- Symlinking: /home/ambroise/hunav_ws/install/hunav_gazebo_wrapper/share/hunav_gazebo_wrapper/behavior_trees/agents_warehouse__agent_3_bt.xml
-- Symlinking: /home/ambroise/hunav_ws/install/hunav_gazebo_wrapper/share/hunav_gazebo_wrapper/behavior_trees/warehouse_agents_1__agent_1_bt.xml
-- Symlinking: /home/ambroise/hunav_ws/install/hunav_gazebo_wrapper/share/hunav_gazebo_wrapper/behavior_trees/warehouse_agents_1__agent_2_bt.xml
-- Symlinking: /home/ambroise/hunav_ws/install/hunav_gazebo_wrapper/share/hunav_gazebo_wrapper//models/02_01-walk.bvh
-- Symlinking: /home/ambroise/hunav_ws/install/hunav_gazebo_wrapper/share/hunav_gazebo_wrapper//models/02_07.bvh
-- Symlinking: /home/ambroise/hunav_ws/install/hunav_gazebo_wrapper/share/hunav_gazebo_wrapper//models/05_02.bvh
-- Symlinking: /home/ambroise/hunav_ws/install/hunav_gazebo_wrapper/share/hunav_gazebo_wrapper//models/07_01-walk.bvh
-- Symlinking: /home/ambroise/hunav_ws/install/hunav_gazebo_wrapper/share/hunav_gazebo_wrapper//models/07_04-slow_walk.bvh
-- Symlinking: /home/ambroise/hunav_ws/install/hunav_gazebo_wrapper/share/hunav_gazebo_wrapper//models/07_05-slow_walk.bvh
-- Symlinking: /home/ambroise/hunav_ws/install/hunav_gazebo_wrapper/share/hunav_gazebo_wrapper//models/08_08-walk2.bvh
-- Symlinking: /home/ambroise/hunav_ws/install/hunav_gazebo_wrapper/share/hunav_gazebo_wrapper//models/120_19-walk_slow.bvh
-- Symlinking: /home/ambroise/hunav_ws/install/hunav_gazebo_wrapper/share/hunav_gazebo_wrapper//models/137_28-normal_wait.bvh
-- Symlinking: /home/ambroise/hunav_ws/install/hunav_gazebo_wrapper/share/hunav_gazebo_wrapper//models/13_14-laugh.bvh
-- Symlinking: /home/ambroise/hunav_ws/install/hunav_gazebo_wrapper/share/hunav_gazebo_wrapper//models/141_16-wave_hello.bvh
-- Symlinking: /home/ambroise/hunav_ws/install/hunav_gazebo_wrapper/share/hunav_gazebo_wrapper//models/141_20-waiting.bvh
-- Symlinking: /home/ambroise/hunav_ws/install/hunav_gazebo_wrapper/share/hunav_gazebo_wrapper//models/142_01-walk_childist.bvh
-- Symlinking: /home/ambroise/hunav_ws/install/hunav_gazebo_wrapper/share/hunav_gazebo_wrapper//models/142_04-walk_cool.bvh
-- Symlinking: /home/ambroise/hunav_ws/install/hunav_gazebo_wrapper/share/hunav_gazebo_wrapper//models/142_08-walk_happy.bvh
-- Symlinking: /home/ambroise/hunav_ws/install/hunav_gazebo_wrapper/share/hunav_gazebo_wrapper//models/142_16-walk_scared.bvh
-- Symlinking: /home/ambroise/hunav_ws/install/hunav_gazebo_wrapper/share/hunav_gazebo_wrapper//models/142_17-walk_scared.bvh
-- Symlinking: /home/ambroise/hunav_ws/install/hunav_gazebo_wrapper/share/hunav_gazebo_wrapper//models/142_19-walk_shy.bvh
-- Symlinking: /home/ambroise/hunav_ws/install/hunav_gazebo_wrapper/share/hunav_gazebo_wrapper//models/17_01-walk_with_anger.bvh
-- Symlinking: /home/ambroise/hunav_ws/install/hunav_gazebo_wrapper/share/hunav_gazebo_wrapper//models/69_02_walk_forward.bvh
-- Symlinking: /home/ambroise/hunav_ws/install/hunav_gazebo_wrapper/share/hunav_gazebo_wrapper//models/aws_robomaker_residential_AirconditionerA_01/materials/textures/aws_AirconditionerA_01.png
-- Symlinking: /home/ambroise/hunav_ws/install/hunav_gazebo_wrapper/share/hunav_gazebo_wrapper//models/aws_robomaker_residential_AirconditionerA_01/meshes/aws_AirconditionerA_01_collision.DAE
-- Symlinking: /home/ambroise/hunav_ws/install/hunav_gazebo_wrapper/share/hunav_gazebo_wrapper//models/aws_robomaker_residential_AirconditionerA_01/meshes/aws_AirconditionerA_01_visual.DAE
-- Symlinking: /home/ambroise/hunav_ws/install/hunav_gazebo_wrapper/share/hunav_gazebo_wrapper//models/aws_robomaker_residential_AirconditionerA_01/model.config
-- Symlinking: /home/ambroise/hunav_ws/install/hunav_gazebo_wrapper/share/hunav_gazebo_wrapper//models/aws_robomaker_residential_AirconditionerA_01/model.sdf
-- Symlinking: /home/ambroise/hunav_ws/install/hunav_gazebo_wrapper/share/hunav_gazebo_wrapper//models/aws_robomaker_residential_AirconditionerB_01/materials/textures/aws_AirconditionerB_01.png
-- Symlinking: /home/ambroise/hunav_ws/install/hunav_gazebo_wrapper/share/hunav_gazebo_wrapper//models/aws_robomaker_residential_AirconditionerB_01/meshes/aws_AirconditionerB_01_collision.DAE
-- Symlinking: /home/ambroise/hunav_ws/install/hunav_gazebo_wrapper/share/hunav_gazebo_wrapper//models/aws_robomaker_residential_AirconditionerB_01/meshes/aws_AirconditionerB_01_visual.DAE
-- Symlinking: /home/ambroise/hunav_ws/install/hunav_gazebo_wrapper/share/hunav_gazebo_wrapper//models/aws_robomaker_residential_AirconditionerB_01/model.config
-- Symlinking: /home/ambroise/hunav_ws/install/hunav_gazebo_wrapper/share/hunav_gazebo_wrapper//models/aws_robomaker_residential_AirconditionerB_01/model.sdf
-- Symlinking: /home/ambroise/hunav_ws/install/hunav_gazebo_wrapper/share/hunav_gazebo_wrapper//models/aws_robomaker_residential_BalconyTable_01/materials/textures/aws_BalconyTable_01.png
-- Symlinking: /home/ambroise/hunav_ws/install/hunav_gazebo_wrapper/share/hunav_gazebo_wrapper//models/aws_robomaker_residential_BalconyTable_01/meshes/aws_BalconyTable_01_collision.DAE
-- Symlinking: /home/ambroise/hunav_ws/install/hunav_gazebo_wrapper/share/hunav_gazebo_wrapper//models/aws_robomaker_residential_BalconyTable_01/meshes/aws_BalconyTable_01_visual.DAE
-- Symlinking: /home/ambroise/hunav_ws/install/hunav_gazebo_wrapper/share/hunav_gazebo_wrapper//models/aws_robomaker_residential_BalconyTable_01/model.config
-- Symlinking: /home/ambroise/hunav_ws/install/hunav_gazebo_wrapper/share/hunav_gazebo_wrapper//models/aws_robomaker_residential_BalconyTable_01/model.sdf
-- Symlinking: /home/ambroise/hunav_ws/install/hunav_gazebo_wrapper/share/hunav_gazebo_wrapper//models/aws_robomaker_residential_Ball_01/materials/textures/aws_Ball_01.png
-- Symlinking: /home/ambroise/hunav_ws/install/hunav_gazebo_wrapper/share/hunav_gazebo_wrapper//models/aws_robomaker_residential_Ball_01/meshes/aws_Ball_01_collision.DAE
-- Symlinking: /home/ambroise/hunav_ws/install/hunav_gazebo_wrapper/share/hunav_gazebo_wrapper//models/aws_robomaker_residential_Ball_01/meshes/aws_Ball_01_visual.DAE
-- Symlinking: /home/ambroise/hunav_ws/install/hunav_gazebo_wrapper/share/hunav_gazebo_wrapper//models/aws_robomaker_residential_Ball_01/model.config
-- Symlinking: /home/ambroise/hunav_ws/install/hunav_gazebo_wrapper/share/hunav_gazebo_wrapper//models/aws_robomaker_residential_Ball_01/model.sdf
-- Symlinking: /home/ambroise/hunav_ws/install/hunav_gazebo_wrapper/share/hunav_gazebo_wrapper//models/aws_robomaker_residential_Bed_01/materials/textures/aws_BedA_01.png
-- Symlinking: /home/ambroise/hunav_ws/install/hunav_gazebo_wrapper/share/hunav_gazebo_wrapper//models/aws_robomaker_residential_Bed_01/materials/textures/aws_BedB_01.png
-- Symlinking: /home/ambroise/hunav_ws/install/hunav_gazebo_wrapper/share/hunav_gazebo_wrapper//models/aws_robomaker_residential_Bed_01/materials/textures/aws_BedC_01.png
-- Symlinking: /home/ambroise/hunav_ws/install/hunav_gazebo_wrapper/share/hunav_gazebo_wrapper//models/aws_robomaker_residential_Bed_01/materials/textures/aws_Bed_01.png
-- Symlinking: /home/ambroise/hunav_ws/install/hunav_gazebo_wrapper/share/hunav_gazebo_wrapper//models/aws_robomaker_residential_Bed_01/meshes/aws_Bed_01_collision.DAE
-- Symlinking: /home/ambroise/hunav_ws/install/hunav_gazebo_wrapper/share/hunav_gazebo_wrapper//models/aws_robomaker_residential_Bed_01/meshes/aws_Bed_01_visual.DAE
-- Symlinking: /home/ambroise/hunav_ws/install/hunav_gazebo_wrapper/share/hunav_gazebo_wrapper//models/aws_robomaker_residential_Bed_01/model.config
-- Symlinking: /home/ambroise/hunav_ws/install/hunav_gazebo_wrapper/share/hunav_gazebo_wrapper//models/aws_robomaker_residential_Bed_01/model.sdf
-- Symlinking: /home/ambroise/hunav_ws/install/hunav_gazebo_wrapper/share/hunav_gazebo_wrapper//models/aws_robomaker_residential_Board_01/materials/textures/aws_Board_01.png
-- Symlinking: /home/ambroise/hunav_ws/install/hunav_gazebo_wrapper/share/hunav_gazebo_wrapper//models/aws_robomaker_residential_Board_01/meshes/aws_Board_01_collision.DAE
-- Symlinking: /home/ambroise/hunav_ws/install/hunav_gazebo_wrapper/share/hunav_gazebo_wrapper//models/aws_robomaker_residential_Board_01/meshes/aws_Board_01_visual.DAE
-- Symlinking: /home/ambroise/hunav_ws/install/hunav_gazebo_wrapper/share/hunav_gazebo_wrapper//models/aws_robomaker_residential_Board_01/model.config
-- Symlinking: /home/ambroise/hunav_ws/install/hunav_gazebo_wrapper/share/hunav_gazebo_wrapper//models/aws_robomaker_residential_Board_01/model.sdf
-- Symlinking: /home/ambroise/hunav_ws/install/hunav_gazebo_wrapper/share/hunav_gazebo_wrapper//models/aws_robomaker_residential_Carpet_01/materials/textures/aws_Carpet_01.png
-- Symlinking: /home/ambroise/hunav_ws/install/hunav_gazebo_wrapper/share/hunav_gazebo_wrapper//models/aws_robomaker_residential_Carpet_01/meshes/aws_Carpet_01_collision.DAE
-- Symlinking: /home/ambroise/hunav_ws/install/hunav_gazebo_wrapper/share/hunav_gazebo_wrapper//models/aws_robomaker_residential_Carpet_01/meshes/aws_Carpet_01_visual.DAE
-- Symlinking: /home/ambroise/hunav_ws/install/hunav_gazebo_wrapper/share/hunav_gazebo_wrapper//models/aws_robomaker_residential_Carpet_01/model.config
-- Symlinking: /home/ambroise/hunav_ws/install/hunav_gazebo_wrapper/share/hunav_gazebo_wrapper//models/aws_robomaker_residential_Carpet_01/model.sdf
-- Symlinking: /home/ambroise/hunav_ws/install/hunav_gazebo_wrapper/share/hunav_gazebo_wrapper//models/aws_robomaker_residential_ChairA_01/materials/textures/aws_ChairA_01.png
-- Symlinking: /home/ambroise/hunav_ws/install/hunav_gazebo_wrapper/share/hunav_gazebo_wrapper//models/aws_robomaker_residential_ChairA_01/meshes/aws_ChairA_01_collision.DAE
-- Symlinking: /home/ambroise/hunav_ws/install/hunav_gazebo_wrapper/share/hunav_gazebo_wrapper//models/aws_robomaker_residential_ChairA_01/meshes/aws_ChairA_01_visual.DAE
-- Symlinking: /home/ambroise/hunav_ws/install/hunav_gazebo_wrapper/share/hunav_gazebo_wrapper//models/aws_robomaker_residential_ChairA_01/model.config
-- Symlinking: /home/ambroise/hunav_ws/install/hunav_gazebo_wrapper/share/hunav_gazebo_wrapper//models/aws_robomaker_residential_ChairA_01/model.sdf
-- Symlinking: /home/ambroise/hunav_ws/install/hunav_gazebo_wrapper/share/hunav_gazebo_wrapper//models/aws_robomaker_residential_ChairD_01/materials/textures/aws_ChairD_01.png
-- Symlinking: /home/ambroise/hunav_ws/install/hunav_gazebo_wrapper/share/hunav_gazebo_wrapper//models/aws_robomaker_residential_ChairD_01/meshes/aws_ChairD_01_collision.DAE
-- Symlinking: /home/ambroise/hunav_ws/install/hunav_gazebo_wrapper/share/hunav_gazebo_wrapper//models/aws_robomaker_residential_ChairD_01/meshes/aws_ChairD_01_visual.DAE
-- Symlinking: /home/ambroise/hunav_ws/install/hunav_gazebo_wrapper/share/hunav_gazebo_wrapper//models/aws_robomaker_residential_ChairD_01/model.config
-- Symlinking: /home/ambroise/hunav_ws/install/hunav_gazebo_wrapper/share/hunav_gazebo_wrapper//models/aws_robomaker_residential_ChairD_01/model.sdf
-- Symlinking: /home/ambroise/hunav_ws/install/hunav_gazebo_wrapper/share/hunav_gazebo_wrapper//models/aws_robomaker_residential_Chandelier_01/materials/textures/aws_Chandelier_01.png
-- Symlinking: /home/ambroise/hunav_ws/install/hunav_gazebo_wrapper/share/hunav_gazebo_wrapper//models/aws_robomaker_residential_Chandelier_01/meshes/aws_Chandelier_01.DAE
-- Symlinking: /home/ambroise/hunav_ws/install/hunav_gazebo_wrapper/share/hunav_gazebo_wrapper//models/aws_robomaker_residential_Chandelier_01/meshes/aws_Chandelier_01_collision.DAE
-- Symlinking: /home/ambroise/hunav_ws/install/hunav_gazebo_wrapper/share/hunav_gazebo_wrapper//models/aws_robomaker_residential_Chandelier_01/meshes/aws_Chandelier_01_visual.DAE
-- Symlinking: /home/ambroise/hunav_ws/install/hunav_gazebo_wrapper/share/hunav_gazebo_wrapper//models/aws_robomaker_residential_Chandelier_01/model.config
-- Symlinking: /home/ambroise/hunav_ws/install/hunav_gazebo_wrapper/share/hunav_gazebo_wrapper//models/aws_robomaker_residential_Chandelier_01/model.sdf
-- Symlinking: /home/ambroise/hunav_ws/install/hunav_gazebo_wrapper/share/hunav_gazebo_wrapper//models/aws_robomaker_residential_CoffeeTable_01/materials/textures/aws_CoffeeTable_01.png
-- Symlinking: /home/ambroise/hunav_ws/install/hunav_gazebo_wrapper/share/hunav_gazebo_wrapper//models/aws_robomaker_residential_CoffeeTable_01/meshes/aws_CoffeeTable_01_collision.DAE
-- Symlinking: /home/ambroise/hunav_ws/install/hunav_gazebo_wrapper/share/hunav_gazebo_wrapper//models/aws_robomaker_residential_CoffeeTable_01/meshes/aws_CoffeeTable_01_visual.DAE
-- Symlinking: /home/ambroise/hunav_ws/install/hunav_gazebo_wrapper/share/hunav_gazebo_wrapper//models/aws_robomaker_residential_CoffeeTable_01/model.config
-- Symlinking: /home/ambroise/hunav_ws/install/hunav_gazebo_wrapper/share/hunav_gazebo_wrapper//models/aws_robomaker_residential_CoffeeTable_01/model.sdf
-- Symlinking: /home/ambroise/hunav_ws/install/hunav_gazebo_wrapper/share/hunav_gazebo_wrapper//models/aws_robomaker_residential_CookingBench_01/materials/textures/aws_CookingBench_01.png
-- Symlinking: /home/ambroise/hunav_ws/install/hunav_gazebo_wrapper/share/hunav_gazebo_wrapper//models/aws_robomaker_residential_CookingBench_01/meshes/aws_CookingBench_01.DAE
-- Symlinking: /home/ambroise/hunav_ws/install/hunav_gazebo_wrapper/share/hunav_gazebo_wrapper//models/aws_robomaker_residential_CookingBench_01/meshes/aws_CookingBench_01_collision.DAE
-- Symlinking: /home/ambroise/hunav_ws/install/hunav_gazebo_wrapper/share/hunav_gazebo_wrapper//models/aws_robomaker_residential_CookingBench_01/meshes/aws_CookingBench_01_visual.DAE
-- Symlinking: /home/ambroise/hunav_ws/install/hunav_gazebo_wrapper/share/hunav_gazebo_wrapper//models/aws_robomaker_residential_CookingBench_01/model.config
-- Symlinking: /home/ambroise/hunav_ws/install/hunav_gazebo_wrapper/share/hunav_gazebo_wrapper//models/aws_robomaker_residential_CookingBench_01/model.sdf
-- Symlinking: /home/ambroise/hunav_ws/install/hunav_gazebo_wrapper/share/hunav_gazebo_wrapper//models/aws_robomaker_residential_Curtain_01/materials/textures/aws_Curtain_01.png
-- Symlinking: /home/ambroise/hunav_ws/install/hunav_gazebo_wrapper/share/hunav_gazebo_wrapper//models/aws_robomaker_residential_Curtain_01/meshes/aws_Curtain_01_collision.DAE
-- Symlinking: /home/ambroise/hunav_ws/install/hunav_gazebo_wrapper/share/hunav_gazebo_wrapper//models/aws_robomaker_residential_Curtain_01/meshes/aws_Curtain_01_visual.DAE
-- Symlinking: /home/ambroise/hunav_ws/install/hunav_gazebo_wrapper/share/hunav_gazebo_wrapper//models/aws_robomaker_residential_Curtain_01/model.config
-- Symlinking: /home/ambroise/hunav_ws/install/hunav_gazebo_wrapper/share/hunav_gazebo_wrapper//models/aws_robomaker_residential_Curtain_01/model.sdf
-- Symlinking: /home/ambroise/hunav_ws/install/hunav_gazebo_wrapper/share/hunav_gazebo_wrapper//models/aws_robomaker_residential_DeskPortraitA_01/materials/textures/DeskPortraitA_01.jpg
-- Symlinking: /home/ambroise/hunav_ws/install/hunav_gazebo_wrapper/share/hunav_gazebo_wrapper//models/aws_robomaker_residential_DeskPortraitA_01/materials/textures/aws_DeskPortraitA_01.png
-- Symlinking: /home/ambroise/hunav_ws/install/hunav_gazebo_wrapper/share/hunav_gazebo_wrapper//models/aws_robomaker_residential_DeskPortraitA_01/materials/textures/aws_DeskPortraitA_02.png
-- Symlinking: /home/ambroise/hunav_ws/install/hunav_gazebo_wrapper/share/hunav_gazebo_wrapper//models/aws_robomaker_residential_DeskPortraitA_01/meshes/aws_DeskPortraitA_01_collision.DAE
-- Symlinking: /home/ambroise/hunav_ws/install/hunav_gazebo_wrapper/share/hunav_gazebo_wrapper//models/aws_robomaker_residential_DeskPortraitA_01/meshes/aws_DeskPortraitA_01_visual.DAE
-- Symlinking: /home/ambroise/hunav_ws/install/hunav_gazebo_wrapper/share/hunav_gazebo_wrapper//models/aws_robomaker_residential_DeskPortraitA_01/model.config
-- Symlinking: /home/ambroise/hunav_ws/install/hunav_gazebo_wrapper/share/hunav_gazebo_wrapper//models/aws_robomaker_residential_DeskPortraitA_01/model.sdf
-- Symlinking: /home/ambroise/hunav_ws/install/hunav_gazebo_wrapper/share/hunav_gazebo_wrapper//models/aws_robomaker_residential_DeskPortraitA_02/materials/textures/DeskPortraitA_02.jpg
-- Symlinking: /home/ambroise/hunav_ws/install/hunav_gazebo_wrapper/share/hunav_gazebo_wrapper//models/aws_robomaker_residential_DeskPortraitA_02/materials/textures/aws_DeskPortraitA_01.png
-- Symlinking: /home/ambroise/hunav_ws/install/hunav_gazebo_wrapper/share/hunav_gazebo_wrapper//models/aws_robomaker_residential_DeskPortraitA_02/materials/textures/aws_DeskPortraitA_02.png
-- Symlinking: /home/ambroise/hunav_ws/install/hunav_gazebo_wrapper/share/hunav_gazebo_wrapper//models/aws_robomaker_residential_DeskPortraitA_02/meshes/aws_DeskPortraitA_01_collision.DAE
-- Symlinking: /home/ambroise/hunav_ws/install/hunav_gazebo_wrapper/share/hunav_gazebo_wrapper//models/aws_robomaker_residential_DeskPortraitA_02/meshes/aws_DeskPortraitA_01_visual.DAE
-- Symlinking: /home/ambroise/hunav_ws/install/hunav_gazebo_wrapper/share/hunav_gazebo_wrapper//models/aws_robomaker_residential_DeskPortraitA_02/model.config
-- Symlinking: /home/ambroise/hunav_ws/install/hunav_gazebo_wrapper/share/hunav_gazebo_wrapper//models/aws_robomaker_residential_DeskPortraitA_02/model.sdf
-- Symlinking: /home/ambroise/hunav_ws/install/hunav_gazebo_wrapper/share/hunav_gazebo_wrapper//models/aws_robomaker_residential_DeskPortraitB_01/materials/textures/DeskPortraitB_01.jpg
-- Symlinking: /home/ambroise/hunav_ws/install/hunav_gazebo_wrapper/share/hunav_gazebo_wrapper//models/aws_robomaker_residential_DeskPortraitB_01/materials/textures/aws_DeskPortraitB_01.png
-- Symlinking: /home/ambroise/hunav_ws/install/hunav_gazebo_wrapper/share/hunav_gazebo_wrapper//models/aws_robomaker_residential_DeskPortraitB_01/materials/textures/aws_DeskPortraitB_02.png
-- Symlinking: /home/ambroise/hunav_ws/install/hunav_gazebo_wrapper/share/hunav_gazebo_wrapper//models/aws_robomaker_residential_DeskPortraitB_01/meshes/aws_DeskPortraitB_01_collision.DAE
-- Symlinking: /home/ambroise/hunav_ws/install/hunav_gazebo_wrapper/share/hunav_gazebo_wrapper//models/aws_robomaker_residential_DeskPortraitB_01/meshes/aws_DeskPortraitB_01_visual.DAE
-- Symlinking: /home/ambroise/hunav_ws/install/hunav_gazebo_wrapper/share/hunav_gazebo_wrapper//models/aws_robomaker_residential_DeskPortraitB_01/model.config
-- Symlinking: /home/ambroise/hunav_ws/install/hunav_gazebo_wrapper/share/hunav_gazebo_wrapper//models/aws_robomaker_residential_DeskPortraitB_01/model.sdf
-- Symlinking: /home/ambroise/hunav_ws/install/hunav_gazebo_wrapper/share/hunav_gazebo_wrapper//models/aws_robomaker_residential_DeskPortraitB_02/materials/textures/DeskPortraitB_02.jpg
-- Symlinking: /home/ambroise/hunav_ws/install/hunav_gazebo_wrapper/share/hunav_gazebo_wrapper//models/aws_robomaker_residential_DeskPortraitB_02/materials/textures/aws_DeskPortraitB_01.png
-- Symlinking: /home/ambroise/hunav_ws/install/hunav_gazebo_wrapper/share/hunav_gazebo_wrapper//models/aws_robomaker_residential_DeskPortraitB_02/materials/textures/aws_DeskPortraitB_02.png
-- Symlinking: /home/ambroise/hunav_ws/install/hunav_gazebo_wrapper/share/hunav_gazebo_wrapper//models/aws_robomaker_residential_DeskPortraitB_02/meshes/aws_DeskPortraitB_01_collision.DAE
-- Symlinking: /home/ambroise/hunav_ws/install/hunav_gazebo_wrapper/share/hunav_gazebo_wrapper//models/aws_robomaker_residential_DeskPortraitB_02/meshes/aws_DeskPortraitB_01_visual.DAE
-- Symlinking: /home/ambroise/hunav_ws/install/hunav_gazebo_wrapper/share/hunav_gazebo_wrapper//models/aws_robomaker_residential_DeskPortraitB_02/model.config
-- Symlinking: /home/ambroise/hunav_ws/install/hunav_gazebo_wrapper/share/hunav_gazebo_wrapper//models/aws_robomaker_residential_DeskPortraitB_02/model.sdf
-- Symlinking: /home/ambroise/hunav_ws/install/hunav_gazebo_wrapper/share/hunav_gazebo_wrapper//models/aws_robomaker_residential_DeskPortraitC_01/materials/textures/DeskPortraitC_01.jpg
-- Symlinking: /home/ambroise/hunav_ws/install/hunav_gazebo_wrapper/share/hunav_gazebo_wrapper//models/aws_robomaker_residential_DeskPortraitC_01/materials/textures/aws_DeskPortraitC_01.png
-- Symlinking: /home/ambroise/hunav_ws/install/hunav_gazebo_wrapper/share/hunav_gazebo_wrapper//models/aws_robomaker_residential_DeskPortraitC_01/materials/textures/aws_DeskPortraitC_02.png
-- Symlinking: /home/ambroise/hunav_ws/install/hunav_gazebo_wrapper/share/hunav_gazebo_wrapper//models/aws_robomaker_residential_DeskPortraitC_01/meshes/aws_DeskPortraitC_01_collision.DAE
-- Symlinking: /home/ambroise/hunav_ws/install/hunav_gazebo_wrapper/share/hunav_gazebo_wrapper//models/aws_robomaker_residential_DeskPortraitC_01/meshes/aws_DeskPortraitC_01_visual.DAE
-- Symlinking: /home/ambroise/hunav_ws/install/hunav_gazebo_wrapper/share/hunav_gazebo_wrapper//models/aws_robomaker_residential_DeskPortraitC_01/model.config
-- Symlinking: /home/ambroise/hunav_ws/install/hunav_gazebo_wrapper/share/hunav_gazebo_wrapper//models/aws_robomaker_residential_DeskPortraitC_01/model.sdf
-- Symlinking: /home/ambroise/hunav_ws/install/hunav_gazebo_wrapper/share/hunav_gazebo_wrapper//models/aws_robomaker_residential_DeskPortraitC_02/materials/textures/DeskPortraitC_02.jpg
-- Symlinking: /home/ambroise/hunav_ws/install/hunav_gazebo_wrapper/share/hunav_gazebo_wrapper//models/aws_robomaker_residential_DeskPortraitC_02/materials/textures/aws_DeskPortraitC_01.png
-- Symlinking: /home/ambroise/hunav_ws/install/hunav_gazebo_wrapper/share/hunav_gazebo_wrapper//models/aws_robomaker_residential_DeskPortraitC_02/materials/textures/aws_DeskPortraitC_02.png
-- Symlinking: /home/ambroise/hunav_ws/install/hunav_gazebo_wrapper/share/hunav_gazebo_wrapper//models/aws_robomaker_residential_DeskPortraitC_02/meshes/aws_DeskPortraitC_01_collision.DAE
-- Symlinking: /home/ambroise/hunav_ws/install/hunav_gazebo_wrapper/share/hunav_gazebo_wrapper//models/aws_robomaker_residential_DeskPortraitC_02/meshes/aws_DeskPortraitC_01_visual.DAE
-- Symlinking: /home/ambroise/hunav_ws/install/hunav_gazebo_wrapper/share/hunav_gazebo_wrapper//models/aws_robomaker_residential_DeskPortraitC_02/model.config
-- Symlinking: /home/ambroise/hunav_ws/install/hunav_gazebo_wrapper/share/hunav_gazebo_wrapper//models/aws_robomaker_residential_DeskPortraitC_02/model.sdf
-- Symlinking: /home/ambroise/hunav_ws/install/hunav_gazebo_wrapper/share/hunav_gazebo_wrapper//models/aws_robomaker_residential_DeskPortraitD_01/materials/textures/DeskPortraitD_01.jpg
-- Symlinking: /home/ambroise/hunav_ws/install/hunav_gazebo_wrapper/share/hunav_gazebo_wrapper//models/aws_robomaker_residential_DeskPortraitD_01/materials/textures/aws_DeskPortraitD_01.png
-- Symlinking: /home/ambroise/hunav_ws/install/hunav_gazebo_wrapper/share/hunav_gazebo_wrapper//models/aws_robomaker_residential_DeskPortraitD_01/materials/textures/aws_DeskPortraitD_02.png
-- Symlinking: /home/ambroise/hunav_ws/install/hunav_gazebo_wrapper/share/hunav_gazebo_wrapper//models/aws_robomaker_residential_DeskPortraitD_01/meshes/aws_DeskPortraitD_01_collision.DAE
-- Symlinking: /home/ambroise/hunav_ws/install/hunav_gazebo_wrapper/share/hunav_gazebo_wrapper//models/aws_robomaker_residential_DeskPortraitD_01/meshes/aws_DeskPortraitD_01_visual.DAE
-- Symlinking: /home/ambroise/hunav_ws/install/hunav_gazebo_wrapper/share/hunav_gazebo_wrapper//models/aws_robomaker_residential_DeskPortraitD_01/model.config
-- Symlinking: /home/ambroise/hunav_ws/install/hunav_gazebo_wrapper/share/hunav_gazebo_wrapper//models/aws_robomaker_residential_DeskPortraitD_01/model.sdf
-- Symlinking: /home/ambroise/hunav_ws/install/hunav_gazebo_wrapper/share/hunav_gazebo_wrapper//models/aws_robomaker_residential_DeskPortraitD_02/materials/textures/DeskPortraitD_02.jpg
-- Symlinking: /home/ambroise/hunav_ws/install/hunav_gazebo_wrapper/share/hunav_gazebo_wrapper//models/aws_robomaker_residential_DeskPortraitD_02/materials/textures/aws_DeskPortraitD_01.png
-- Symlinking: /home/ambroise/hunav_ws/install/hunav_gazebo_wrapper/share/hunav_gazebo_wrapper//models/aws_robomaker_residential_DeskPortraitD_02/materials/textures/aws_DeskPortraitD_02.png
-- Symlinking: /home/ambroise/hunav_ws/install/hunav_gazebo_wrapper/share/hunav_gazebo_wrapper//models/aws_robomaker_residential_DeskPortraitD_02/meshes/aws_DeskPortraitD_01_collision.DAE
-- Symlinking: /home/ambroise/hunav_ws/install/hunav_gazebo_wrapper/share/hunav_gazebo_wrapper//models/aws_robomaker_residential_DeskPortraitD_02/meshes/aws_DeskPortraitD_01_visual.DAE
-- Symlinking: /home/ambroise/hunav_ws/install/hunav_gazebo_wrapper/share/hunav_gazebo_wrapper//models/aws_robomaker_residential_DeskPortraitD_02/model.config
-- Symlinking: /home/ambroise/hunav_ws/install/hunav_gazebo_wrapper/share/hunav_gazebo_wrapper//models/aws_robomaker_residential_DeskPortraitD_02/model.sdf
-- Symlinking: /home/ambroise/hunav_ws/install/hunav_gazebo_wrapper/share/hunav_gazebo_wrapper//models/aws_robomaker_residential_DeskPortraitD_03/materials/textures/DeskPortraitD_03.jpg
-- Symlinking: /home/ambroise/hunav_ws/install/hunav_gazebo_wrapper/share/hunav_gazebo_wrapper//models/aws_robomaker_residential_DeskPortraitD_03/materials/textures/aws_DeskPortraitD_01.png
-- Symlinking: /home/ambroise/hunav_ws/install/hunav_gazebo_wrapper/share/hunav_gazebo_wrapper//models/aws_robomaker_residential_DeskPortraitD_03/materials/textures/aws_DeskPortraitD_02.png
-- Symlinking: /home/ambroise/hunav_ws/install/hunav_gazebo_wrapper/share/hunav_gazebo_wrapper//models/aws_robomaker_residential_DeskPortraitD_03/meshes/aws_DeskPortraitD_01_collision.DAE
-- Symlinking: /home/ambroise/hunav_ws/install/hunav_gazebo_wrapper/share/hunav_gazebo_wrapper//models/aws_robomaker_residential_DeskPortraitD_03/meshes/aws_DeskPortraitD_01_visual.DAE
-- Symlinking: /home/ambroise/hunav_ws/install/hunav_gazebo_wrapper/share/hunav_gazebo_wrapper//models/aws_robomaker_residential_DeskPortraitD_03/model.config
-- Symlinking: /home/ambroise/hunav_ws/install/hunav_gazebo_wrapper/share/hunav_gazebo_wrapper//models/aws_robomaker_residential_DeskPortraitD_03/model.sdf
-- Symlinking: /home/ambroise/hunav_ws/install/hunav_gazebo_wrapper/share/hunav_gazebo_wrapper//models/aws_robomaker_residential_DeskPortraitD_04/materials/textures/DeskPortraitD_04.jpg
-- Symlinking: /home/ambroise/hunav_ws/install/hunav_gazebo_wrapper/share/hunav_gazebo_wrapper//models/aws_robomaker_residential_DeskPortraitD_04/materials/textures/aws_DeskPortraitD_01.png
-- Symlinking: /home/ambroise/hunav_ws/install/hunav_gazebo_wrapper/share/hunav_gazebo_wrapper//models/aws_robomaker_residential_DeskPortraitD_04/materials/textures/aws_DeskPortraitD_02.png
-- Symlinking: /home/ambroise/hunav_ws/install/hunav_gazebo_wrapper/share/hunav_gazebo_wrapper//models/aws_robomaker_residential_DeskPortraitD_04/meshes/aws_DeskPortraitD_01_collision.DAE
-- Symlinking: /home/ambroise/hunav_ws/install/hunav_gazebo_wrapper/share/hunav_gazebo_wrapper//models/aws_robomaker_residential_DeskPortraitD_04/meshes/aws_DeskPortraitD_01_visual.DAE
-- Symlinking: /home/ambroise/hunav_ws/install/hunav_gazebo_wrapper/share/hunav_gazebo_wrapper//models/aws_robomaker_residential_DeskPortraitD_04/model.config
-- Symlinking: /home/ambroise/hunav_ws/install/hunav_gazebo_wrapper/share/hunav_gazebo_wrapper//models/aws_robomaker_residential_DeskPortraitD_04/model.sdf
-- Symlinking: /home/ambroise/hunav_ws/install/hunav_gazebo_wrapper/share/hunav_gazebo_wrapper//models/aws_robomaker_residential_Door_01/materials/textures/aws_Door_01.png
-- Symlinking: /home/ambroise/hunav_ws/install/hunav_gazebo_wrapper/share/hunav_gazebo_wrapper//models/aws_robomaker_residential_Door_01/meshes/aws_Door_01_collision.DAE
-- Symlinking: /home/ambroise/hunav_ws/install/hunav_gazebo_wrapper/share/hunav_gazebo_wrapper//models/aws_robomaker_residential_Door_01/meshes/aws_Door_01_visual.DAE
-- Symlinking: /home/ambroise/hunav_ws/install/hunav_gazebo_wrapper/share/hunav_gazebo_wrapper//models/aws_robomaker_residential_Door_01/model.config
-- Symlinking: /home/ambroise/hunav_ws/install/hunav_gazebo_wrapper/share/hunav_gazebo_wrapper//models/aws_robomaker_residential_Door_01/model.sdf
-- Symlinking: /home/ambroise/hunav_ws/install/hunav_gazebo_wrapper/share/hunav_gazebo_wrapper//models/aws_robomaker_residential_Dumbbell_01/materials/textures/aws_Dumbbell_01.png
-- Symlinking: /home/ambroise/hunav_ws/install/hunav_gazebo_wrapper/share/hunav_gazebo_wrapper//models/aws_robomaker_residential_Dumbbell_01/meshes/aws_Dumbbell_01_collision.DAE
-- Symlinking: /home/ambroise/hunav_ws/install/hunav_gazebo_wrapper/share/hunav_gazebo_wrapper//models/aws_robomaker_residential_Dumbbell_01/meshes/aws_Dumbbell_01_visual.DAE
-- Symlinking: /home/ambroise/hunav_ws/install/hunav_gazebo_wrapper/share/hunav_gazebo_wrapper//models/aws_robomaker_residential_Dumbbell_01/model.config
-- Symlinking: /home/ambroise/hunav_ws/install/hunav_gazebo_wrapper/share/hunav_gazebo_wrapper//models/aws_robomaker_residential_Dumbbell_01/model.sdf
-- Symlinking: /home/ambroise/hunav_ws/install/hunav_gazebo_wrapper/share/hunav_gazebo_wrapper//models/aws_robomaker_residential_FitnessEquipment_01/materials/textures/aws_FitnessEquipment_01.png
-- Symlinking: /home/ambroise/hunav_ws/install/hunav_gazebo_wrapper/share/hunav_gazebo_wrapper//models/aws_robomaker_residential_FitnessEquipment_01/meshes/aws_FitnessEquipment_01_collision.DAE
-- Symlinking: /home/ambroise/hunav_ws/install/hunav_gazebo_wrapper/share/hunav_gazebo_wrapper//models/aws_robomaker_residential_FitnessEquipment_01/meshes/aws_FitnessEquipment_01_visual.DAE
-- Symlinking: /home/ambroise/hunav_ws/install/hunav_gazebo_wrapper/share/hunav_gazebo_wrapper//models/aws_robomaker_residential_FitnessEquipment_01/model.config
-- Symlinking: /home/ambroise/hunav_ws/install/hunav_gazebo_wrapper/share/hunav_gazebo_wrapper//models/aws_robomaker_residential_FitnessEquipment_01/model.sdf
-- Symlinking: /home/ambroise/hunav_ws/install/hunav_gazebo_wrapper/share/hunav_gazebo_wrapper//models/aws_robomaker_residential_FloorB_01/materials/textures/aws_FloorB_01.png
-- Symlinking: /home/ambroise/hunav_ws/install/hunav_gazebo_wrapper/share/hunav_gazebo_wrapper//models/aws_robomaker_residential_FloorB_01/meshes/aws_FloorB_01_collision.DAE
-- Symlinking: /home/ambroise/hunav_ws/install/hunav_gazebo_wrapper/share/hunav_gazebo_wrapper//models/aws_robomaker_residential_FloorB_01/meshes/aws_FloorB_01_visual.DAE
-- Symlinking: /home/ambroise/hunav_ws/install/hunav_gazebo_wrapper/share/hunav_gazebo_wrapper//models/aws_robomaker_residential_FloorB_01/model.config
-- Symlinking: /home/ambroise/hunav_ws/install/hunav_gazebo_wrapper/share/hunav_gazebo_wrapper//models/aws_robomaker_residential_FloorB_01/model.sdf
-- Symlinking: /home/ambroise/hunav_ws/install/hunav_gazebo_wrapper/share/hunav_gazebo_wrapper//models/aws_robomaker_residential_FoldingDoor_01/materials/textures/aws_FoldingDoor_01.png
-- Symlinking: /home/ambroise/hunav_ws/install/hunav_gazebo_wrapper/share/hunav_gazebo_wrapper//models/aws_robomaker_residential_FoldingDoor_01/meshes/aws_FoldingDoor_01_collision.DAE
-- Symlinking: /home/ambroise/hunav_ws/install/hunav_gazebo_wrapper/share/hunav_gazebo_wrapper//models/aws_robomaker_residential_FoldingDoor_01/meshes/aws_FoldingDoor_01_visual.DAE
-- Symlinking: /home/ambroise/hunav_ws/install/hunav_gazebo_wrapper/share/hunav_gazebo_wrapper//models/aws_robomaker_residential_FoldingDoor_01/model.config
-- Symlinking: /home/ambroise/hunav_ws/install/hunav_gazebo_wrapper/share/hunav_gazebo_wrapper//models/aws_robomaker_residential_FoldingDoor_01/model.sdf
-- Symlinking: /home/ambroise/hunav_ws/install/hunav_gazebo_wrapper/share/hunav_gazebo_wrapper//models/aws_robomaker_residential_FoldingDoor_02/materials/textures/aws_FoldingDoor_02.png
-- Symlinking: /home/ambroise/hunav_ws/install/hunav_gazebo_wrapper/share/hunav_gazebo_wrapper//models/aws_robomaker_residential_FoldingDoor_02/meshes/aws_FoldingDoor_02_collision.DAE
-- Symlinking: /home/ambroise/hunav_ws/install/hunav_gazebo_wrapper/share/hunav_gazebo_wrapper//models/aws_robomaker_residential_FoldingDoor_02/meshes/aws_FoldingDoor_02_visual.DAE
-- Symlinking: /home/ambroise/hunav_ws/install/hunav_gazebo_wrapper/share/hunav_gazebo_wrapper//models/aws_robomaker_residential_FoldingDoor_02/model.config
-- Symlinking: /home/ambroise/hunav_ws/install/hunav_gazebo_wrapper/share/hunav_gazebo_wrapper//models/aws_robomaker_residential_FoldingDoor_02/model.sdf
-- Symlinking: /home/ambroise/hunav_ws/install/hunav_gazebo_wrapper/share/hunav_gazebo_wrapper//models/aws_robomaker_residential_Handle_01/materials/textures/aws_Handle_01.png
-- Symlinking: /home/ambroise/hunav_ws/install/hunav_gazebo_wrapper/share/hunav_gazebo_wrapper//models/aws_robomaker_residential_Handle_01/meshes/aws_Handle_01_collision.DAE
-- Symlinking: /home/ambroise/hunav_ws/install/hunav_gazebo_wrapper/share/hunav_gazebo_wrapper//models/aws_robomaker_residential_Handle_01/meshes/aws_Handle_01_visual.DAE
-- Symlinking: /home/ambroise/hunav_ws/install/hunav_gazebo_wrapper/share/hunav_gazebo_wrapper//models/aws_robomaker_residential_Handle_01/model.config
-- Symlinking: /home/ambroise/hunav_ws/install/hunav_gazebo_wrapper/share/hunav_gazebo_wrapper//models/aws_robomaker_residential_Handle_01/model.sdf
-- Symlinking: /home/ambroise/hunav_ws/install/hunav_gazebo_wrapper/share/hunav_gazebo_wrapper//models/aws_robomaker_residential_HouseWallB_01/materials/textures/aws_HouseWallB_01.png
-- Symlinking: /home/ambroise/hunav_ws/install/hunav_gazebo_wrapper/share/hunav_gazebo_wrapper//models/aws_robomaker_residential_HouseWallB_01/meshes/aws_HouseWallB_01_collision.DAE
-- Symlinking: /home/ambroise/hunav_ws/install/hunav_gazebo_wrapper/share/hunav_gazebo_wrapper//models/aws_robomaker_residential_HouseWallB_01/meshes/aws_HouseWallB_01_visual.DAE
-- Symlinking: /home/ambroise/hunav_ws/install/hunav_gazebo_wrapper/share/hunav_gazebo_wrapper//models/aws_robomaker_residential_HouseWallB_01/model.config
-- Symlinking: /home/ambroise/hunav_ws/install/hunav_gazebo_wrapper/share/hunav_gazebo_wrapper//models/aws_robomaker_residential_HouseWallB_01/model.sdf
-- Symlinking: /home/ambroise/hunav_ws/install/hunav_gazebo_wrapper/share/hunav_gazebo_wrapper//models/aws_robomaker_residential_KitchenCabinet_01/materials/textures/aws_KitchenCabinet_01.png
-- Symlinking: /home/ambroise/hunav_ws/install/hunav_gazebo_wrapper/share/hunav_gazebo_wrapper//models/aws_robomaker_residential_KitchenCabinet_01/meshes/aws_KitchenCabinet_01_collision.DAE
-- Symlinking: /home/ambroise/hunav_ws/install/hunav_gazebo_wrapper/share/hunav_gazebo_wrapper//models/aws_robomaker_residential_KitchenCabinet_01/meshes/aws_KitchenCabinet_01_visual.DAE
-- Symlinking: /home/ambroise/hunav_ws/install/hunav_gazebo_wrapper/share/hunav_gazebo_wrapper//models/aws_robomaker_residential_KitchenCabinet_01/model.config
-- Symlinking: /home/ambroise/hunav_ws/install/hunav_gazebo_wrapper/share/hunav_gazebo_wrapper//models/aws_robomaker_residential_KitchenCabinet_01/model.sdf
-- Symlinking: /home/ambroise/hunav_ws/install/hunav_gazebo_wrapper/share/hunav_gazebo_wrapper//models/aws_robomaker_residential_KitchenTable_01/materials/textures/aws_KitchenTable_01.png
-- Symlinking: /home/ambroise/hunav_ws/install/hunav_gazebo_wrapper/share/hunav_gazebo_wrapper//models/aws_robomaker_residential_KitchenTable_01/meshes/aws_KitchenTable_01_collision.DAE
-- Symlinking: /home/ambroise/hunav_ws/install/hunav_gazebo_wrapper/share/hunav_gazebo_wrapper//models/aws_robomaker_residential_KitchenTable_01/meshes/aws_KitchenTable_01_visual.DAE
-- Symlinking: /home/ambroise/hunav_ws/install/hunav_gazebo_wrapper/share/hunav_gazebo_wrapper//models/aws_robomaker_residential_KitchenTable_01/model.config
-- Symlinking: /home/ambroise/hunav_ws/install/hunav_gazebo_wrapper/share/hunav_gazebo_wrapper//models/aws_robomaker_residential_KitchenTable_01/model.sdf
-- Symlinking: /home/ambroise/hunav_ws/install/hunav_gazebo_wrapper/share/hunav_gazebo_wrapper//models/aws_robomaker_residential_KitchenUtensils_01/materials/textures/aws_KitchenUtensils_01.png
-- Symlinking: /home/ambroise/hunav_ws/install/hunav_gazebo_wrapper/share/hunav_gazebo_wrapper//models/aws_robomaker_residential_KitchenUtensils_01/meshes/aws_KitchenUtensils_01_collision.DAE
-- Symlinking: /home/ambroise/hunav_ws/install/hunav_gazebo_wrapper/share/hunav_gazebo_wrapper//models/aws_robomaker_residential_KitchenUtensils_01/meshes/aws_KitchenUtensils_01_visual.DAE
-- Symlinking: /home/ambroise/hunav_ws/install/hunav_gazebo_wrapper/share/hunav_gazebo_wrapper//models/aws_robomaker_residential_KitchenUtensils_01/model.config
-- Symlinking: /home/ambroise/hunav_ws/install/hunav_gazebo_wrapper/share/hunav_gazebo_wrapper//models/aws_robomaker_residential_KitchenUtensils_01/model.sdf
-- Symlinking: /home/ambroise/hunav_ws/install/hunav_gazebo_wrapper/share/hunav_gazebo_wrapper//models/aws_robomaker_residential_LightC_01/materials/textures/aws_LightC_01.png
-- Symlinking: /home/ambroise/hunav_ws/install/hunav_gazebo_wrapper/share/hunav_gazebo_wrapper//models/aws_robomaker_residential_LightC_01/meshes/aws_LightC_01_collision.DAE
-- Symlinking: /home/ambroise/hunav_ws/install/hunav_gazebo_wrapper/share/hunav_gazebo_wrapper//models/aws_robomaker_residential_LightC_01/meshes/aws_LightC_01_visual.DAE
-- Symlinking: /home/ambroise/hunav_ws/install/hunav_gazebo_wrapper/share/hunav_gazebo_wrapper//models/aws_robomaker_residential_LightC_01/model.config
-- Symlinking: /home/ambroise/hunav_ws/install/hunav_gazebo_wrapper/share/hunav_gazebo_wrapper//models/aws_robomaker_residential_LightC_01/model.sdf
-- Symlinking: /home/ambroise/hunav_ws/install/hunav_gazebo_wrapper/share/hunav_gazebo_wrapper//models/aws_robomaker_residential_NightStand_01/materials/textures/aws_NightStand_01.png
-- Symlinking: /home/ambroise/hunav_ws/install/hunav_gazebo_wrapper/share/hunav_gazebo_wrapper//models/aws_robomaker_residential_NightStand_01/meshes/aws_NightStand_01_collision.DAE
-- Symlinking: /home/ambroise/hunav_ws/install/hunav_gazebo_wrapper/share/hunav_gazebo_wrapper//models/aws_robomaker_residential_NightStand_01/meshes/aws_NightStand_01_visual.DAE
-- Symlinking: /home/ambroise/hunav_ws/install/hunav_gazebo_wrapper/share/hunav_gazebo_wrapper//models/aws_robomaker_residential_NightStand_01/model.config
-- Symlinking: /home/ambroise/hunav_ws/install/hunav_gazebo_wrapper/share/hunav_gazebo_wrapper//models/aws_robomaker_residential_NightStand_01/model.sdf
-- Symlinking: /home/ambroise/hunav_ws/install/hunav_gazebo_wrapper/share/hunav_gazebo_wrapper//models/aws_robomaker_residential_Pillow_01/materials/textures/aws_Pillow_01.png
-- Symlinking: /home/ambroise/hunav_ws/install/hunav_gazebo_wrapper/share/hunav_gazebo_wrapper//models/aws_robomaker_residential_Pillow_01/meshes/aws_Pillow_01_collision.DAE
-- Symlinking: /home/ambroise/hunav_ws/install/hunav_gazebo_wrapper/share/hunav_gazebo_wrapper//models/aws_robomaker_residential_Pillow_01/meshes/aws_Pillow_01_visual.DAE
-- Symlinking: /home/ambroise/hunav_ws/install/hunav_gazebo_wrapper/share/hunav_gazebo_wrapper//models/aws_robomaker_residential_Pillow_01/model.config
-- Symlinking: /home/ambroise/hunav_ws/install/hunav_gazebo_wrapper/share/hunav_gazebo_wrapper//models/aws_robomaker_residential_Pillow_01/model.sdf
-- Symlinking: /home/ambroise/hunav_ws/install/hunav_gazebo_wrapper/share/hunav_gazebo_wrapper//models/aws_robomaker_residential_PortraitA_01/materials/textures/PortraitA_01.jpg
-- Symlinking: /home/ambroise/hunav_ws/install/hunav_gazebo_wrapper/share/hunav_gazebo_wrapper//models/aws_robomaker_residential_PortraitA_01/materials/textures/aws_PortraitA_01.png
-- Symlinking: /home/ambroise/hunav_ws/install/hunav_gazebo_wrapper/share/hunav_gazebo_wrapper//models/aws_robomaker_residential_PortraitA_01/materials/textures/aws_PortraitA_02.png
-- Symlinking: /home/ambroise/hunav_ws/install/hunav_gazebo_wrapper/share/hunav_gazebo_wrapper//models/aws_robomaker_residential_PortraitA_01/meshes/aws_PortraitA_01_collision.DAE
-- Symlinking: /home/ambroise/hunav_ws/install/hunav_gazebo_wrapper/share/hunav_gazebo_wrapper//models/aws_robomaker_residential_PortraitA_01/meshes/aws_PortraitA_01_visual.DAE
-- Symlinking: /home/ambroise/hunav_ws/install/hunav_gazebo_wrapper/share/hunav_gazebo_wrapper//models/aws_robomaker_residential_PortraitA_01/model.config
-- Symlinking: /home/ambroise/hunav_ws/install/hunav_gazebo_wrapper/share/hunav_gazebo_wrapper//models/aws_robomaker_residential_PortraitA_01/model.sdf
-- Symlinking: /home/ambroise/hunav_ws/install/hunav_gazebo_wrapper/share/hunav_gazebo_wrapper//models/aws_robomaker_residential_PortraitA_02/materials/textures/PortraitA_02.jpg
-- Symlinking: /home/ambroise/hunav_ws/install/hunav_gazebo_wrapper/share/hunav_gazebo_wrapper//models/aws_robomaker_residential_PortraitA_02/materials/textures/aws_PortraitA_01.png
-- Symlinking: /home/ambroise/hunav_ws/install/hunav_gazebo_wrapper/share/hunav_gazebo_wrapper//models/aws_robomaker_residential_PortraitA_02/materials/textures/aws_PortraitA_02.png
-- Symlinking: /home/ambroise/hunav_ws/install/hunav_gazebo_wrapper/share/hunav_gazebo_wrapper//models/aws_robomaker_residential_PortraitA_02/meshes/aws_PortraitA_01_collision.DAE
-- Symlinking: /home/ambroise/hunav_ws/install/hunav_gazebo_wrapper/share/hunav_gazebo_wrapper//models/aws_robomaker_residential_PortraitA_02/meshes/aws_PortraitA_01_visual.DAE
-- Symlinking: /home/ambroise/hunav_ws/install/hunav_gazebo_wrapper/share/hunav_gazebo_wrapper//models/aws_robomaker_residential_PortraitA_02/model.config
-- Symlinking: /home/ambroise/hunav_ws/install/hunav_gazebo_wrapper/share/hunav_gazebo_wrapper//models/aws_robomaker_residential_PortraitA_02/model.sdf
-- Symlinking: /home/ambroise/hunav_ws/install/hunav_gazebo_wrapper/share/hunav_gazebo_wrapper//models/aws_robomaker_residential_PortraitB_01/materials/textures/PortraitB_01.jpg
-- Symlinking: /home/ambroise/hunav_ws/install/hunav_gazebo_wrapper/share/hunav_gazebo_wrapper//models/aws_robomaker_residential_PortraitB_01/materials/textures/aws_PortraitB_01.png
-- Symlinking: /home/ambroise/hunav_ws/install/hunav_gazebo_wrapper/share/hunav_gazebo_wrapper//models/aws_robomaker_residential_PortraitB_01/materials/textures/aws_PortraitB_02.png
-- Symlinking: /home/ambroise/hunav_ws/install/hunav_gazebo_wrapper/share/hunav_gazebo_wrapper//models/aws_robomaker_residential_PortraitB_01/meshes/aws_PortraitB_01_collision.DAE
-- Symlinking: /home/ambroise/hunav_ws/install/hunav_gazebo_wrapper/share/hunav_gazebo_wrapper//models/aws_robomaker_residential_PortraitB_01/meshes/aws_PortraitB_01_visual.DAE
-- Symlinking: /home/ambroise/hunav_ws/install/hunav_gazebo_wrapper/share/hunav_gazebo_wrapper//models/aws_robomaker_residential_PortraitB_01/model.config
-- Symlinking: /home/ambroise/hunav_ws/install/hunav_gazebo_wrapper/share/hunav_gazebo_wrapper//models/aws_robomaker_residential_PortraitB_01/model.sdf
-- Symlinking: /home/ambroise/hunav_ws/install/hunav_gazebo_wrapper/share/hunav_gazebo_wrapper//models/aws_robomaker_residential_PortraitB_02/materials/textures/PortraitB_02.jpg
-- Symlinking: /home/ambroise/hunav_ws/install/hunav_gazebo_wrapper/share/hunav_gazebo_wrapper//models/aws_robomaker_residential_PortraitB_02/materials/textures/aws_PortraitB_01.png
-- Symlinking: /home/ambroise/hunav_ws/install/hunav_gazebo_wrapper/share/hunav_gazebo_wrapper//models/aws_robomaker_residential_PortraitB_02/materials/textures/aws_PortraitB_02.png
-- Symlinking: /home/ambroise/hunav_ws/install/hunav_gazebo_wrapper/share/hunav_gazebo_wrapper//models/aws_robomaker_residential_PortraitB_02/meshes/aws_PortraitB_01_collision.DAE
-- Symlinking: /home/ambroise/hunav_ws/install/hunav_gazebo_wrapper/share/hunav_gazebo_wrapper//models/aws_robomaker_residential_PortraitB_02/meshes/aws_PortraitB_01_visual.DAE
-- Symlinking: /home/ambroise/hunav_ws/install/hunav_gazebo_wrapper/share/hunav_gazebo_wrapper//models/aws_robomaker_residential_PortraitB_02/model.config
-- Symlinking: /home/ambroise/hunav_ws/install/hunav_gazebo_wrapper/share/hunav_gazebo_wrapper//models/aws_robomaker_residential_PortraitB_02/model.sdf
-- Symlinking: /home/ambroise/hunav_ws/install/hunav_gazebo_wrapper/share/hunav_gazebo_wrapper//models/aws_robomaker_residential_PortraitB_03/materials/textures/PortraitB_03.jpg
-- Symlinking: /home/ambroise/hunav_ws/install/hunav_gazebo_wrapper/share/hunav_gazebo_wrapper//models/aws_robomaker_residential_PortraitB_03/materials/textures/aws_PortraitB_01.png
-- Symlinking: /home/ambroise/hunav_ws/install/hunav_gazebo_wrapper/share/hunav_gazebo_wrapper//models/aws_robomaker_residential_PortraitB_03/materials/textures/aws_PortraitB_02.png
-- Symlinking: /home/ambroise/hunav_ws/install/hunav_gazebo_wrapper/share/hunav_gazebo_wrapper//models/aws_robomaker_residential_PortraitB_03/meshes/aws_PortraitB_01_collision.DAE
-- Symlinking: /home/ambroise/hunav_ws/install/hunav_gazebo_wrapper/share/hunav_gazebo_wrapper//models/aws_robomaker_residential_PortraitB_03/meshes/aws_PortraitB_01_visual.DAE
-- Symlinking: /home/ambroise/hunav_ws/install/hunav_gazebo_wrapper/share/hunav_gazebo_wrapper//models/aws_robomaker_residential_PortraitB_03/model.config
-- Symlinking: /home/ambroise/hunav_ws/install/hunav_gazebo_wrapper/share/hunav_gazebo_wrapper//models/aws_robomaker_residential_PortraitB_03/model.sdf
-- Symlinking: /home/ambroise/hunav_ws/install/hunav_gazebo_wrapper/share/hunav_gazebo_wrapper//models/aws_robomaker_residential_PortraitC_01/materials/textures/PortraitC_01.jpg
-- Symlinking: /home/ambroise/hunav_ws/install/hunav_gazebo_wrapper/share/hunav_gazebo_wrapper//models/aws_robomaker_residential_PortraitC_01/materials/textures/aws_PortraitC_01.png
-- Symlinking: /home/ambroise/hunav_ws/install/hunav_gazebo_wrapper/share/hunav_gazebo_wrapper//models/aws_robomaker_residential_PortraitC_01/materials/textures/aws_PortraitC_02.png
-- Symlinking: /home/ambroise/hunav_ws/install/hunav_gazebo_wrapper/share/hunav_gazebo_wrapper//models/aws_robomaker_residential_PortraitC_01/meshes/aws_PortraitC_01_collision.DAE
-- Symlinking: /home/ambroise/hunav_ws/install/hunav_gazebo_wrapper/share/hunav_gazebo_wrapper//models/aws_robomaker_residential_PortraitC_01/meshes/aws_PortraitC_01_visual.DAE
-- Symlinking: /home/ambroise/hunav_ws/install/hunav_gazebo_wrapper/share/hunav_gazebo_wrapper//models/aws_robomaker_residential_PortraitC_01/model.config
-- Symlinking: /home/ambroise/hunav_ws/install/hunav_gazebo_wrapper/share/hunav_gazebo_wrapper//models/aws_robomaker_residential_PortraitC_01/model.sdf
-- Symlinking: /home/ambroise/hunav_ws/install/hunav_gazebo_wrapper/share/hunav_gazebo_wrapper//models/aws_robomaker_residential_PortraitD_01/materials/textures/PortraitD_01.jpg
-- Symlinking: /home/ambroise/hunav_ws/install/hunav_gazebo_wrapper/share/hunav_gazebo_wrapper//models/aws_robomaker_residential_PortraitD_01/materials/textures/aws_PortraitD_01.png
-- Symlinking: /home/ambroise/hunav_ws/install/hunav_gazebo_wrapper/share/hunav_gazebo_wrapper//models/aws_robomaker_residential_PortraitD_01/materials/textures/aws_PortraitD_02.png
-- Symlinking: /home/ambroise/hunav_ws/install/hunav_gazebo_wrapper/share/hunav_gazebo_wrapper//models/aws_robomaker_residential_PortraitD_01/meshes/aws_PortraitD_01_collision.DAE
-- Symlinking: /home/ambroise/hunav_ws/install/hunav_gazebo_wrapper/share/hunav_gazebo_wrapper//models/aws_robomaker_residential_PortraitD_01/meshes/aws_PortraitD_01_visual.DAE
-- Symlinking: /home/ambroise/hunav_ws/install/hunav_gazebo_wrapper/share/hunav_gazebo_wrapper//models/aws_robomaker_residential_PortraitD_01/model.config
-- Symlinking: /home/ambroise/hunav_ws/install/hunav_gazebo_wrapper/share/hunav_gazebo_wrapper//models/aws_robomaker_residential_PortraitD_01/model.sdf
-- Symlinking: /home/ambroise/hunav_ws/install/hunav_gazebo_wrapper/share/hunav_gazebo_wrapper//models/aws_robomaker_residential_PortraitD_02/materials/textures/PortraitD_02.jpg
-- Symlinking: /home/ambroise/hunav_ws/install/hunav_gazebo_wrapper/share/hunav_gazebo_wrapper//models/aws_robomaker_residential_PortraitD_02/materials/textures/aws_PortraitD_01.png
-- Symlinking: /home/ambroise/hunav_ws/install/hunav_gazebo_wrapper/share/hunav_gazebo_wrapper//models/aws_robomaker_residential_PortraitD_02/materials/textures/aws_PortraitD_02.png
-- Symlinking: /home/ambroise/hunav_ws/install/hunav_gazebo_wrapper/share/hunav_gazebo_wrapper//models/aws_robomaker_residential_PortraitD_02/meshes/aws_PortraitD_01_collision.DAE
-- Symlinking: /home/ambroise/hunav_ws/install/hunav_gazebo_wrapper/share/hunav_gazebo_wrapper//models/aws_robomaker_residential_PortraitD_02/meshes/aws_PortraitD_01_visual.DAE
-- Symlinking: /home/ambroise/hunav_ws/install/hunav_gazebo_wrapper/share/hunav_gazebo_wrapper//models/aws_robomaker_residential_PortraitD_02/model.config
-- Symlinking: /home/ambroise/hunav_ws/install/hunav_gazebo_wrapper/share/hunav_gazebo_wrapper//models/aws_robomaker_residential_PortraitD_02/model.sdf
-- Symlinking: /home/ambroise/hunav_ws/install/hunav_gazebo_wrapper/share/hunav_gazebo_wrapper//models/aws_robomaker_residential_PortraitE_01/materials/textures/PortraitE_01.jpg
-- Symlinking: /home/ambroise/hunav_ws/install/hunav_gazebo_wrapper/share/hunav_gazebo_wrapper//models/aws_robomaker_residential_PortraitE_01/materials/textures/aws_PortraitE_01.png
-- Symlinking: /home/ambroise/hunav_ws/install/hunav_gazebo_wrapper/share/hunav_gazebo_wrapper//models/aws_robomaker_residential_PortraitE_01/materials/textures/aws_PortraitE_02.png
-- Symlinking: /home/ambroise/hunav_ws/install/hunav_gazebo_wrapper/share/hunav_gazebo_wrapper//models/aws_robomaker_residential_PortraitE_01/meshes/aws_PortraitE_01_collision.DAE
-- Symlinking: /home/ambroise/hunav_ws/install/hunav_gazebo_wrapper/share/hunav_gazebo_wrapper//models/aws_robomaker_residential_PortraitE_01/meshes/aws_PortraitE_01_visual.DAE
-- Symlinking: /home/ambroise/hunav_ws/install/hunav_gazebo_wrapper/share/hunav_gazebo_wrapper//models/aws_robomaker_residential_PortraitE_01/model.config
-- Symlinking: /home/ambroise/hunav_ws/install/hunav_gazebo_wrapper/share/hunav_gazebo_wrapper//models/aws_robomaker_residential_PortraitE_01/model.sdf
-- Symlinking: /home/ambroise/hunav_ws/install/hunav_gazebo_wrapper/share/hunav_gazebo_wrapper//models/aws_robomaker_residential_PortraitE_02/materials/textures/PortraitE_02.jpg
-- Symlinking: /home/ambroise/hunav_ws/install/hunav_gazebo_wrapper/share/hunav_gazebo_wrapper//models/aws_robomaker_residential_PortraitE_02/materials/textures/aws_PortraitE_01.png
-- Symlinking: /home/ambroise/hunav_ws/install/hunav_gazebo_wrapper/share/hunav_gazebo_wrapper//models/aws_robomaker_residential_PortraitE_02/materials/textures/aws_PortraitE_02.png
-- Symlinking: /home/ambroise/hunav_ws/install/hunav_gazebo_wrapper/share/hunav_gazebo_wrapper//models/aws_robomaker_residential_PortraitE_02/meshes/aws_PortraitE_01_collision.DAE
-- Symlinking: /home/ambroise/hunav_ws/install/hunav_gazebo_wrapper/share/hunav_gazebo_wrapper//models/aws_robomaker_residential_PortraitE_02/meshes/aws_PortraitE_01_visual.DAE
-- Symlinking: /home/ambroise/hunav_ws/install/hunav_gazebo_wrapper/share/hunav_gazebo_wrapper//models/aws_robomaker_residential_PortraitE_02/model.config
-- Symlinking: /home/ambroise/hunav_ws/install/hunav_gazebo_wrapper/share/hunav_gazebo_wrapper//models/aws_robomaker_residential_PortraitE_02/model.sdf
-- Symlinking: /home/ambroise/hunav_ws/install/hunav_gazebo_wrapper/share/hunav_gazebo_wrapper//models/aws_robomaker_residential_Quilt_01/materials/textures/aws_Quilt_01.png
-- Symlinking: /home/ambroise/hunav_ws/install/hunav_gazebo_wrapper/share/hunav_gazebo_wrapper//models/aws_robomaker_residential_Quilt_01/meshes/aws_Quilt_01_collision.DAE
-- Symlinking: /home/ambroise/hunav_ws/install/hunav_gazebo_wrapper/share/hunav_gazebo_wrapper//models/aws_robomaker_residential_Quilt_01/meshes/aws_Quilt_01_visual.DAE
-- Symlinking: /home/ambroise/hunav_ws/install/hunav_gazebo_wrapper/share/hunav_gazebo_wrapper//models/aws_robomaker_residential_Quilt_01/model.config
-- Symlinking: /home/ambroise/hunav_ws/install/hunav_gazebo_wrapper/share/hunav_gazebo_wrapper//models/aws_robomaker_residential_Quilt_01/model.sdf
-- Symlinking: /home/ambroise/hunav_ws/install/hunav_gazebo_wrapper/share/hunav_gazebo_wrapper//models/aws_robomaker_residential_Rangehood_01/materials/textures/aws_Rangehood_01.png
-- Symlinking: /home/ambroise/hunav_ws/install/hunav_gazebo_wrapper/share/hunav_gazebo_wrapper//models/aws_robomaker_residential_Rangehood_01/meshes/aws_Rangehood_01_collision.DAE
-- Symlinking: /home/ambroise/hunav_ws/install/hunav_gazebo_wrapper/share/hunav_gazebo_wrapper//models/aws_robomaker_residential_Rangehood_01/meshes/aws_Rangehood_01_visual.DAE
-- Symlinking: /home/ambroise/hunav_ws/install/hunav_gazebo_wrapper/share/hunav_gazebo_wrapper//models/aws_robomaker_residential_Rangehood_01/model.config
-- Symlinking: /home/ambroise/hunav_ws/install/hunav_gazebo_wrapper/share/hunav_gazebo_wrapper//models/aws_robomaker_residential_Rangehood_01/model.sdf
-- Symlinking: /home/ambroise/hunav_ws/install/hunav_gazebo_wrapper/share/hunav_gazebo_wrapper//models/aws_robomaker_residential_ReadingDesk_01/materials/textures/aws_ReadingDesk_01.png
-- Symlinking: /home/ambroise/hunav_ws/install/hunav_gazebo_wrapper/share/hunav_gazebo_wrapper//models/aws_robomaker_residential_ReadingDesk_01/meshes/aws_ReadingDesk_01_collision.DAE
-- Symlinking: /home/ambroise/hunav_ws/install/hunav_gazebo_wrapper/share/hunav_gazebo_wrapper//models/aws_robomaker_residential_ReadingDesk_01/meshes/aws_ReadingDesk_01_visual.DAE
-- Symlinking: /home/ambroise/hunav_ws/install/hunav_gazebo_wrapper/share/hunav_gazebo_wrapper//models/aws_robomaker_residential_ReadingDesk_01/model.config
-- Symlinking: /home/ambroise/hunav_ws/install/hunav_gazebo_wrapper/share/hunav_gazebo_wrapper//models/aws_robomaker_residential_ReadingDesk_01/model.sdf
-- Symlinking: /home/ambroise/hunav_ws/install/hunav_gazebo_wrapper/share/hunav_gazebo_wrapper//models/aws_robomaker_residential_Refrigerator_01/materials/textures/aws_Refrigerator_01.png
-- Symlinking: /home/ambroise/hunav_ws/install/hunav_gazebo_wrapper/share/hunav_gazebo_wrapper//models/aws_robomaker_residential_Refrigerator_01/materials/textures/aws_Refrigerator_02.png
-- Symlinking: /home/ambroise/hunav_ws/install/hunav_gazebo_wrapper/share/hunav_gazebo_wrapper//models/aws_robomaker_residential_Refrigerator_01/meshes/aws_Refrigerator_01.DAE
-- Symlinking: /home/ambroise/hunav_ws/install/hunav_gazebo_wrapper/share/hunav_gazebo_wrapper//models/aws_robomaker_residential_Refrigerator_01/meshes/aws_Refrigerator_01_collision.DAE
-- Symlinking: /home/ambroise/hunav_ws/install/hunav_gazebo_wrapper/share/hunav_gazebo_wrapper//models/aws_robomaker_residential_Refrigerator_01/meshes/aws_Refrigerator_01_visual.DAE
-- Symlinking: /home/ambroise/hunav_ws/install/hunav_gazebo_wrapper/share/hunav_gazebo_wrapper//models/aws_robomaker_residential_Refrigerator_01/model.config
-- Symlinking: /home/ambroise/hunav_ws/install/hunav_gazebo_wrapper/share/hunav_gazebo_wrapper//models/aws_robomaker_residential_Refrigerator_01/model.sdf
-- Symlinking: /home/ambroise/hunav_ws/install/hunav_gazebo_wrapper/share/hunav_gazebo_wrapper//models/aws_robomaker_residential_RoomCeiling_01/materials/textures/aws_RoomCeiling_01.png
-- Symlinking: /home/ambroise/hunav_ws/install/hunav_gazebo_wrapper/share/hunav_gazebo_wrapper//models/aws_robomaker_residential_RoomCeiling_01/meshes/aws_RoomCeiling_01_collision.DAE
-- Symlinking: /home/ambroise/hunav_ws/install/hunav_gazebo_wrapper/share/hunav_gazebo_wrapper//models/aws_robomaker_residential_RoomCeiling_01/meshes/aws_RoomCeiling_01_visual.DAE
-- Symlinking: /home/ambroise/hunav_ws/install/hunav_gazebo_wrapper/share/hunav_gazebo_wrapper//models/aws_robomaker_residential_RoomCeiling_01/model.config
-- Symlinking: /home/ambroise/hunav_ws/install/hunav_gazebo_wrapper/share/hunav_gazebo_wrapper//models/aws_robomaker_residential_RoomCeiling_01/model.sdf
-- Symlinking: /home/ambroise/hunav_ws/install/hunav_gazebo_wrapper/share/hunav_gazebo_wrapper//models/aws_robomaker_residential_RoomWall_01/materials/textures/aws_RoomWall_01.png
-- Symlinking: /home/ambroise/hunav_ws/install/hunav_gazebo_wrapper/share/hunav_gazebo_wrapper//models/aws_robomaker_residential_RoomWall_01/meshes/aws_RoomWall_01_collision.DAE
-- Symlinking: /home/ambroise/hunav_ws/install/hunav_gazebo_wrapper/share/hunav_gazebo_wrapper//models/aws_robomaker_residential_RoomWall_01/meshes/aws_RoomWall_01_visual.DAE
-- Symlinking: /home/ambroise/hunav_ws/install/hunav_gazebo_wrapper/share/hunav_gazebo_wrapper//models/aws_robomaker_residential_RoomWall_01/model.config
-- Symlinking: /home/ambroise/hunav_ws/install/hunav_gazebo_wrapper/share/hunav_gazebo_wrapper//models/aws_robomaker_residential_RoomWall_01/model.sdf
-- Symlinking: /home/ambroise/hunav_ws/install/hunav_gazebo_wrapper/share/hunav_gazebo_wrapper//models/aws_robomaker_residential_RoomWindow_01/materials/textures/aws_RoomWindow_01.png
-- Symlinking: /home/ambroise/hunav_ws/install/hunav_gazebo_wrapper/share/hunav_gazebo_wrapper//models/aws_robomaker_residential_RoomWindow_01/meshes/aws_RoomWindow_01_collision.DAE
-- Symlinking: /home/ambroise/hunav_ws/install/hunav_gazebo_wrapper/share/hunav_gazebo_wrapper//models/aws_robomaker_residential_RoomWindow_01/meshes/aws_RoomWindow_01_visual.DAE
-- Symlinking: /home/ambroise/hunav_ws/install/hunav_gazebo_wrapper/share/hunav_gazebo_wrapper//models/aws_robomaker_residential_RoomWindow_01/model.config
-- Symlinking: /home/ambroise/hunav_ws/install/hunav_gazebo_wrapper/share/hunav_gazebo_wrapper//models/aws_robomaker_residential_RoomWindow_01/model.sdf
-- Symlinking: /home/ambroise/hunav_ws/install/hunav_gazebo_wrapper/share/hunav_gazebo_wrapper//models/aws_robomaker_residential_SeasoningBox_01/materials/textures/aws_SeasoningBox_01.png
-- Symlinking: /home/ambroise/hunav_ws/install/hunav_gazebo_wrapper/share/hunav_gazebo_wrapper//models/aws_robomaker_residential_SeasoningBox_01/meshes/aws_SeasoningBox_01_collision.DAE
-- Symlinking: /home/ambroise/hunav_ws/install/hunav_gazebo_wrapper/share/hunav_gazebo_wrapper//models/aws_robomaker_residential_SeasoningBox_01/meshes/aws_SeasoningBox_01_visual.DAE
-- Symlinking: /home/ambroise/hunav_ws/install/hunav_gazebo_wrapper/share/hunav_gazebo_wrapper//models/aws_robomaker_residential_SeasoningBox_01/model.config
-- Symlinking: /home/ambroise/hunav_ws/install/hunav_gazebo_wrapper/share/hunav_gazebo_wrapper//models/aws_robomaker_residential_SeasoningBox_01/model.sdf
-- Symlinking: /home/ambroise/hunav_ws/install/hunav_gazebo_wrapper/share/hunav_gazebo_wrapper//models/aws_robomaker_residential_SecurityCamera_01/materials/textures/aws_SecurityCamera_01.png
-- Symlinking: /home/ambroise/hunav_ws/install/hunav_gazebo_wrapper/share/hunav_gazebo_wrapper//models/aws_robomaker_residential_SecurityCamera_01/meshes/aws_SecurityCamera_01_collision.DAE
-- Symlinking: /home/ambroise/hunav_ws/install/hunav_gazebo_wrapper/share/hunav_gazebo_wrapper//models/aws_robomaker_residential_SecurityCamera_01/meshes/aws_SecurityCamera_01_visual.DAE
-- Symlinking: /home/ambroise/hunav_ws/install/hunav_gazebo_wrapper/share/hunav_gazebo_wrapper//models/aws_robomaker_residential_SecurityCamera_01/model.config
-- Symlinking: /home/ambroise/hunav_ws/install/hunav_gazebo_wrapper/share/hunav_gazebo_wrapper//models/aws_robomaker_residential_SecurityCamera_01/model.sdf
-- Symlinking: /home/ambroise/hunav_ws/install/hunav_gazebo_wrapper/share/hunav_gazebo_wrapper//models/aws_robomaker_residential_ShoeRack_01/materials/textures/aws_ShoeRack_01.png
-- Symlinking: /home/ambroise/hunav_ws/install/hunav_gazebo_wrapper/share/hunav_gazebo_wrapper//models/aws_robomaker_residential_ShoeRack_01/meshes/aws_ShoeRack_01_collision.DAE
-- Symlinking: /home/ambroise/hunav_ws/install/hunav_gazebo_wrapper/share/hunav_gazebo_wrapper//models/aws_robomaker_residential_ShoeRack_01/meshes/aws_ShoeRack_01_visual.DAE
-- Symlinking: /home/ambroise/hunav_ws/install/hunav_gazebo_wrapper/share/hunav_gazebo_wrapper//models/aws_robomaker_residential_ShoeRack_01/model.config
-- Symlinking: /home/ambroise/hunav_ws/install/hunav_gazebo_wrapper/share/hunav_gazebo_wrapper//models/aws_robomaker_residential_ShoeRack_01/model.sdf
-- Symlinking: /home/ambroise/hunav_ws/install/hunav_gazebo_wrapper/share/hunav_gazebo_wrapper//models/aws_robomaker_residential_SofaB_01/materials/textures/aws_SofaB_01.png
-- Symlinking: /home/ambroise/hunav_ws/install/hunav_gazebo_wrapper/share/hunav_gazebo_wrapper//models/aws_robomaker_residential_SofaB_01/meshes/aws_SofaB_01_collision.DAE
-- Symlinking: /home/ambroise/hunav_ws/install/hunav_gazebo_wrapper/share/hunav_gazebo_wrapper//models/aws_robomaker_residential_SofaB_01/meshes/aws_SofaB_01_visual.DAE
-- Symlinking: /home/ambroise/hunav_ws/install/hunav_gazebo_wrapper/share/hunav_gazebo_wrapper//models/aws_robomaker_residential_SofaB_01/model.config
-- Symlinking: /home/ambroise/hunav_ws/install/hunav_gazebo_wrapper/share/hunav_gazebo_wrapper//models/aws_robomaker_residential_SofaB_01/model.sdf
-- Symlinking: /home/ambroise/hunav_ws/install/hunav_gazebo_wrapper/share/hunav_gazebo_wrapper//models/aws_robomaker_residential_SofaC_01/materials/textures/aws_SofaC_01.png
-- Symlinking: /home/ambroise/hunav_ws/install/hunav_gazebo_wrapper/share/hunav_gazebo_wrapper//models/aws_robomaker_residential_SofaC_01/meshes/aws_SofaC_01_collision.DAE
-- Symlinking: /home/ambroise/hunav_ws/install/hunav_gazebo_wrapper/share/hunav_gazebo_wrapper//models/aws_robomaker_residential_SofaC_01/meshes/aws_SofaC_01_visual.DAE
-- Symlinking: /home/ambroise/hunav_ws/install/hunav_gazebo_wrapper/share/hunav_gazebo_wrapper//models/aws_robomaker_residential_SofaC_01/model.config
-- Symlinking: /home/ambroise/hunav_ws/install/hunav_gazebo_wrapper/share/hunav_gazebo_wrapper//models/aws_robomaker_residential_SofaC_01/model.sdf
-- Symlinking: /home/ambroise/hunav_ws/install/hunav_gazebo_wrapper/share/hunav_gazebo_wrapper//models/aws_robomaker_residential_Sofa_01/materials/textures/aws_Sofa_01.png
-- Symlinking: /home/ambroise/hunav_ws/install/hunav_gazebo_wrapper/share/hunav_gazebo_wrapper//models/aws_robomaker_residential_Sofa_01/meshes/aws_Sofa_01.DAE
-- Symlinking: /home/ambroise/hunav_ws/install/hunav_gazebo_wrapper/share/hunav_gazebo_wrapper//models/aws_robomaker_residential_Sofa_01/meshes/aws_Sofa_01_collision.DAE
-- Symlinking: /home/ambroise/hunav_ws/install/hunav_gazebo_wrapper/share/hunav_gazebo_wrapper//models/aws_robomaker_residential_Sofa_01/meshes/aws_Sofa_01_visual.DAE
-- Symlinking: /home/ambroise/hunav_ws/install/hunav_gazebo_wrapper/share/hunav_gazebo_wrapper//models/aws_robomaker_residential_Sofa_01/model.config
-- Symlinking: /home/ambroise/hunav_ws/install/hunav_gazebo_wrapper/share/hunav_gazebo_wrapper//models/aws_robomaker_residential_Sofa_01/model.sdf
-- Symlinking: /home/ambroise/hunav_ws/install/hunav_gazebo_wrapper/share/hunav_gazebo_wrapper//models/aws_robomaker_residential_TVCabinet_01/materials/textures/aws_TVCabinet_01.png
-- Symlinking: /home/ambroise/hunav_ws/install/hunav_gazebo_wrapper/share/hunav_gazebo_wrapper//models/aws_robomaker_residential_TVCabinet_01/meshes/aws_TVCabinet_01_collision.DAE
-- Symlinking: /home/ambroise/hunav_ws/install/hunav_gazebo_wrapper/share/hunav_gazebo_wrapper//models/aws_robomaker_residential_TVCabinet_01/meshes/aws_TVCabinet_01_visual.DAE
-- Symlinking: /home/ambroise/hunav_ws/install/hunav_gazebo_wrapper/share/hunav_gazebo_wrapper//models/aws_robomaker_residential_TVCabinet_01/model.config
-- Symlinking: /home/ambroise/hunav_ws/install/hunav_gazebo_wrapper/share/hunav_gazebo_wrapper//models/aws_robomaker_residential_TVCabinet_01/model.sdf
-- Symlinking: /home/ambroise/hunav_ws/install/hunav_gazebo_wrapper/share/hunav_gazebo_wrapper//models/aws_robomaker_residential_TV_01/materials/textures/aws_TV_01.png
-- Symlinking: /home/ambroise/hunav_ws/install/hunav_gazebo_wrapper/share/hunav_gazebo_wrapper//models/aws_robomaker_residential_TV_01/meshes/aws_TV_01_collision.DAE
-- Symlinking: /home/ambroise/hunav_ws/install/hunav_gazebo_wrapper/share/hunav_gazebo_wrapper//models/aws_robomaker_residential_TV_01/meshes/aws_TV_01_visual.DAE
-- Symlinking: /home/ambroise/hunav_ws/install/hunav_gazebo_wrapper/share/hunav_gazebo_wrapper//models/aws_robomaker_residential_TV_01/model.config
-- Symlinking: /home/ambroise/hunav_ws/install/hunav_gazebo_wrapper/share/hunav_gazebo_wrapper//models/aws_robomaker_residential_TV_01/model.sdf
-- Symlinking: /home/ambroise/hunav_ws/install/hunav_gazebo_wrapper/share/hunav_gazebo_wrapper//models/aws_robomaker_residential_TV_02/materials/textures/aws_TV_01.png
-- Symlinking: /home/ambroise/hunav_ws/install/hunav_gazebo_wrapper/share/hunav_gazebo_wrapper//models/aws_robomaker_residential_TV_02/meshes/aws_TV_01_collision.DAE
-- Symlinking: /home/ambroise/hunav_ws/install/hunav_gazebo_wrapper/share/hunav_gazebo_wrapper//models/aws_robomaker_residential_TV_02/meshes/aws_TV_01_visual.DAE
-- Symlinking: /home/ambroise/hunav_ws/install/hunav_gazebo_wrapper/share/hunav_gazebo_wrapper//models/aws_robomaker_residential_TV_02/model.config
-- Symlinking: /home/ambroise/hunav_ws/install/hunav_gazebo_wrapper/share/hunav_gazebo_wrapper//models/aws_robomaker_residential_TV_02/model.sdf
-- Symlinking: /home/ambroise/hunav_ws/install/hunav_gazebo_wrapper/share/hunav_gazebo_wrapper//models/aws_robomaker_residential_Tablet_01/.DS_Store
-- Symlinking: /home/ambroise/hunav_ws/install/hunav_gazebo_wrapper/share/hunav_gazebo_wrapper//models/aws_robomaker_residential_Tablet_01/materials/.DS_Store
-- Symlinking: /home/ambroise/hunav_ws/install/hunav_gazebo_wrapper/share/hunav_gazebo_wrapper//models/aws_robomaker_residential_Tablet_01/materials/textures/aws_Tablet_01_nologo.png
-- Symlinking: /home/ambroise/hunav_ws/install/hunav_gazebo_wrapper/share/hunav_gazebo_wrapper//models/aws_robomaker_residential_Tablet_01/meshes/aws_Tablet_01_collision.DAE
-- Symlinking: /home/ambroise/hunav_ws/install/hunav_gazebo_wrapper/share/hunav_gazebo_wrapper//models/aws_robomaker_residential_Tablet_01/meshes/aws_Tablet_01_visual.DAE
-- Symlinking: /home/ambroise/hunav_ws/install/hunav_gazebo_wrapper/share/hunav_gazebo_wrapper//models/aws_robomaker_residential_Tablet_01/model.config
-- Symlinking: /home/ambroise/hunav_ws/install/hunav_gazebo_wrapper/share/hunav_gazebo_wrapper//models/aws_robomaker_residential_Tablet_01/model.sdf
-- Symlinking: /home/ambroise/hunav_ws/install/hunav_gazebo_wrapper/share/hunav_gazebo_wrapper//models/aws_robomaker_residential_Tableware_01/materials/textures/aws_Tableware_01.png
-- Symlinking: /home/ambroise/hunav_ws/install/hunav_gazebo_wrapper/share/hunav_gazebo_wrapper//models/aws_robomaker_residential_Tableware_01/meshes/aws_Tableware_01_collision.DAE
-- Symlinking: /home/ambroise/hunav_ws/install/hunav_gazebo_wrapper/share/hunav_gazebo_wrapper//models/aws_robomaker_residential_Tableware_01/meshes/aws_Tableware_01_visual.DAE
-- Symlinking: /home/ambroise/hunav_ws/install/hunav_gazebo_wrapper/share/hunav_gazebo_wrapper//models/aws_robomaker_residential_Tableware_01/model.config
-- Symlinking: /home/ambroise/hunav_ws/install/hunav_gazebo_wrapper/share/hunav_gazebo_wrapper//models/aws_robomaker_residential_Tableware_01/model.sdf
-- Symlinking: /home/ambroise/hunav_ws/install/hunav_gazebo_wrapper/share/hunav_gazebo_wrapper//models/aws_robomaker_residential_Trash_01/materials/textures/aws_Trash_01.png
-- Symlinking: /home/ambroise/hunav_ws/install/hunav_gazebo_wrapper/share/hunav_gazebo_wrapper//models/aws_robomaker_residential_Trash_01/meshes/aws_Trash_01_collision.DAE
-- Symlinking: /home/ambroise/hunav_ws/install/hunav_gazebo_wrapper/share/hunav_gazebo_wrapper//models/aws_robomaker_residential_Trash_01/meshes/aws_Trash_01_visual.DAE
-- Symlinking: /home/ambroise/hunav_ws/install/hunav_gazebo_wrapper/share/hunav_gazebo_wrapper//models/aws_robomaker_residential_Trash_01/model.config
-- Symlinking: /home/ambroise/hunav_ws/install/hunav_gazebo_wrapper/share/hunav_gazebo_wrapper//models/aws_robomaker_residential_Trash_01/model.sdf
-- Symlinking: /home/ambroise/hunav_ws/install/hunav_gazebo_wrapper/share/hunav_gazebo_wrapper//models/aws_robomaker_residential_Vase_01/materials/textures/aws_Vase_01.png
-- Symlinking: /home/ambroise/hunav_ws/install/hunav_gazebo_wrapper/share/hunav_gazebo_wrapper//models/aws_robomaker_residential_Vase_01/meshes/aws_Vase_01_collision.DAE
-- Symlinking: /home/ambroise/hunav_ws/install/hunav_gazebo_wrapper/share/hunav_gazebo_wrapper//models/aws_robomaker_residential_Vase_01/meshes/aws_Vase_01_visual.DAE
-- Symlinking: /home/ambroise/hunav_ws/install/hunav_gazebo_wrapper/share/hunav_gazebo_wrapper//models/aws_robomaker_residential_Vase_01/model.config
-- Symlinking: /home/ambroise/hunav_ws/install/hunav_gazebo_wrapper/share/hunav_gazebo_wrapper//models/aws_robomaker_residential_Vase_01/model.sdf
-- Symlinking: /home/ambroise/hunav_ws/install/hunav_gazebo_wrapper/share/hunav_gazebo_wrapper//models/aws_robomaker_residential_Wardrobe_01/materials/textures/aws_Wardrobe_01.png
-- Symlinking: /home/ambroise/hunav_ws/install/hunav_gazebo_wrapper/share/hunav_gazebo_wrapper//models/aws_robomaker_residential_Wardrobe_01/meshes/aws_Wardrobe_01_collision.DAE
-- Symlinking: /home/ambroise/hunav_ws/install/hunav_gazebo_wrapper/share/hunav_gazebo_wrapper//models/aws_robomaker_residential_Wardrobe_01/meshes/aws_Wardrobe_01_visual.DAE
-- Symlinking: /home/ambroise/hunav_ws/install/hunav_gazebo_wrapper/share/hunav_gazebo_wrapper//models/aws_robomaker_residential_Wardrobe_01/model.config
-- Symlinking: /home/ambroise/hunav_ws/install/hunav_gazebo_wrapper/share/hunav_gazebo_wrapper//models/aws_robomaker_residential_Wardrobe_01/model.sdf
-- Symlinking: /home/ambroise/hunav_ws/install/hunav_gazebo_wrapper/share/hunav_gazebo_wrapper//models/aws_robomaker_warehouse_Bucket_01/.DS_Store
-- Symlinking: /home/ambroise/hunav_ws/install/hunav_gazebo_wrapper/share/hunav_gazebo_wrapper//models/aws_robomaker_warehouse_Bucket_01/materials/.DS_Store
-- Symlinking: /home/ambroise/hunav_ws/install/hunav_gazebo_wrapper/share/hunav_gazebo_wrapper//models/aws_robomaker_warehouse_Bucket_01/materials/textures/aws_robomaker_warehouse_Bucket_01.png
-- Symlinking: /home/ambroise/hunav_ws/install/hunav_gazebo_wrapper/share/hunav_gazebo_wrapper//models/aws_robomaker_warehouse_Bucket_01/meshes/aws_robomaker_warehouse_Bucket_01_collision.DAE
-- Symlinking: /home/ambroise/hunav_ws/install/hunav_gazebo_wrapper/share/hunav_gazebo_wrapper//models/aws_robomaker_warehouse_Bucket_01/meshes/aws_robomaker_warehouse_Bucket_01_visual.DAE
-- Symlinking: /home/ambroise/hunav_ws/install/hunav_gazebo_wrapper/share/hunav_gazebo_wrapper//models/aws_robomaker_warehouse_Bucket_01/model.config
-- Symlinking: /home/ambroise/hunav_ws/install/hunav_gazebo_wrapper/share/hunav_gazebo_wrapper//models/aws_robomaker_warehouse_Bucket_01/model.sdf
-- Symlinking: /home/ambroise/hunav_ws/install/hunav_gazebo_wrapper/share/hunav_gazebo_wrapper//models/aws_robomaker_warehouse_ClutteringA_01/.DS_Store
-- Symlinking: /home/ambroise/hunav_ws/install/hunav_gazebo_wrapper/share/hunav_gazebo_wrapper//models/aws_robomaker_warehouse_ClutteringA_01/materials/.DS_Store
-- Symlinking: /home/ambroise/hunav_ws/install/hunav_gazebo_wrapper/share/hunav_gazebo_wrapper//models/aws_robomaker_warehouse_ClutteringA_01/materials/textures/.DS_Store
-- Symlinking: /home/ambroise/hunav_ws/install/hunav_gazebo_wrapper/share/hunav_gazebo_wrapper//models/aws_robomaker_warehouse_ClutteringA_01/materials/textures/aws_robomaker_warehouse_ClutteringA_01.png
-- Symlinking: /home/ambroise/hunav_ws/install/hunav_gazebo_wrapper/share/hunav_gazebo_wrapper//models/aws_robomaker_warehouse_ClutteringA_01/materials/textures/aws_robomaker_warehouse_ClutteringA_02.png
-- Symlinking: /home/ambroise/hunav_ws/install/hunav_gazebo_wrapper/share/hunav_gazebo_wrapper//models/aws_robomaker_warehouse_ClutteringA_01/materials/textures/aws_robomaker_warehouse_ClutteringA_03.png
-- Symlinking: /home/ambroise/hunav_ws/install/hunav_gazebo_wrapper/share/hunav_gazebo_wrapper//models/aws_robomaker_warehouse_ClutteringA_01/meshes/aws_robomaker_warehouse_ClutteringA_01_collision.DAE
-- Symlinking: /home/ambroise/hunav_ws/install/hunav_gazebo_wrapper/share/hunav_gazebo_wrapper//models/aws_robomaker_warehouse_ClutteringA_01/meshes/aws_robomaker_warehouse_ClutteringA_01_visual.DAE
-- Symlinking: /home/ambroise/hunav_ws/install/hunav_gazebo_wrapper/share/hunav_gazebo_wrapper//models/aws_robomaker_warehouse_ClutteringA_01/model.config
-- Symlinking: /home/ambroise/hunav_ws/install/hunav_gazebo_wrapper/share/hunav_gazebo_wrapper//models/aws_robomaker_warehouse_ClutteringA_01/model.sdf
-- Symlinking: /home/ambroise/hunav_ws/install/hunav_gazebo_wrapper/share/hunav_gazebo_wrapper//models/aws_robomaker_warehouse_ClutteringC_01/materials/textures/aws_robomaker_warehouse_ClutteringC_01.png
-- Symlinking: /home/ambroise/hunav_ws/install/hunav_gazebo_wrapper/share/hunav_gazebo_wrapper//models/aws_robomaker_warehouse_ClutteringC_01/materials/textures/aws_robomaker_warehouse_ClutteringC_02.png
-- Symlinking: /home/ambroise/hunav_ws/install/hunav_gazebo_wrapper/share/hunav_gazebo_wrapper//models/aws_robomaker_warehouse_ClutteringC_01/meshes/aws_robomaker_warehouse_ClutteringC_01_collision.DAE
-- Symlinking: /home/ambroise/hunav_ws/install/hunav_gazebo_wrapper/share/hunav_gazebo_wrapper//models/aws_robomaker_warehouse_ClutteringC_01/meshes/aws_robomaker_warehouse_ClutteringC_01_visual.DAE
-- Symlinking: /home/ambroise/hunav_ws/install/hunav_gazebo_wrapper/share/hunav_gazebo_wrapper//models/aws_robomaker_warehouse_ClutteringC_01/model.config
-- Symlinking: /home/ambroise/hunav_ws/install/hunav_gazebo_wrapper/share/hunav_gazebo_wrapper//models/aws_robomaker_warehouse_ClutteringC_01/model.sdf
-- Symlinking: /home/ambroise/hunav_ws/install/hunav_gazebo_wrapper/share/hunav_gazebo_wrapper//models/aws_robomaker_warehouse_ClutteringD_01/materials/textures/aws_robomaker_warehouse_ClutteringD_01.png
-- Symlinking: /home/ambroise/hunav_ws/install/hunav_gazebo_wrapper/share/hunav_gazebo_wrapper//models/aws_robomaker_warehouse_ClutteringD_01/materials/textures/aws_robomaker_warehouse_ClutteringD_02.png
-- Symlinking: /home/ambroise/hunav_ws/install/hunav_gazebo_wrapper/share/hunav_gazebo_wrapper//models/aws_robomaker_warehouse_ClutteringD_01/meshes/aws_robomaker_warehouse_ClutteringD_01_collision.DAE
-- Symlinking: /home/ambroise/hunav_ws/install/hunav_gazebo_wrapper/share/hunav_gazebo_wrapper//models/aws_robomaker_warehouse_ClutteringD_01/meshes/aws_robomaker_warehouse_ClutteringD_01_visual.DAE
-- Symlinking: /home/ambroise/hunav_ws/install/hunav_gazebo_wrapper/share/hunav_gazebo_wrapper//models/aws_robomaker_warehouse_ClutteringD_01/model.config
-- Symlinking: /home/ambroise/hunav_ws/install/hunav_gazebo_wrapper/share/hunav_gazebo_wrapper//models/aws_robomaker_warehouse_ClutteringD_01/model.sdf
-- Symlinking: /home/ambroise/hunav_ws/install/hunav_gazebo_wrapper/share/hunav_gazebo_wrapper//models/aws_robomaker_warehouse_DeskC_01/materials/.DS_Store
-- Symlinking: /home/ambroise/hunav_ws/install/hunav_gazebo_wrapper/share/hunav_gazebo_wrapper//models/aws_robomaker_warehouse_DeskC_01/materials/textures/aws_robomaker_warehouse_DeskC_01.png
-- Symlinking: /home/ambroise/hunav_ws/install/hunav_gazebo_wrapper/share/hunav_gazebo_wrapper//models/aws_robomaker_warehouse_DeskC_01/materials/textures/aws_robomaker_warehouse_DeskC_02.png
-- Symlinking: /home/ambroise/hunav_ws/install/hunav_gazebo_wrapper/share/hunav_gazebo_wrapper//models/aws_robomaker_warehouse_DeskC_01/materials/textures/aws_robomaker_warehouse_DeskC_03.png
-- Symlinking: /home/ambroise/hunav_ws/install/hunav_gazebo_wrapper/share/hunav_gazebo_wrapper//models/aws_robomaker_warehouse_DeskC_01/materials/textures/aws_robomaker_warehouse_DeskC_03.psd
-- Symlinking: /home/ambroise/hunav_ws/install/hunav_gazebo_wrapper/share/hunav_gazebo_wrapper//models/aws_robomaker_warehouse_DeskC_01/materials/textures/aws_robomaker_warehouse_DeskC_04.png
-- Symlinking: /home/ambroise/hunav_ws/install/hunav_gazebo_wrapper/share/hunav_gazebo_wrapper//models/aws_robomaker_warehouse_DeskC_01/meshes/aws_robomaker_warehouse_DeskC_01_collision.DAE
-- Symlinking: /home/ambroise/hunav_ws/install/hunav_gazebo_wrapper/share/hunav_gazebo_wrapper//models/aws_robomaker_warehouse_DeskC_01/meshes/aws_robomaker_warehouse_DeskC_01_visual.DAE
-- Symlinking: /home/ambroise/hunav_ws/install/hunav_gazebo_wrapper/share/hunav_gazebo_wrapper//models/aws_robomaker_warehouse_DeskC_01/model.config
-- Symlinking: /home/ambroise/hunav_ws/install/hunav_gazebo_wrapper/share/hunav_gazebo_wrapper//models/aws_robomaker_warehouse_DeskC_01/model.sdf
-- Symlinking: /home/ambroise/hunav_ws/install/hunav_gazebo_wrapper/share/hunav_gazebo_wrapper//models/aws_robomaker_warehouse_GroundB_01/materials/textures/aws_robomaker_warehouse_GroundB_01.png
-- Symlinking: /home/ambroise/hunav_ws/install/hunav_gazebo_wrapper/share/hunav_gazebo_wrapper//models/aws_robomaker_warehouse_GroundB_01/materials/textures/aws_robomaker_warehouse_GroundB_02.png
-- Symlinking: /home/ambroise/hunav_ws/install/hunav_gazebo_wrapper/share/hunav_gazebo_wrapper//models/aws_robomaker_warehouse_GroundB_01/meshes/aws_robomaker_warehouse_GroundB_01_collision.DAE
-- Symlinking: /home/ambroise/hunav_ws/install/hunav_gazebo_wrapper/share/hunav_gazebo_wrapper//models/aws_robomaker_warehouse_GroundB_01/meshes/aws_robomaker_warehouse_GroundB_01_visual.DAE
-- Symlinking: /home/ambroise/hunav_ws/install/hunav_gazebo_wrapper/share/hunav_gazebo_wrapper//models/aws_robomaker_warehouse_GroundB_01/model.config
-- Symlinking: /home/ambroise/hunav_ws/install/hunav_gazebo_wrapper/share/hunav_gazebo_wrapper//models/aws_robomaker_warehouse_GroundB_01/model.sdf
-- Symlinking: /home/ambroise/hunav_ws/install/hunav_gazebo_wrapper/share/hunav_gazebo_wrapper//models/aws_robomaker_warehouse_Lamp_01/materials/textures/aws_robomaker_warehouse_Lamp_01.png
-- Symlinking: /home/ambroise/hunav_ws/install/hunav_gazebo_wrapper/share/hunav_gazebo_wrapper//models/aws_robomaker_warehouse_Lamp_01/meshes/aws_robomaker_warehouse_Lamp_01_collision.DAE
-- Symlinking: /home/ambroise/hunav_ws/install/hunav_gazebo_wrapper/share/hunav_gazebo_wrapper//models/aws_robomaker_warehouse_Lamp_01/meshes/aws_robomaker_warehouse_Lamp_01_visual.DAE
-- Symlinking: /home/ambroise/hunav_ws/install/hunav_gazebo_wrapper/share/hunav_gazebo_wrapper//models/aws_robomaker_warehouse_Lamp_01/model.config
-- Symlinking: /home/ambroise/hunav_ws/install/hunav_gazebo_wrapper/share/hunav_gazebo_wrapper//models/aws_robomaker_warehouse_Lamp_01/model.sdf
-- Symlinking: /home/ambroise/hunav_ws/install/hunav_gazebo_wrapper/share/hunav_gazebo_wrapper//models/aws_robomaker_warehouse_PalletJackB_01/.DS_Store
-- Symlinking: /home/ambroise/hunav_ws/install/hunav_gazebo_wrapper/share/hunav_gazebo_wrapper//models/aws_robomaker_warehouse_PalletJackB_01/materials/.DS_Store
-- Symlinking: /home/ambroise/hunav_ws/install/hunav_gazebo_wrapper/share/hunav_gazebo_wrapper//models/aws_robomaker_warehouse_PalletJackB_01/materials/textures/aws_robomaker_warehouse_PalletJackB_01.png
-- Symlinking: /home/ambroise/hunav_ws/install/hunav_gazebo_wrapper/share/hunav_gazebo_wrapper//models/aws_robomaker_warehouse_PalletJackB_01/materials/textures/aws_robomaker_warehouse_PalletJackB_02.png
-- Symlinking: /home/ambroise/hunav_ws/install/hunav_gazebo_wrapper/share/hunav_gazebo_wrapper//models/aws_robomaker_warehouse_PalletJackB_01/meshes/aws_robomaker_warehouse_PalletJackB_01_collision.DAE
-- Symlinking: /home/ambroise/hunav_ws/install/hunav_gazebo_wrapper/share/hunav_gazebo_wrapper//models/aws_robomaker_warehouse_PalletJackB_01/meshes/aws_robomaker_warehouse_PalletJackB_01_visual.DAE
-- Symlinking: /home/ambroise/hunav_ws/install/hunav_gazebo_wrapper/share/hunav_gazebo_wrapper//models/aws_robomaker_warehouse_PalletJackB_01/model.config
-- Symlinking: /home/ambroise/hunav_ws/install/hunav_gazebo_wrapper/share/hunav_gazebo_wrapper//models/aws_robomaker_warehouse_PalletJackB_01/model.sdf
-- Symlinking: /home/ambroise/hunav_ws/install/hunav_gazebo_wrapper/share/hunav_gazebo_wrapper//models/aws_robomaker_warehouse_RoofB_01/materials/textures/aws_robomaker_warehouse_RoofB_01.png
-- Symlinking: /home/ambroise/hunav_ws/install/hunav_gazebo_wrapper/share/hunav_gazebo_wrapper//models/aws_robomaker_warehouse_RoofB_01/meshes/aws_robomaker_warehouse_RoofB_01_collision.DAE
-- Symlinking: /home/ambroise/hunav_ws/install/hunav_gazebo_wrapper/share/hunav_gazebo_wrapper//models/aws_robomaker_warehouse_RoofB_01/meshes/aws_robomaker_warehouse_RoofB_01_visual.DAE
-- Symlinking: /home/ambroise/hunav_ws/install/hunav_gazebo_wrapper/share/hunav_gazebo_wrapper//models/aws_robomaker_warehouse_RoofB_01/model.config
-- Symlinking: /home/ambroise/hunav_ws/install/hunav_gazebo_wrapper/share/hunav_gazebo_wrapper//models/aws_robomaker_warehouse_RoofB_01/model.sdf
-- Symlinking: /home/ambroise/hunav_ws/install/hunav_gazebo_wrapper/share/hunav_gazebo_wrapper//models/aws_robomaker_warehouse_ShelfD_01/materials/textures/aws_robomaker_warehouse_ShelfD_01.png
-- Symlinking: /home/ambroise/hunav_ws/install/hunav_gazebo_wrapper/share/hunav_gazebo_wrapper//models/aws_robomaker_warehouse_ShelfD_01/materials/textures/aws_robomaker_warehouse_ShelfD_02.png
-- Symlinking: /home/ambroise/hunav_ws/install/hunav_gazebo_wrapper/share/hunav_gazebo_wrapper//models/aws_robomaker_warehouse_ShelfD_01/materials/textures/aws_robomaker_warehouse_ShelfD_03.png
-- Symlinking: /home/ambroise/hunav_ws/install/hunav_gazebo_wrapper/share/hunav_gazebo_wrapper//models/aws_robomaker_warehouse_ShelfD_01/materials/textures/aws_robomaker_warehouse_ShelfD_04.png
-- Symlinking: /home/ambroise/hunav_ws/install/hunav_gazebo_wrapper/share/hunav_gazebo_wrapper//models/aws_robomaker_warehouse_ShelfD_01/meshes/aws_robomaker_warehouse_ShelfD_01_collision.DAE
-- Symlinking: /home/ambroise/hunav_ws/install/hunav_gazebo_wrapper/share/hunav_gazebo_wrapper//models/aws_robomaker_warehouse_ShelfD_01/meshes/aws_robomaker_warehouse_ShelfD_01_visual.DAE
-- Symlinking: /home/ambroise/hunav_ws/install/hunav_gazebo_wrapper/share/hunav_gazebo_wrapper//models/aws_robomaker_warehouse_ShelfD_01/model.config
-- Symlinking: /home/ambroise/hunav_ws/install/hunav_gazebo_wrapper/share/hunav_gazebo_wrapper//models/aws_robomaker_warehouse_ShelfD_01/model.sdf
-- Symlinking: /home/ambroise/hunav_ws/install/hunav_gazebo_wrapper/share/hunav_gazebo_wrapper//models/aws_robomaker_warehouse_ShelfE_01/.DS_Store
-- Symlinking: /home/ambroise/hunav_ws/install/hunav_gazebo_wrapper/share/hunav_gazebo_wrapper//models/aws_robomaker_warehouse_ShelfE_01/materials/.DS_Store
-- Symlinking: /home/ambroise/hunav_ws/install/hunav_gazebo_wrapper/share/hunav_gazebo_wrapper//models/aws_robomaker_warehouse_ShelfE_01/materials/textures/aws_robomaker_warehouse_ShelfE_01.png
-- Symlinking: /home/ambroise/hunav_ws/install/hunav_gazebo_wrapper/share/hunav_gazebo_wrapper//models/aws_robomaker_warehouse_ShelfE_01/materials/textures/aws_robomaker_warehouse_ShelfE_02.png
-- Symlinking: /home/ambroise/hunav_ws/install/hunav_gazebo_wrapper/share/hunav_gazebo_wrapper//models/aws_robomaker_warehouse_ShelfE_01/materials/textures/aws_robomaker_warehouse_ShelfE_03.png
-- Symlinking: /home/ambroise/hunav_ws/install/hunav_gazebo_wrapper/share/hunav_gazebo_wrapper//models/aws_robomaker_warehouse_ShelfE_01/materials/textures/aws_robomaker_warehouse_ShelfE_04.png
-- Symlinking: /home/ambroise/hunav_ws/install/hunav_gazebo_wrapper/share/hunav_gazebo_wrapper//models/aws_robomaker_warehouse_ShelfE_01/meshes/aws_robomaker_warehouse_ShelfE_01_collision.DAE
-- Symlinking: /home/ambroise/hunav_ws/install/hunav_gazebo_wrapper/share/hunav_gazebo_wrapper//models/aws_robomaker_warehouse_ShelfE_01/meshes/aws_robomaker_warehouse_ShelfE_01_visual.DAE
-- Symlinking: /home/ambroise/hunav_ws/install/hunav_gazebo_wrapper/share/hunav_gazebo_wrapper//models/aws_robomaker_warehouse_ShelfE_01/model.config
-- Symlinking: /home/ambroise/hunav_ws/install/hunav_gazebo_wrapper/share/hunav_gazebo_wrapper//models/aws_robomaker_warehouse_ShelfE_01/model.sdf
-- Symlinking: /home/ambroise/hunav_ws/install/hunav_gazebo_wrapper/share/hunav_gazebo_wrapper//models/aws_robomaker_warehouse_ShelfF_01/materials/textures/aws_robomaker_warehouse_ShelfF_01.png
-- Symlinking: /home/ambroise/hunav_ws/install/hunav_gazebo_wrapper/share/hunav_gazebo_wrapper//models/aws_robomaker_warehouse_ShelfF_01/materials/textures/aws_robomaker_warehouse_ShelfF_02.png
-- Symlinking: /home/ambroise/hunav_ws/install/hunav_gazebo_wrapper/share/hunav_gazebo_wrapper//models/aws_robomaker_warehouse_ShelfF_01/materials/textures/aws_robomaker_warehouse_ShelfF_03.png
-- Symlinking: /home/ambroise/hunav_ws/install/hunav_gazebo_wrapper/share/hunav_gazebo_wrapper//models/aws_robomaker_warehouse_ShelfF_01/meshes/aws_robomaker_warehouse_ShelfF_01_collision.DAE
-- Symlinking: /home/ambroise/hunav_ws/install/hunav_gazebo_wrapper/share/hunav_gazebo_wrapper//models/aws_robomaker_warehouse_ShelfF_01/meshes/aws_robomaker_warehouse_ShelfF_01_visual.DAE
-- Symlinking: /home/ambroise/hunav_ws/install/hunav_gazebo_wrapper/share/hunav_gazebo_wrapper//models/aws_robomaker_warehouse_ShelfF_01/model.config
-- Symlinking: /home/ambroise/hunav_ws/install/hunav_gazebo_wrapper/share/hunav_gazebo_wrapper//models/aws_robomaker_warehouse_ShelfF_01/model.sdf
-- Symlinking: /home/ambroise/hunav_ws/install/hunav_gazebo_wrapper/share/hunav_gazebo_wrapper//models/aws_robomaker_warehouse_TrashCanC_01/materials/textures/aws_robomaker_warehouse_TrashCanC_01.png
-- Symlinking: /home/ambroise/hunav_ws/install/hunav_gazebo_wrapper/share/hunav_gazebo_wrapper//models/aws_robomaker_warehouse_TrashCanC_01/meshes/aws_robomaker_warehouse_TrashCanC_01_collision.DAE
-- Symlinking: /home/ambroise/hunav_ws/install/hunav_gazebo_wrapper/share/hunav_gazebo_wrapper//models/aws_robomaker_warehouse_TrashCanC_01/meshes/aws_robomaker_warehouse_TrashCanC_01_visual.DAE
-- Symlinking: /home/ambroise/hunav_ws/install/hunav_gazebo_wrapper/share/hunav_gazebo_wrapper//models/aws_robomaker_warehouse_TrashCanC_01/model.config
-- Symlinking: /home/ambroise/hunav_ws/install/hunav_gazebo_wrapper/share/hunav_gazebo_wrapper//models/aws_robomaker_warehouse_TrashCanC_01/model.sdf
-- Symlinking: /home/ambroise/hunav_ws/install/hunav_gazebo_wrapper/share/hunav_gazebo_wrapper//models/aws_robomaker_warehouse_WallB_01/materials/textures/aws_robomaker_warehouse_WallB_01.png
-- Symlinking: /home/ambroise/hunav_ws/install/hunav_gazebo_wrapper/share/hunav_gazebo_wrapper//models/aws_robomaker_warehouse_WallB_01/meshes/aws_robomaker_warehouse_WallB_01_collision.DAE
-- Symlinking: /home/ambroise/hunav_ws/install/hunav_gazebo_wrapper/share/hunav_gazebo_wrapper//models/aws_robomaker_warehouse_WallB_01/meshes/aws_robomaker_warehouse_WallB_01_visual.DAE
-- Symlinking: /home/ambroise/hunav_ws/install/hunav_gazebo_wrapper/share/hunav_gazebo_wrapper//models/aws_robomaker_warehouse_WallB_01/model.config
-- Symlinking: /home/ambroise/hunav_ws/install/hunav_gazebo_wrapper/share/hunav_gazebo_wrapper//models/aws_robomaker_warehouse_WallB_01/model.sdf
-- Symlinking: /home/ambroise/hunav_ws/install/hunav_gazebo_wrapper/share/hunav_gazebo_wrapper//models/braid01_diffuse.png.001.png
-- Symlinking: /home/ambroise/hunav_ws/install/hunav_gazebo_wrapper/share/hunav_gazebo_wrapper//models/brown_eye.png
-- Symlinking: /home/ambroise/hunav_ws/install/hunav_gazebo_wrapper/share/hunav_gazebo_wrapper//models/brown_eye.png.001.png
-- Symlinking: /home/ambroise/hunav_ws/install/hunav_gazebo_wrapper/share/hunav_gazebo_wrapper//models/brown_eye.png.002.png
-- Symlinking: /home/ambroise/hunav_ws/install/hunav_gazebo_wrapper/share/hunav_gazebo_wrapper//models/casual_man.dae
-- Symlinking: /home/ambroise/hunav_ws/install/hunav_gazebo_wrapper/share/hunav_gazebo_wrapper//models/elegant_man.dae
-- Symlinking: /home/ambroise/hunav_ws/install/hunav_gazebo_wrapper/share/hunav_gazebo_wrapper//models/elegant_woman.dae
-- Symlinking: /home/ambroise/hunav_ws/install/hunav_gazebo_wrapper/share/hunav_gazebo_wrapper//models/eyebrow001.png
-- Symlinking: /home/ambroise/hunav_ws/install/hunav_gazebo_wrapper/share/hunav_gazebo_wrapper//models/eyebrow001.png.001.png
-- Symlinking: /home/ambroise/hunav_ws/install/hunav_gazebo_wrapper/share/hunav_gazebo_wrapper//models/eyebrow001.png.002.png
-- Symlinking: /home/ambroise/hunav_ws/install/hunav_gazebo_wrapper/share/hunav_gazebo_wrapper//models/female_casualsuit01_diffuse.png.001.png
-- Symlinking: /home/ambroise/hunav_ws/install/hunav_gazebo_wrapper/share/hunav_gazebo_wrapper//models/male_casualsuit01_diffuse.png
-- Symlinking: /home/ambroise/hunav_ws/install/hunav_gazebo_wrapper/share/hunav_gazebo_wrapper//models/male_casualsuit06_diffuse.png.001.png
-- Symlinking: /home/ambroise/hunav_ws/install/hunav_gazebo_wrapper/share/hunav_gazebo_wrapper//models/male_elegantsuit01_diffuse.png.001.png
-- Symlinking: /home/ambroise/hunav_ws/install/hunav_gazebo_wrapper/share/hunav_gazebo_wrapper//models/male_worksuit01_diffuse.png
-- Symlinking: /home/ambroise/hunav_ws/install/hunav_gazebo_wrapper/share/hunav_gazebo_wrapper//models/middleage_darkskinned_male_diffuse.png
-- Symlinking: /home/ambroise/hunav_ws/install/hunav_gazebo_wrapper/share/hunav_gazebo_wrapper//models/middleage_lightskinned_female_diffuse.png.002.png
-- Symlinking: /home/ambroise/hunav_ws/install/hunav_gazebo_wrapper/share/hunav_gazebo_wrapper//models/middleage_lightskinned_male_diffuse.png.001.png
-- Symlinking: /home/ambroise/hunav_ws/install/hunav_gazebo_wrapper/share/hunav_gazebo_wrapper//models/mono.dae
-- Symlinking: /home/ambroise/hunav_ws/install/hunav_gazebo_wrapper/share/hunav_gazebo_wrapper//models/mono2.dae
-- Symlinking: /home/ambroise/hunav_ws/install/hunav_gazebo_wrapper/share/hunav_gazebo_wrapper//models/mono3.dae
-- Symlinking: /home/ambroise/hunav_ws/install/hunav_gazebo_wrapper/share/hunav_gazebo_wrapper//models/mono4.dae
-- Symlinking: /home/ambroise/hunav_ws/install/hunav_gazebo_wrapper/share/hunav_gazebo_wrapper//models/mono5.dae
-- Symlinking: /home/ambroise/hunav_ws/install/hunav_gazebo_wrapper/share/hunav_gazebo_wrapper//models/old_lightskinned_male_diffuse.png
-- Symlinking: /home/ambroise/hunav_ws/install/hunav_gazebo_wrapper/share/hunav_gazebo_wrapper//models/regular_man.dae
-- Symlinking: /home/ambroise/hunav_ws/install/hunav_gazebo_wrapper/share/hunav_gazebo_wrapper//models/run.dae
-- Symlinking: /home/ambroise/hunav_ws/install/hunav_gazebo_wrapper/share/hunav_gazebo_wrapper//models/shoes01_diffuse.png
-- Symlinking: /home/ambroise/hunav_ws/install/hunav_gazebo_wrapper/share/hunav_gazebo_wrapper//models/shoes01_diffuse.png.001.png
-- Symlinking: /home/ambroise/hunav_ws/install/hunav_gazebo_wrapper/share/hunav_gazebo_wrapper//models/shoes03_diffuse.png
-- Symlinking: /home/ambroise/hunav_ws/install/hunav_gazebo_wrapper/share/hunav_gazebo_wrapper//models/shoes03_diffuse.png.001.png
-- Symlinking: /home/ambroise/hunav_ws/install/hunav_gazebo_wrapper/share/hunav_gazebo_wrapper//models/shoes05_diffuse.png.001.png
-- Symlinking: /home/ambroise/hunav_ws/install/hunav_gazebo_wrapper/share/hunav_gazebo_wrapper//models/short01_diffuse.png
-- Symlinking: /home/ambroise/hunav_ws/install/hunav_gazebo_wrapper/share/hunav_gazebo_wrapper//models/short02_diffuse.png
-- Symlinking: /home/ambroise/hunav_ws/install/hunav_gazebo_wrapper/share/hunav_gazebo_wrapper//models/short02_diffuse.png.001.png
-- Symlinking: /home/ambroise/hunav_ws/install/hunav_gazebo_wrapper/share/hunav_gazebo_wrapper//models/short03_diffuse.png.001.png
-- Symlinking: /home/ambroise/hunav_ws/install/hunav_gazebo_wrapper/share/hunav_gazebo_wrapper//models/sit_down.dae
-- Symlinking: /home/ambroise/hunav_ws/install/hunav_gazebo_wrapper/share/hunav_gazebo_wrapper//models/sitting.dae
-- Symlinking: /home/ambroise/hunav_ws/install/hunav_gazebo_wrapper/share/hunav_gazebo_wrapper//models/stand.dae
-- Symlinking: /home/ambroise/hunav_ws/install/hunav_gazebo_wrapper/share/hunav_gazebo_wrapper//models/stand_up.dae
-- Symlinking: /home/ambroise/hunav_ws/install/hunav_gazebo_wrapper/share/hunav_gazebo_wrapper//models/sub_16.dae
-- Symlinking: /home/ambroise/hunav_ws/install/hunav_gazebo_wrapper/share/hunav_gazebo_wrapper//models/talk_a.dae
-- Symlinking: /home/ambroise/hunav_ws/install/hunav_gazebo_wrapper/share/hunav_gazebo_wrapper//models/talk_b.dae
-- Symlinking: /home/ambroise/hunav_ws/install/hunav_gazebo_wrapper/share/hunav_gazebo_wrapper//models/walk-blue.dae
-- Symlinking: /home/ambroise/hunav_ws/install/hunav_gazebo_wrapper/share/hunav_gazebo_wrapper//models/walk-green.dae
-- Symlinking: /home/ambroise/hunav_ws/install/hunav_gazebo_wrapper/share/hunav_gazebo_wrapper//models/walk-red.dae
-- Symlinking: /home/ambroise/hunav_ws/install/hunav_gazebo_wrapper/share/hunav_gazebo_wrapper//models/walk.dae
-- Symlinking: /home/ambroise/hunav_ws/install/hunav_gazebo_wrapper/share/hunav_gazebo_wrapper//models/worker_man.dae
-- Symlinking: /home/ambroise/hunav_ws/install/hunav_gazebo_wrapper/share/hunav_gazebo_wrapper/environment/hunav_gazebo_wrapper.dsv
-- Symlinking: /home/ambroise/hunav_ws/install/hunav_gazebo_wrapper/share/ament_index/resource_index/package_run_dependencies/hunav_gazebo_wrapper
-- Symlinking: /home/ambroise/hunav_ws/install/hunav_gazebo_wrapper/share/ament_index/resource_index/parent_prefix_path/hunav_gazebo_wrapper
-- Symlinking: /home/ambroise/hunav_ws/install/hunav_gazebo_wrapper/share/hunav_gazebo_wrapper/environment/ament_prefix_path.sh
-- Symlinking: /home/ambroise/hunav_ws/install/hunav_gazebo_wrapper/share/hunav_gazebo_wrapper/environment/ament_prefix_path.dsv
-- Symlinking: /home/ambroise/hunav_ws/install/hunav_gazebo_wrapper/share/hunav_gazebo_wrapper/environment/path.sh
-- Symlinking: /home/ambroise/hunav_ws/install/hunav_gazebo_wrapper/share/hunav_gazebo_wrapper/environment/path.dsv
-- Symlinking: /home/ambroise/hunav_ws/install/hunav_gazebo_wrapper/share/hunav_gazebo_wrapper/local_setup.bash
-- Symlinking: /home/ambroise/hunav_ws/install/hunav_gazebo_wrapper/share/hunav_gazebo_wrapper/local_setup.sh
-- Symlinking: /home/ambroise/hunav_ws/install/hunav_gazebo_wrapper/share/hunav_gazebo_wrapper/local_setup.zsh
-- Symlinking: /home/ambroise/hunav_ws/install/hunav_gazebo_wrapper/share/hunav_gazebo_wrapper/local_setup.dsv
-- Symlinking: /home/ambroise/hunav_ws/install/hunav_gazebo_wrapper/share/hunav_gazebo_wrapper/package.dsv
-- Symlinking: /home/ambroise/hunav_ws/install/hunav_gazebo_wrapper/share/ament_index/resource_index/packages/hunav_gazebo_wrapper
-- Symlinking: /home/ambroise/hunav_ws/install/hunav_gazebo_wrapper/share/hunav_gazebo_wrapper/cmake/ament_cmake_export_libraries-extras.cmake
-- Symlinking: /home/ambroise/hunav_ws/install/hunav_gazebo_wrapper/share/hunav_gazebo_wrapper/cmake/hunav_gazebo_wrapperConfig.cmake
-- Symlinking: /home/ambroise/hunav_ws/install/hunav_gazebo_wrapper/share/hunav_gazebo_wrapper/cmake/hunav_gazebo_wrapperConfig-version.cmake
-- Symlinking: /home/ambroise/hunav_ws/install/hunav_gazebo_wrapper/share/hunav_gazebo_wrapper/package.xml
