[0.233s] Invoking command in '/home/ambroise/hunav_ws/build/hunav_gazebo_wrapper': CMAKE_PREFIX_PATH=/home/ambroise/hunav_ws/install/hunav_msgs:/home/ambroise/hunav_ws/install/hunav_sim:/home/ambroise/hunav_ws/install/hunav_agent_manager:/home/ambroise/hunav_ws/install/people_msgs:/home/ambroise/hunav_ws/install/hunav_rviz2_panel:/home/ambroise/hunav_ws/install/hunav_gazebo_wrapper:/home/ambroise/hunav_ws/install/hunav_behavior_tree_generator:/home/ambroise/hunav_ws/install/hunav_evaluator:/opt/ros/humble LD_LIBRARY_PATH=/home/ambroise/hunav_ws/install/hunav_msgs/lib:/home/ambroise/hunav_ws/install/people_msgs/lib:/home/ambroise/hunav_ws/install/hunav_rviz2_panel/lib:/home/ambroise/hunav_ws/install/hunav_gazebo_wrapper/lib:/usr/lib/x86_64-linux-gnu/gazebo-11/plugins:/opt/ros/humble/opt/rviz_ogre_vendor/lib:/opt/ros/humble/lib/x86_64-linux-gnu:/opt/ros/humble/lib:/usr/lib/x86_64-linux-gnu/gazebo-11/plugins:/home/ambroise/hunav_ws/install/hunav_gazebo_wrapper/lib /usr/bin/cmake /home/ambroise/hunav_ws/src/hunav_gazebo_wrapper -DAMENT_CMAKE_SYMLINK_INSTALL=1 -DCMAKE_INSTALL_PREFIX=/home/ambroise/hunav_ws/install/hunav_gazebo_wrapper
[0.286s] -- The C compiler identification is GNU 11.4.0
[0.339s] -- The CXX compiler identification is GNU 11.4.0
[0.346s] -- Detecting C compiler ABI info
[0.413s] -- Detecting C compiler ABI info - done
[0.418s] -- Check for working C compiler: /usr/bin/cc - skipped
[0.418s] -- Detecting C compile features
[0.419s] -- Detecting C compile features - done
[0.422s] -- Detecting CXX compiler ABI info
[0.505s] -- Detecting CXX compiler ABI info - done
[0.512s] -- Check for working CXX compiler: /usr/bin/c++ - skipped
[0.512s] -- Detecting CXX compile features
[0.512s] -- Detecting CXX compile features - done
[0.515s] -- Found ament_cmake: 1.3.14 (/opt/ros/humble/share/ament_cmake/cmake)
[0.655s] -- Found Python3: /usr/bin/python3 (found version "3.10.12") found components: Interpreter 
[0.720s] -- Override CMake install command with custom implementation using symlinks instead of copying resources
[0.750s] -- Found tinyxml2_vendor: 0.7.7 (/opt/ros/humble/share/tinyxml2_vendor/cmake)
[0.769s] -- Found TinyXML2: /usr/lib/x86_64-linux-gnu/libtinyxml2.so  
[0.771s] -- Found ament_index_cpp: 1.4.1 (/opt/ros/humble/share/ament_index_cpp/cmake)
[0.773s] -- Found rclcpp: 16.0.19 (/opt/ros/humble/share/rclcpp/cmake)
[0.807s] -- Found rosidl_generator_c: 3.1.8 (/opt/ros/humble/share/rosidl_generator_c/cmake)
[0.812s] -- Found rosidl_adapter: 3.1.8 (/opt/ros/humble/share/rosidl_adapter/cmake)
[0.819s] -- Found rosidl_generator_cpp: 3.1.8 (/opt/ros/humble/share/rosidl_generator_cpp/cmake)
[0.831s] -- Using all available rosidl_typesupport_c: rosidl_typesupport_fastrtps_c;rosidl_typesupport_introspection_c
[0.847s] -- Using all available rosidl_typesupport_cpp: rosidl_typesupport_fastrtps_cpp;rosidl_typesupport_introspection_cpp
[0.888s] -- Found rmw_implementation_cmake: 6.1.2 (/opt/ros/humble/share/rmw_implementation_cmake/cmake)
[0.890s] -- Found rmw_fastrtps_cpp: 6.2.10 (/opt/ros/humble/share/rmw_fastrtps_cpp/cmake)
[0.914s] -- Found TinyXML2 via Config file: TinyXML2_DIR-NOTFOUND
[0.970s] -- Found OpenSSL: /usr/lib/x86_64-linux-gnu/libcrypto.so (found version "3.0.2")  
[0.972s] -- Found TinyXML2 via Config file: TinyXML2_DIR-NOTFOUND
[0.988s] -- Found FastRTPS: /opt/ros/humble/include  
[0.991s] -- Found TinyXML2 via Config file: TinyXML2_DIR-NOTFOUND
[1.000s] -- Found TinyXML2 via Config file: TinyXML2_DIR-NOTFOUND
[1.013s] -- Using RMW implementation 'rmw_fastrtps_cpp' as default
[1.021s] -- Looking for pthread.h
[1.094s] -- Looking for pthread.h - found
[1.095s] -- Performing Test CMAKE_HAVE_LIBC_PTHREAD
[1.176s] -- Performing Test CMAKE_HAVE_LIBC_PTHREAD - Success
[1.177s] -- Found Threads: TRUE  
[1.221s] -- Found gazebo_ros: 3.9.0 (/opt/ros/humble/share/gazebo_ros/cmake)
[1.233s] -- Found PkgConfig: /usr/bin/pkg-config (found version "0.29.2") 
[1.234s] -- Checking for module 'bullet>=2.82'
[1.249s] --   Found bullet, version 3.05
[1.372s] -- Found fcl: /usr/include (found suitable version "0.7.0", minimum required is "0.5.0") 
[1.433s] -- Found assimp: /usr/include (found version "5.2.0") 
[1.458s] -- Found DART: /usr/include (Required is at least version "6.6") found components: dart 
[1.491s] -- Found Boost: /usr/lib/x86_64-linux-gnu/cmake/Boost-1.74.0/BoostConfig.cmake (found suitable version "1.74.0", minimum required is "1.40.0") found components: thread system filesystem program_options regex iostreams date_time 
[1.510s] -- Found Protobuf: /usr/lib/x86_64-linux-gnu/libprotobuf.so (found version "3.12.4") 
[1.516s] -- Looking for ignition-math6 -- found version 6.15.1
[1.523s] -- Searching for dependencies of ignition-math6
[1.525s] -- Looking for OGRE...
[1.525s] -- OGRE_PREFIX_WATCH changed.
[1.533s] -- Checking for module 'OGRE'
[1.547s] --   Found OGRE, version 1.9.0
[1.585s] -- Found Ogre Ghadamon (1.9.0)
[1.592s] -- Found OGRE: optimized;/usr/lib/x86_64-linux-gnu/libOgreMain.so;debug;/usr/lib/x86_64-linux-gnu/libOgreMain.so
[1.600s] -- Looking for OGRE_Paging...
[1.607s] -- Found OGRE_Paging: optimized;/usr/lib/x86_64-linux-gnu/libOgrePaging.so;debug;/usr/lib/x86_64-linux-gnu/libOgrePaging.so
[1.607s] -- Looking for OGRE_Terrain...
[1.611s] -- Found OGRE_Terrain: optimized;/usr/lib/x86_64-linux-gnu/libOgreTerrain.so;debug;/usr/lib/x86_64-linux-gnu/libOgreTerrain.so
[1.611s] -- Looking for OGRE_Property...
[1.631s] -- Found OGRE_Property: optimized;/usr/lib/x86_64-linux-gnu/libOgreProperty.so;debug;/usr/lib/x86_64-linux-gnu/libOgreProperty.so
[1.631s] -- Looking for OGRE_RTShaderSystem...
[1.646s] -- Found OGRE_RTShaderSystem: optimized;/usr/lib/x86_64-linux-gnu/libOgreRTShaderSystem.so;debug;/usr/lib/x86_64-linux-gnu/libOgreRTShaderSystem.so
[1.650s] -- Looking for OGRE_Volume...
[1.654s] -- Found OGRE_Volume: optimized;/usr/lib/x86_64-linux-gnu/libOgreVolume.so;debug;/usr/lib/x86_64-linux-gnu/libOgreVolume.so
[1.655s] -- Looking for OGRE_Overlay...
[1.664s] -- Found OGRE_Overlay: optimized;/usr/lib/x86_64-linux-gnu/libOgreOverlay.so;debug;/usr/lib/x86_64-linux-gnu/libOgreOverlay.so
[1.946s] -- Looking for ignition-math6 -- found version 6.15.1
[1.951s] -- Looking for ignition-transport8 -- found version 8.2.1
[1.952s] -- Searching for dependencies of ignition-transport8
[1.991s] -- Found Protobuf: /usr/lib/x86_64-linux-gnu/libprotobuf.so (found suitable version "3.12.4", minimum required is "3") 
[2.015s] -- Config-file not installed for ZeroMQ -- checking for pkg-config
[2.027s] -- Checking for module 'libzmq >= 4'
[2.070s] --   Found libzmq , version 4.3.4
[2.214s] -- Found ZeroMQ: TRUE (Required is at least version "4") 
[2.230s] -- Checking for module 'uuid'
[2.294s] --   Found uuid, version 2.37.2
[2.432s] -- Found UUID: TRUE  
[2.447s] -- Looking for ignition-msgs5 -- found version 5.8.1
[2.450s] -- Searching for dependencies of ignition-msgs5
[2.521s] -- Looking for ignition-math6 -- found version 6.15.1
[2.547s] -- Checking for module 'tinyxml2'
[2.606s] --   Found tinyxml2, version 9.0.0
[2.770s] -- Looking for ignition-msgs5 -- found version 5.8.1
[2.772s] -- Looking for ignition-common3 -- found version 3.14.0
[2.773s] -- Searching for dependencies of ignition-common3
[2.774s] -- Looking for dlfcn.h - found
[2.777s] -- Looking for libdl - found
[2.779s] -- Found DL: TRUE  
[2.809s] -- Found tinyobjloader: /usr/lib/x86_64-linux-gnu/cmake/tinyobjloader/tinyobjloader-config.cmake (found version "2.0.0") 
[2.809s] -- Searching for <ignition-common3> component [graphics]
[2.813s] -- Looking for ignition-common3-graphics -- found version 3.14.0
[2.814s] -- Searching for dependencies of ignition-common3-graphics
[2.814s] -- Looking for ignition-math6 -- found version 6.15.1
[2.820s] -- Looking for ignition-fuel_tools4 -- found version 4.4.0
[2.821s] -- Searching for dependencies of ignition-fuel_tools4
[3.162s] -- Found CURL: /usr/lib/x86_64-linux-gnu/libcurl.so (found version "7.81.0")  
[3.190s] -- Checking for module 'jsoncpp'
[3.224s] --   Found jsoncpp, version 1.9.5
[3.379s] -- Found JSONCPP: TRUE  
[3.389s] -- Checking for module 'libzip'
[3.446s] --   Found libzip, version 1.7.3
[3.599s] -- Found ZIP: TRUE  
[3.603s] -- Looking for ignition-common3 -- found version 3.14.0
[3.604s] -- Looking for ignition-math6 -- found version 6.15.1
[3.608s] -- Looking for ignition-msgs5 -- found version 5.8.1
[3.625s] -- Gazebo version: 11.10
[3.627s] -- Checking for module 'tbb'
[3.695s] --   Found tbb, version 2021.5.0
[3.852s] -- Found hunav_msgs: 1.0.0 (/home/ambroise/hunav_ws/install/hunav_msgs/share/hunav_msgs/cmake)
[3.948s] -- Found tf2: 0.25.20 (/opt/ros/humble/share/tf2/cmake)
[3.966s] -- Found tf2_geometry_msgs: 0.25.20 (/opt/ros/humble/share/tf2_geometry_msgs/cmake)
[3.986s] -- Found eigen3_cmake_module: 0.1.1 (/opt/ros/humble/share/eigen3_cmake_module/cmake)
[3.986s] -- Found Eigen3: TRUE (found version "3.4.0") 
[3.986s] -- Ensuring Eigen3 include directory is part of orocos-kdl CMake target
[4.557s] -- Configuring done
[4.695s] -- Generating done
[4.732s] -- Build files have been written to: /home/ambroise/hunav_ws/build/hunav_gazebo_wrapper
[4.853s] Invoked command in '/home/ambroise/hunav_ws/build/hunav_gazebo_wrapper' returned '0': CMAKE_PREFIX_PATH=/home/ambroise/hunav_ws/install/hunav_msgs:/home/ambroise/hunav_ws/install/hunav_sim:/home/ambroise/hunav_ws/install/hunav_agent_manager:/home/ambroise/hunav_ws/install/people_msgs:/home/ambroise/hunav_ws/install/hunav_rviz2_panel:/home/ambroise/hunav_ws/install/hunav_gazebo_wrapper:/home/ambroise/hunav_ws/install/hunav_behavior_tree_generator:/home/ambroise/hunav_ws/install/hunav_evaluator:/opt/ros/humble LD_LIBRARY_PATH=/home/ambroise/hunav_ws/install/hunav_msgs/lib:/home/ambroise/hunav_ws/install/people_msgs/lib:/home/ambroise/hunav_ws/install/hunav_rviz2_panel/lib:/home/ambroise/hunav_ws/install/hunav_gazebo_wrapper/lib:/usr/lib/x86_64-linux-gnu/gazebo-11/plugins:/opt/ros/humble/opt/rviz_ogre_vendor/lib:/opt/ros/humble/lib/x86_64-linux-gnu:/opt/ros/humble/lib:/usr/lib/x86_64-linux-gnu/gazebo-11/plugins:/home/ambroise/hunav_ws/install/hunav_gazebo_wrapper/lib /usr/bin/cmake /home/ambroise/hunav_ws/src/hunav_gazebo_wrapper -DAMENT_CMAKE_SYMLINK_INSTALL=1 -DCMAKE_INSTALL_PREFIX=/home/ambroise/hunav_ws/install/hunav_gazebo_wrapper
[4.854s] Invoking command in '/home/ambroise/hunav_ws/build/hunav_gazebo_wrapper': CMAKE_PREFIX_PATH=/home/ambroise/hunav_ws/install/hunav_msgs:/home/ambroise/hunav_ws/install/hunav_sim:/home/ambroise/hunav_ws/install/hunav_agent_manager:/home/ambroise/hunav_ws/install/people_msgs:/home/ambroise/hunav_ws/install/hunav_rviz2_panel:/home/ambroise/hunav_ws/install/hunav_gazebo_wrapper:/home/ambroise/hunav_ws/install/hunav_behavior_tree_generator:/home/ambroise/hunav_ws/install/hunav_evaluator:/opt/ros/humble LD_LIBRARY_PATH=/home/ambroise/hunav_ws/install/hunav_msgs/lib:/home/ambroise/hunav_ws/install/people_msgs/lib:/home/ambroise/hunav_ws/install/hunav_rviz2_panel/lib:/home/ambroise/hunav_ws/install/hunav_gazebo_wrapper/lib:/usr/lib/x86_64-linux-gnu/gazebo-11/plugins:/opt/ros/humble/opt/rviz_ogre_vendor/lib:/opt/ros/humble/lib/x86_64-linux-gnu:/opt/ros/humble/lib:/usr/lib/x86_64-linux-gnu/gazebo-11/plugins:/home/ambroise/hunav_ws/install/hunav_gazebo_wrapper/lib /usr/bin/cmake --build /home/ambroise/hunav_ws/build/hunav_gazebo_wrapper -- -j16 -l16
[5.063s] [ 25%] [32mBuilding CXX object CMakeFiles/HuNavPlugin.dir/src/HuNavPlugin.cpp.o[0m
[5.070s] [ 50%] [32mBuilding CXX object CMakeFiles/hunav_gazebo_world_generator.dir/src/WorldGenerator.cpp.o[0m
[18.499s] [ 75%] [32m[1mLinking CXX executable hunav_gazebo_world_generator[0m
[19.461s] [ 75%] Built target hunav_gazebo_world_generator
[37.919s] [100%] [32m[1mLinking CXX shared library libHuNavPlugin.so[0m
[38.975s] [100%] Built target HuNavPlugin
[38.991s] Invoked command in '/home/ambroise/hunav_ws/build/hunav_gazebo_wrapper' returned '0': CMAKE_PREFIX_PATH=/home/ambroise/hunav_ws/install/hunav_msgs:/home/ambroise/hunav_ws/install/hunav_sim:/home/ambroise/hunav_ws/install/hunav_agent_manager:/home/ambroise/hunav_ws/install/people_msgs:/home/ambroise/hunav_ws/install/hunav_rviz2_panel:/home/ambroise/hunav_ws/install/hunav_gazebo_wrapper:/home/ambroise/hunav_ws/install/hunav_behavior_tree_generator:/home/ambroise/hunav_ws/install/hunav_evaluator:/opt/ros/humble LD_LIBRARY_PATH=/home/ambroise/hunav_ws/install/hunav_msgs/lib:/home/ambroise/hunav_ws/install/people_msgs/lib:/home/ambroise/hunav_ws/install/hunav_rviz2_panel/lib:/home/ambroise/hunav_ws/install/hunav_gazebo_wrapper/lib:/usr/lib/x86_64-linux-gnu/gazebo-11/plugins:/opt/ros/humble/opt/rviz_ogre_vendor/lib:/opt/ros/humble/lib/x86_64-linux-gnu:/opt/ros/humble/lib:/usr/lib/x86_64-linux-gnu/gazebo-11/plugins:/home/ambroise/hunav_ws/install/hunav_gazebo_wrapper/lib /usr/bin/cmake --build /home/ambroise/hunav_ws/build/hunav_gazebo_wrapper -- -j16 -l16
[38.992s] Invoking command in '/home/ambroise/hunav_ws/build/hunav_gazebo_wrapper': CMAKE_PREFIX_PATH=/home/ambroise/hunav_ws/install/hunav_msgs:/home/ambroise/hunav_ws/install/hunav_sim:/home/ambroise/hunav_ws/install/hunav_agent_manager:/home/ambroise/hunav_ws/install/people_msgs:/home/ambroise/hunav_ws/install/hunav_rviz2_panel:/home/ambroise/hunav_ws/install/hunav_gazebo_wrapper:/home/ambroise/hunav_ws/install/hunav_behavior_tree_generator:/home/ambroise/hunav_ws/install/hunav_evaluator:/opt/ros/humble LD_LIBRARY_PATH=/home/ambroise/hunav_ws/install/hunav_msgs/lib:/home/ambroise/hunav_ws/install/people_msgs/lib:/home/ambroise/hunav_ws/install/hunav_rviz2_panel/lib:/home/ambroise/hunav_ws/install/hunav_gazebo_wrapper/lib:/usr/lib/x86_64-linux-gnu/gazebo-11/plugins:/opt/ros/humble/opt/rviz_ogre_vendor/lib:/opt/ros/humble/lib/x86_64-linux-gnu:/opt/ros/humble/lib:/usr/lib/x86_64-linux-gnu/gazebo-11/plugins:/home/ambroise/hunav_ws/install/hunav_gazebo_wrapper/lib /usr/bin/cmake --install /home/ambroise/hunav_ws/build/hunav_gazebo_wrapper
[39.000s] -- Install configuration: ""
[39.000s] -- Execute custom install script
[39.001s] -- Symlinking: /home/ambroise/hunav_ws/install/hunav_gazebo_wrapper/share/hunav_gazebo_wrapper/environment/library_path.sh
[39.013s] -- Symlinking: /home/ambroise/hunav_ws/install/hunav_gazebo_wrapper/share/hunav_gazebo_wrapper/environment/library_path.dsv
[39.024s] -- Symlinking: /home/ambroise/hunav_ws/install/hunav_gazebo_wrapper/lib/hunav_gazebo_wrapper/hunav_gazebo_world_generator
[39.035s] -- Symlinking: /home/ambroise/hunav_ws/install/hunav_gazebo_wrapper/lib/libHuNavPlugin.so
[39.046s] -- Symlinking: /home/ambroise/hunav_ws/install/hunav_gazebo_wrapper/include/hunav_gazebo_wrapper/HuNavPlugin.h
[39.057s] -- Symlinking: /home/ambroise/hunav_ws/install/hunav_gazebo_wrapper/include/hunav_gazebo_wrapper/WorldGenerator.hpp
[39.068s] -- Symlinking: /home/ambroise/hunav_ws/install/hunav_gazebo_wrapper/share/hunav_gazebo_wrapper/launch/params.yaml
[39.079s] -- Symlinking: /home/ambroise/hunav_ws/install/hunav_gazebo_wrapper/share/hunav_gazebo_wrapper/launch/pmb2_cafe.launch.py
[39.089s] -- Symlinking: /home/ambroise/hunav_ws/install/hunav_gazebo_wrapper/share/hunav_gazebo_wrapper/launch/pmb2_hunav.launch.py
[39.098s] -- Symlinking: /home/ambroise/hunav_ws/install/hunav_gazebo_wrapper/share/hunav_gazebo_wrapper/launch/pmb2_pal.launch.py
[39.110s] -- Symlinking: /home/ambroise/hunav_ws/install/hunav_gazebo_wrapper/share/hunav_gazebo_wrapper/launch/pmb2_params/pmb2_nav_public_sim.yaml
[39.120s] -- Symlinking: /home/ambroise/hunav_ws/install/hunav_gazebo_wrapper/share/hunav_gazebo_wrapper/launch/simulation.launch.py
[39.130s] -- Symlinking: /home/ambroise/hunav_ws/install/hunav_gazebo_wrapper/share/hunav_gazebo_wrapper/launch/small_house.launch.py
[39.141s] -- Symlinking: /home/ambroise/hunav_ws/install/hunav_gazebo_wrapper/share/hunav_gazebo_wrapper/launch/small_warehouse.launch.py
[39.152s] -- Symlinking: /home/ambroise/hunav_ws/install/hunav_gazebo_wrapper/share/hunav_gazebo_wrapper/worlds/cafe.world
[39.163s] -- Symlinking: /home/ambroise/hunav_ws/install/hunav_gazebo_wrapper/share/hunav_gazebo_wrapper/worlds/example_cafe.world
[39.173s] -- Symlinking: /home/ambroise/hunav_ws/install/hunav_gazebo_wrapper/share/hunav_gazebo_wrapper/worlds/house.world
[39.182s] -- Symlinking: /home/ambroise/hunav_ws/install/hunav_gazebo_wrapper/share/hunav_gazebo_wrapper/worlds/warehouse.world
[39.193s] -- Symlinking: /home/ambroise/hunav_ws/install/hunav_gazebo_wrapper/share/hunav_gazebo_wrapper/maps/cafe.pgm
[39.203s] -- Symlinking: /home/ambroise/hunav_ws/install/hunav_gazebo_wrapper/share/hunav_gazebo_wrapper/maps/cafe.yaml
[39.212s] -- Symlinking: /home/ambroise/hunav_ws/install/hunav_gazebo_wrapper/share/hunav_gazebo_wrapper/maps/house.pgm
[39.221s] -- Symlinking: /home/ambroise/hunav_ws/install/hunav_gazebo_wrapper/share/hunav_gazebo_wrapper/maps/house.yaml
[39.230s] -- Symlinking: /home/ambroise/hunav_ws/install/hunav_gazebo_wrapper/share/hunav_gazebo_wrapper/maps/warehouse.pgm
[39.240s] -- Symlinking: /home/ambroise/hunav_ws/install/hunav_gazebo_wrapper/share/hunav_gazebo_wrapper/maps/warehouse.yaml
[39.251s] -- Symlinking: /home/ambroise/hunav_ws/install/hunav_gazebo_wrapper/share/hunav_gazebo_wrapper/scenarios/agents_cafe.yaml
[39.261s] -- Symlinking: /home/ambroise/hunav_ws/install/hunav_gazebo_wrapper/share/hunav_gazebo_wrapper/scenarios/agents_house.yaml
[39.272s] -- Symlinking: /home/ambroise/hunav_ws/install/hunav_gazebo_wrapper/share/hunav_gazebo_wrapper/scenarios/agents_warehouse.yaml
[39.283s] -- Symlinking: /home/ambroise/hunav_ws/install/hunav_gazebo_wrapper/share/hunav_gazebo_wrapper/scenarios/warehouse_agents_1.yaml
[39.295s] -- Symlinking: /home/ambroise/hunav_ws/install/hunav_gazebo_wrapper/share/hunav_gazebo_wrapper/behavior_trees/BTCuriousNav.xml
[39.306s] -- Symlinking: /home/ambroise/hunav_ws/install/hunav_gazebo_wrapper/share/hunav_gazebo_wrapper/behavior_trees/BTRegularNav.xml
[39.316s] -- Symlinking: /home/ambroise/hunav_ws/install/hunav_gazebo_wrapper/share/hunav_gazebo_wrapper/behavior_trees/BTScaredNav.xml
[39.328s] -- Symlinking: /home/ambroise/hunav_ws/install/hunav_gazebo_wrapper/share/hunav_gazebo_wrapper/behavior_trees/BTSurprisedNav.xml
[39.340s] -- Symlinking: /home/ambroise/hunav_ws/install/hunav_gazebo_wrapper/share/hunav_gazebo_wrapper/behavior_trees/BTThreateningNav.xml
[39.352s] -- Symlinking: /home/ambroise/hunav_ws/install/hunav_gazebo_wrapper/share/hunav_gazebo_wrapper/behavior_trees/agents_cafe__agent_1_bt.xml
[39.365s] -- Symlinking: /home/ambroise/hunav_ws/install/hunav_gazebo_wrapper/share/hunav_gazebo_wrapper/behavior_trees/agents_cafe__agent_2_bt.xml
[39.378s] -- Symlinking: /home/ambroise/hunav_ws/install/hunav_gazebo_wrapper/share/hunav_gazebo_wrapper/behavior_trees/agents_cafe__agent_3_bt.xml
[39.389s] -- Symlinking: /home/ambroise/hunav_ws/install/hunav_gazebo_wrapper/share/hunav_gazebo_wrapper/behavior_trees/agents_house__agent_1_bt.xml
[39.401s] -- Symlinking: /home/ambroise/hunav_ws/install/hunav_gazebo_wrapper/share/hunav_gazebo_wrapper/behavior_trees/agents_house__agent_2_bt.xml
[39.413s] -- Symlinking: /home/ambroise/hunav_ws/install/hunav_gazebo_wrapper/share/hunav_gazebo_wrapper/behavior_trees/agents_house__agent_3_bt.xml
[39.426s] -- Symlinking: /home/ambroise/hunav_ws/install/hunav_gazebo_wrapper/share/hunav_gazebo_wrapper/behavior_trees/agents_warehouse__agent_1_bt.xml
[39.437s] -- Symlinking: /home/ambroise/hunav_ws/install/hunav_gazebo_wrapper/share/hunav_gazebo_wrapper/behavior_trees/agents_warehouse__agent_2_bt.xml
[39.448s] -- Symlinking: /home/ambroise/hunav_ws/install/hunav_gazebo_wrapper/share/hunav_gazebo_wrapper/behavior_trees/agents_warehouse__agent_3_bt.xml
[39.460s] -- Symlinking: /home/ambroise/hunav_ws/install/hunav_gazebo_wrapper/share/hunav_gazebo_wrapper/behavior_trees/warehouse_agents_1__agent_1_bt.xml
[39.471s] -- Symlinking: /home/ambroise/hunav_ws/install/hunav_gazebo_wrapper/share/hunav_gazebo_wrapper/behavior_trees/warehouse_agents_1__agent_2_bt.xml
[39.524s] -- Symlinking: /home/ambroise/hunav_ws/install/hunav_gazebo_wrapper/share/hunav_gazebo_wrapper//models/02_01-walk.bvh
[39.535s] -- Symlinking: /home/ambroise/hunav_ws/install/hunav_gazebo_wrapper/share/hunav_gazebo_wrapper//models/02_07.bvh
[39.546s] -- Symlinking: /home/ambroise/hunav_ws/install/hunav_gazebo_wrapper/share/hunav_gazebo_wrapper//models/05_02.bvh
[39.559s] -- Symlinking: /home/ambroise/hunav_ws/install/hunav_gazebo_wrapper/share/hunav_gazebo_wrapper//models/07_01-walk.bvh
[39.572s] -- Symlinking: /home/ambroise/hunav_ws/install/hunav_gazebo_wrapper/share/hunav_gazebo_wrapper//models/07_04-slow_walk.bvh
[39.584s] -- Symlinking: /home/ambroise/hunav_ws/install/hunav_gazebo_wrapper/share/hunav_gazebo_wrapper//models/07_05-slow_walk.bvh
[39.595s] -- Symlinking: /home/ambroise/hunav_ws/install/hunav_gazebo_wrapper/share/hunav_gazebo_wrapper//models/08_08-walk2.bvh
[39.607s] -- Symlinking: /home/ambroise/hunav_ws/install/hunav_gazebo_wrapper/share/hunav_gazebo_wrapper//models/120_19-walk_slow.bvh
[39.620s] -- Symlinking: /home/ambroise/hunav_ws/install/hunav_gazebo_wrapper/share/hunav_gazebo_wrapper//models/137_28-normal_wait.bvh
[39.632s] -- Symlinking: /home/ambroise/hunav_ws/install/hunav_gazebo_wrapper/share/hunav_gazebo_wrapper//models/13_14-laugh.bvh
[39.643s] -- Symlinking: /home/ambroise/hunav_ws/install/hunav_gazebo_wrapper/share/hunav_gazebo_wrapper//models/141_16-wave_hello.bvh
[39.655s] -- Symlinking: /home/ambroise/hunav_ws/install/hunav_gazebo_wrapper/share/hunav_gazebo_wrapper//models/141_20-waiting.bvh
[39.666s] -- Symlinking: /home/ambroise/hunav_ws/install/hunav_gazebo_wrapper/share/hunav_gazebo_wrapper//models/142_01-walk_childist.bvh
[39.678s] -- Symlinking: /home/ambroise/hunav_ws/install/hunav_gazebo_wrapper/share/hunav_gazebo_wrapper//models/142_04-walk_cool.bvh
[39.690s] -- Symlinking: /home/ambroise/hunav_ws/install/hunav_gazebo_wrapper/share/hunav_gazebo_wrapper//models/142_08-walk_happy.bvh
[39.702s] -- Symlinking: /home/ambroise/hunav_ws/install/hunav_gazebo_wrapper/share/hunav_gazebo_wrapper//models/142_16-walk_scared.bvh
[39.715s] -- Symlinking: /home/ambroise/hunav_ws/install/hunav_gazebo_wrapper/share/hunav_gazebo_wrapper//models/142_17-walk_scared.bvh
[39.725s] -- Symlinking: /home/ambroise/hunav_ws/install/hunav_gazebo_wrapper/share/hunav_gazebo_wrapper//models/142_19-walk_shy.bvh
[39.736s] -- Symlinking: /home/ambroise/hunav_ws/install/hunav_gazebo_wrapper/share/hunav_gazebo_wrapper//models/17_01-walk_with_anger.bvh
[39.747s] -- Symlinking: /home/ambroise/hunav_ws/install/hunav_gazebo_wrapper/share/hunav_gazebo_wrapper//models/69_02_walk_forward.bvh
[39.757s] -- Symlinking: /home/ambroise/hunav_ws/install/hunav_gazebo_wrapper/share/hunav_gazebo_wrapper//models/aws_robomaker_residential_AirconditionerA_01/materials/textures/aws_AirconditionerA_01.png
[39.767s] -- Symlinking: /home/ambroise/hunav_ws/install/hunav_gazebo_wrapper/share/hunav_gazebo_wrapper//models/aws_robomaker_residential_AirconditionerA_01/meshes/aws_AirconditionerA_01_collision.DAE
[39.779s] -- Symlinking: /home/ambroise/hunav_ws/install/hunav_gazebo_wrapper/share/hunav_gazebo_wrapper//models/aws_robomaker_residential_AirconditionerA_01/meshes/aws_AirconditionerA_01_visual.DAE
[39.789s] -- Symlinking: /home/ambroise/hunav_ws/install/hunav_gazebo_wrapper/share/hunav_gazebo_wrapper//models/aws_robomaker_residential_AirconditionerA_01/model.config
[39.800s] -- Symlinking: /home/ambroise/hunav_ws/install/hunav_gazebo_wrapper/share/hunav_gazebo_wrapper//models/aws_robomaker_residential_AirconditionerA_01/model.sdf
[39.813s] -- Symlinking: /home/ambroise/hunav_ws/install/hunav_gazebo_wrapper/share/hunav_gazebo_wrapper//models/aws_robomaker_residential_AirconditionerB_01/materials/textures/aws_AirconditionerB_01.png
[39.824s] -- Symlinking: /home/ambroise/hunav_ws/install/hunav_gazebo_wrapper/share/hunav_gazebo_wrapper//models/aws_robomaker_residential_AirconditionerB_01/meshes/aws_AirconditionerB_01_collision.DAE
[39.836s] -- Symlinking: /home/ambroise/hunav_ws/install/hunav_gazebo_wrapper/share/hunav_gazebo_wrapper//models/aws_robomaker_residential_AirconditionerB_01/meshes/aws_AirconditionerB_01_visual.DAE
[39.850s] -- Symlinking: /home/ambroise/hunav_ws/install/hunav_gazebo_wrapper/share/hunav_gazebo_wrapper//models/aws_robomaker_residential_AirconditionerB_01/model.config
[39.862s] -- Symlinking: /home/ambroise/hunav_ws/install/hunav_gazebo_wrapper/share/hunav_gazebo_wrapper//models/aws_robomaker_residential_AirconditionerB_01/model.sdf
[39.873s] -- Symlinking: /home/ambroise/hunav_ws/install/hunav_gazebo_wrapper/share/hunav_gazebo_wrapper//models/aws_robomaker_residential_BalconyTable_01/materials/textures/aws_BalconyTable_01.png
[39.885s] -- Symlinking: /home/ambroise/hunav_ws/install/hunav_gazebo_wrapper/share/hunav_gazebo_wrapper//models/aws_robomaker_residential_BalconyTable_01/meshes/aws_BalconyTable_01_collision.DAE
[39.897s] -- Symlinking: /home/ambroise/hunav_ws/install/hunav_gazebo_wrapper/share/hunav_gazebo_wrapper//models/aws_robomaker_residential_BalconyTable_01/meshes/aws_BalconyTable_01_visual.DAE
[39.908s] -- Symlinking: /home/ambroise/hunav_ws/install/hunav_gazebo_wrapper/share/hunav_gazebo_wrapper//models/aws_robomaker_residential_BalconyTable_01/model.config
[39.920s] -- Symlinking: /home/ambroise/hunav_ws/install/hunav_gazebo_wrapper/share/hunav_gazebo_wrapper//models/aws_robomaker_residential_BalconyTable_01/model.sdf
[39.933s] -- Symlinking: /home/ambroise/hunav_ws/install/hunav_gazebo_wrapper/share/hunav_gazebo_wrapper//models/aws_robomaker_residential_Ball_01/materials/textures/aws_Ball_01.png
[39.944s] -- Symlinking: /home/ambroise/hunav_ws/install/hunav_gazebo_wrapper/share/hunav_gazebo_wrapper//models/aws_robomaker_residential_Ball_01/meshes/aws_Ball_01_collision.DAE
[39.956s] -- Symlinking: /home/ambroise/hunav_ws/install/hunav_gazebo_wrapper/share/hunav_gazebo_wrapper//models/aws_robomaker_residential_Ball_01/meshes/aws_Ball_01_visual.DAE
[39.967s] -- Symlinking: /home/ambroise/hunav_ws/install/hunav_gazebo_wrapper/share/hunav_gazebo_wrapper//models/aws_robomaker_residential_Ball_01/model.config
[39.979s] -- Symlinking: /home/ambroise/hunav_ws/install/hunav_gazebo_wrapper/share/hunav_gazebo_wrapper//models/aws_robomaker_residential_Ball_01/model.sdf
[39.991s] -- Symlinking: /home/ambroise/hunav_ws/install/hunav_gazebo_wrapper/share/hunav_gazebo_wrapper//models/aws_robomaker_residential_Bed_01/materials/textures/aws_BedA_01.png
[40.003s] -- Symlinking: /home/ambroise/hunav_ws/install/hunav_gazebo_wrapper/share/hunav_gazebo_wrapper//models/aws_robomaker_residential_Bed_01/materials/textures/aws_BedB_01.png
[40.016s] -- Symlinking: /home/ambroise/hunav_ws/install/hunav_gazebo_wrapper/share/hunav_gazebo_wrapper//models/aws_robomaker_residential_Bed_01/materials/textures/aws_BedC_01.png
[40.028s] -- Symlinking: /home/ambroise/hunav_ws/install/hunav_gazebo_wrapper/share/hunav_gazebo_wrapper//models/aws_robomaker_residential_Bed_01/materials/textures/aws_Bed_01.png
[40.041s] -- Symlinking: /home/ambroise/hunav_ws/install/hunav_gazebo_wrapper/share/hunav_gazebo_wrapper//models/aws_robomaker_residential_Bed_01/meshes/aws_Bed_01_collision.DAE
[40.052s] -- Symlinking: /home/ambroise/hunav_ws/install/hunav_gazebo_wrapper/share/hunav_gazebo_wrapper//models/aws_robomaker_residential_Bed_01/meshes/aws_Bed_01_visual.DAE
[40.064s] -- Symlinking: /home/ambroise/hunav_ws/install/hunav_gazebo_wrapper/share/hunav_gazebo_wrapper//models/aws_robomaker_residential_Bed_01/model.config
[40.075s] -- Symlinking: /home/ambroise/hunav_ws/install/hunav_gazebo_wrapper/share/hunav_gazebo_wrapper//models/aws_robomaker_residential_Bed_01/model.sdf
[40.089s] -- Symlinking: /home/ambroise/hunav_ws/install/hunav_gazebo_wrapper/share/hunav_gazebo_wrapper//models/aws_robomaker_residential_Board_01/materials/textures/aws_Board_01.png
[40.102s] -- Symlinking: /home/ambroise/hunav_ws/install/hunav_gazebo_wrapper/share/hunav_gazebo_wrapper//models/aws_robomaker_residential_Board_01/meshes/aws_Board_01_collision.DAE
[40.114s] -- Symlinking: /home/ambroise/hunav_ws/install/hunav_gazebo_wrapper/share/hunav_gazebo_wrapper//models/aws_robomaker_residential_Board_01/meshes/aws_Board_01_visual.DAE
[40.126s] -- Symlinking: /home/ambroise/hunav_ws/install/hunav_gazebo_wrapper/share/hunav_gazebo_wrapper//models/aws_robomaker_residential_Board_01/model.config
[40.138s] -- Symlinking: /home/ambroise/hunav_ws/install/hunav_gazebo_wrapper/share/hunav_gazebo_wrapper//models/aws_robomaker_residential_Board_01/model.sdf
[40.150s] -- Symlinking: /home/ambroise/hunav_ws/install/hunav_gazebo_wrapper/share/hunav_gazebo_wrapper//models/aws_robomaker_residential_Carpet_01/materials/textures/aws_Carpet_01.png
[40.162s] -- Symlinking: /home/ambroise/hunav_ws/install/hunav_gazebo_wrapper/share/hunav_gazebo_wrapper//models/aws_robomaker_residential_Carpet_01/meshes/aws_Carpet_01_collision.DAE
[40.174s] -- Symlinking: /home/ambroise/hunav_ws/install/hunav_gazebo_wrapper/share/hunav_gazebo_wrapper//models/aws_robomaker_residential_Carpet_01/meshes/aws_Carpet_01_visual.DAE
[40.186s] -- Symlinking: /home/ambroise/hunav_ws/install/hunav_gazebo_wrapper/share/hunav_gazebo_wrapper//models/aws_robomaker_residential_Carpet_01/model.config
[40.199s] -- Symlinking: /home/ambroise/hunav_ws/install/hunav_gazebo_wrapper/share/hunav_gazebo_wrapper//models/aws_robomaker_residential_Carpet_01/model.sdf
[40.212s] -- Symlinking: /home/ambroise/hunav_ws/install/hunav_gazebo_wrapper/share/hunav_gazebo_wrapper//models/aws_robomaker_residential_ChairA_01/materials/textures/aws_ChairA_01.png
[40.224s] -- Symlinking: /home/ambroise/hunav_ws/install/hunav_gazebo_wrapper/share/hunav_gazebo_wrapper//models/aws_robomaker_residential_ChairA_01/meshes/aws_ChairA_01_collision.DAE
[40.236s] -- Symlinking: /home/ambroise/hunav_ws/install/hunav_gazebo_wrapper/share/hunav_gazebo_wrapper//models/aws_robomaker_residential_ChairA_01/meshes/aws_ChairA_01_visual.DAE
[40.248s] -- Symlinking: /home/ambroise/hunav_ws/install/hunav_gazebo_wrapper/share/hunav_gazebo_wrapper//models/aws_robomaker_residential_ChairA_01/model.config
[40.258s] -- Symlinking: /home/ambroise/hunav_ws/install/hunav_gazebo_wrapper/share/hunav_gazebo_wrapper//models/aws_robomaker_residential_ChairA_01/model.sdf
[40.270s] -- Symlinking: /home/ambroise/hunav_ws/install/hunav_gazebo_wrapper/share/hunav_gazebo_wrapper//models/aws_robomaker_residential_ChairD_01/materials/textures/aws_ChairD_01.png
[40.281s] -- Symlinking: /home/ambroise/hunav_ws/install/hunav_gazebo_wrapper/share/hunav_gazebo_wrapper//models/aws_robomaker_residential_ChairD_01/meshes/aws_ChairD_01_collision.DAE
[40.293s] -- Symlinking: /home/ambroise/hunav_ws/install/hunav_gazebo_wrapper/share/hunav_gazebo_wrapper//models/aws_robomaker_residential_ChairD_01/meshes/aws_ChairD_01_visual.DAE
[40.304s] -- Symlinking: /home/ambroise/hunav_ws/install/hunav_gazebo_wrapper/share/hunav_gazebo_wrapper//models/aws_robomaker_residential_ChairD_01/model.config
[40.315s] -- Symlinking: /home/ambroise/hunav_ws/install/hunav_gazebo_wrapper/share/hunav_gazebo_wrapper//models/aws_robomaker_residential_ChairD_01/model.sdf
[40.327s] -- Symlinking: /home/ambroise/hunav_ws/install/hunav_gazebo_wrapper/share/hunav_gazebo_wrapper//models/aws_robomaker_residential_Chandelier_01/materials/textures/aws_Chandelier_01.png
[40.339s] -- Symlinking: /home/ambroise/hunav_ws/install/hunav_gazebo_wrapper/share/hunav_gazebo_wrapper//models/aws_robomaker_residential_Chandelier_01/meshes/aws_Chandelier_01.DAE
[40.349s] -- Symlinking: /home/ambroise/hunav_ws/install/hunav_gazebo_wrapper/share/hunav_gazebo_wrapper//models/aws_robomaker_residential_Chandelier_01/meshes/aws_Chandelier_01_collision.DAE
[40.360s] -- Symlinking: /home/ambroise/hunav_ws/install/hunav_gazebo_wrapper/share/hunav_gazebo_wrapper//models/aws_robomaker_residential_Chandelier_01/meshes/aws_Chandelier_01_visual.DAE
[40.370s] -- Symlinking: /home/ambroise/hunav_ws/install/hunav_gazebo_wrapper/share/hunav_gazebo_wrapper//models/aws_robomaker_residential_Chandelier_01/model.config
[40.380s] -- Symlinking: /home/ambroise/hunav_ws/install/hunav_gazebo_wrapper/share/hunav_gazebo_wrapper//models/aws_robomaker_residential_Chandelier_01/model.sdf
[40.391s] -- Symlinking: /home/ambroise/hunav_ws/install/hunav_gazebo_wrapper/share/hunav_gazebo_wrapper//models/aws_robomaker_residential_CoffeeTable_01/materials/textures/aws_CoffeeTable_01.png
[40.401s] -- Symlinking: /home/ambroise/hunav_ws/install/hunav_gazebo_wrapper/share/hunav_gazebo_wrapper//models/aws_robomaker_residential_CoffeeTable_01/meshes/aws_CoffeeTable_01_collision.DAE
[40.413s] -- Symlinking: /home/ambroise/hunav_ws/install/hunav_gazebo_wrapper/share/hunav_gazebo_wrapper//models/aws_robomaker_residential_CoffeeTable_01/meshes/aws_CoffeeTable_01_visual.DAE
[40.426s] -- Symlinking: /home/ambroise/hunav_ws/install/hunav_gazebo_wrapper/share/hunav_gazebo_wrapper//models/aws_robomaker_residential_CoffeeTable_01/model.config
[40.438s] -- Symlinking: /home/ambroise/hunav_ws/install/hunav_gazebo_wrapper/share/hunav_gazebo_wrapper//models/aws_robomaker_residential_CoffeeTable_01/model.sdf
[40.449s] -- Symlinking: /home/ambroise/hunav_ws/install/hunav_gazebo_wrapper/share/hunav_gazebo_wrapper//models/aws_robomaker_residential_CookingBench_01/materials/textures/aws_CookingBench_01.png
[40.461s] -- Symlinking: /home/ambroise/hunav_ws/install/hunav_gazebo_wrapper/share/hunav_gazebo_wrapper//models/aws_robomaker_residential_CookingBench_01/meshes/aws_CookingBench_01.DAE
[40.472s] -- Symlinking: /home/ambroise/hunav_ws/install/hunav_gazebo_wrapper/share/hunav_gazebo_wrapper//models/aws_robomaker_residential_CookingBench_01/meshes/aws_CookingBench_01_collision.DAE
[40.483s] -- Symlinking: /home/ambroise/hunav_ws/install/hunav_gazebo_wrapper/share/hunav_gazebo_wrapper//models/aws_robomaker_residential_CookingBench_01/meshes/aws_CookingBench_01_visual.DAE
[40.494s] -- Symlinking: /home/ambroise/hunav_ws/install/hunav_gazebo_wrapper/share/hunav_gazebo_wrapper//models/aws_robomaker_residential_CookingBench_01/model.config
[40.506s] -- Symlinking: /home/ambroise/hunav_ws/install/hunav_gazebo_wrapper/share/hunav_gazebo_wrapper//models/aws_robomaker_residential_CookingBench_01/model.sdf
[40.519s] -- Symlinking: /home/ambroise/hunav_ws/install/hunav_gazebo_wrapper/share/hunav_gazebo_wrapper//models/aws_robomaker_residential_Curtain_01/materials/textures/aws_Curtain_01.png
[40.531s] -- Symlinking: /home/ambroise/hunav_ws/install/hunav_gazebo_wrapper/share/hunav_gazebo_wrapper//models/aws_robomaker_residential_Curtain_01/meshes/aws_Curtain_01_collision.DAE
[40.541s] -- Symlinking: /home/ambroise/hunav_ws/install/hunav_gazebo_wrapper/share/hunav_gazebo_wrapper//models/aws_robomaker_residential_Curtain_01/meshes/aws_Curtain_01_visual.DAE
[40.553s] -- Symlinking: /home/ambroise/hunav_ws/install/hunav_gazebo_wrapper/share/hunav_gazebo_wrapper//models/aws_robomaker_residential_Curtain_01/model.config
[40.565s] -- Symlinking: /home/ambroise/hunav_ws/install/hunav_gazebo_wrapper/share/hunav_gazebo_wrapper//models/aws_robomaker_residential_Curtain_01/model.sdf
[40.578s] -- Symlinking: /home/ambroise/hunav_ws/install/hunav_gazebo_wrapper/share/hunav_gazebo_wrapper//models/aws_robomaker_residential_DeskPortraitA_01/materials/textures/DeskPortraitA_01.jpg
[40.591s] -- Symlinking: /home/ambroise/hunav_ws/install/hunav_gazebo_wrapper/share/hunav_gazebo_wrapper//models/aws_robomaker_residential_DeskPortraitA_01/materials/textures/aws_DeskPortraitA_01.png
[40.603s] -- Symlinking: /home/ambroise/hunav_ws/install/hunav_gazebo_wrapper/share/hunav_gazebo_wrapper//models/aws_robomaker_residential_DeskPortraitA_01/materials/textures/aws_DeskPortraitA_02.png
[40.616s] -- Symlinking: /home/ambroise/hunav_ws/install/hunav_gazebo_wrapper/share/hunav_gazebo_wrapper//models/aws_robomaker_residential_DeskPortraitA_01/meshes/aws_DeskPortraitA_01_collision.DAE
[40.628s] -- Symlinking: /home/ambroise/hunav_ws/install/hunav_gazebo_wrapper/share/hunav_gazebo_wrapper//models/aws_robomaker_residential_DeskPortraitA_01/meshes/aws_DeskPortraitA_01_visual.DAE
[40.641s] -- Symlinking: /home/ambroise/hunav_ws/install/hunav_gazebo_wrapper/share/hunav_gazebo_wrapper//models/aws_robomaker_residential_DeskPortraitA_01/model.config
[40.655s] -- Symlinking: /home/ambroise/hunav_ws/install/hunav_gazebo_wrapper/share/hunav_gazebo_wrapper//models/aws_robomaker_residential_DeskPortraitA_01/model.sdf
[40.666s] -- Symlinking: /home/ambroise/hunav_ws/install/hunav_gazebo_wrapper/share/hunav_gazebo_wrapper//models/aws_robomaker_residential_DeskPortraitA_02/materials/textures/DeskPortraitA_02.jpg
[40.678s] -- Symlinking: /home/ambroise/hunav_ws/install/hunav_gazebo_wrapper/share/hunav_gazebo_wrapper//models/aws_robomaker_residential_DeskPortraitA_02/materials/textures/aws_DeskPortraitA_01.png
[40.690s] -- Symlinking: /home/ambroise/hunav_ws/install/hunav_gazebo_wrapper/share/hunav_gazebo_wrapper//models/aws_robomaker_residential_DeskPortraitA_02/materials/textures/aws_DeskPortraitA_02.png
[40.702s] -- Symlinking: /home/ambroise/hunav_ws/install/hunav_gazebo_wrapper/share/hunav_gazebo_wrapper//models/aws_robomaker_residential_DeskPortraitA_02/meshes/aws_DeskPortraitA_01_collision.DAE
[40.714s] -- Symlinking: /home/ambroise/hunav_ws/install/hunav_gazebo_wrapper/share/hunav_gazebo_wrapper//models/aws_robomaker_residential_DeskPortraitA_02/meshes/aws_DeskPortraitA_01_visual.DAE
[40.725s] -- Symlinking: /home/ambroise/hunav_ws/install/hunav_gazebo_wrapper/share/hunav_gazebo_wrapper//models/aws_robomaker_residential_DeskPortraitA_02/model.config
[40.738s] -- Symlinking: /home/ambroise/hunav_ws/install/hunav_gazebo_wrapper/share/hunav_gazebo_wrapper//models/aws_robomaker_residential_DeskPortraitA_02/model.sdf
[40.748s] -- Symlinking: /home/ambroise/hunav_ws/install/hunav_gazebo_wrapper/share/hunav_gazebo_wrapper//models/aws_robomaker_residential_DeskPortraitB_01/materials/textures/DeskPortraitB_01.jpg
[40.758s] -- Symlinking: /home/ambroise/hunav_ws/install/hunav_gazebo_wrapper/share/hunav_gazebo_wrapper//models/aws_robomaker_residential_DeskPortraitB_01/materials/textures/aws_DeskPortraitB_01.png
[40.770s] -- Symlinking: /home/ambroise/hunav_ws/install/hunav_gazebo_wrapper/share/hunav_gazebo_wrapper//models/aws_robomaker_residential_DeskPortraitB_01/materials/textures/aws_DeskPortraitB_02.png
[40.781s] -- Symlinking: /home/ambroise/hunav_ws/install/hunav_gazebo_wrapper/share/hunav_gazebo_wrapper//models/aws_robomaker_residential_DeskPortraitB_01/meshes/aws_DeskPortraitB_01_collision.DAE
[40.792s] -- Symlinking: /home/ambroise/hunav_ws/install/hunav_gazebo_wrapper/share/hunav_gazebo_wrapper//models/aws_robomaker_residential_DeskPortraitB_01/meshes/aws_DeskPortraitB_01_visual.DAE
[40.804s] -- Symlinking: /home/ambroise/hunav_ws/install/hunav_gazebo_wrapper/share/hunav_gazebo_wrapper//models/aws_robomaker_residential_DeskPortraitB_01/model.config
[40.814s] -- Symlinking: /home/ambroise/hunav_ws/install/hunav_gazebo_wrapper/share/hunav_gazebo_wrapper//models/aws_robomaker_residential_DeskPortraitB_01/model.sdf
[40.822s] -- Symlinking: /home/ambroise/hunav_ws/install/hunav_gazebo_wrapper/share/hunav_gazebo_wrapper//models/aws_robomaker_residential_DeskPortraitB_02/materials/textures/DeskPortraitB_02.jpg
[40.834s] -- Symlinking: /home/ambroise/hunav_ws/install/hunav_gazebo_wrapper/share/hunav_gazebo_wrapper//models/aws_robomaker_residential_DeskPortraitB_02/materials/textures/aws_DeskPortraitB_01.png
[40.845s] -- Symlinking: /home/ambroise/hunav_ws/install/hunav_gazebo_wrapper/share/hunav_gazebo_wrapper//models/aws_robomaker_residential_DeskPortraitB_02/materials/textures/aws_DeskPortraitB_02.png
[40.857s] -- Symlinking: /home/ambroise/hunav_ws/install/hunav_gazebo_wrapper/share/hunav_gazebo_wrapper//models/aws_robomaker_residential_DeskPortraitB_02/meshes/aws_DeskPortraitB_01_collision.DAE
[40.868s] -- Symlinking: /home/ambroise/hunav_ws/install/hunav_gazebo_wrapper/share/hunav_gazebo_wrapper//models/aws_robomaker_residential_DeskPortraitB_02/meshes/aws_DeskPortraitB_01_visual.DAE
[40.878s] -- Symlinking: /home/ambroise/hunav_ws/install/hunav_gazebo_wrapper/share/hunav_gazebo_wrapper//models/aws_robomaker_residential_DeskPortraitB_02/model.config
[40.888s] -- Symlinking: /home/ambroise/hunav_ws/install/hunav_gazebo_wrapper/share/hunav_gazebo_wrapper//models/aws_robomaker_residential_DeskPortraitB_02/model.sdf
[40.901s] -- Symlinking: /home/ambroise/hunav_ws/install/hunav_gazebo_wrapper/share/hunav_gazebo_wrapper//models/aws_robomaker_residential_DeskPortraitC_01/materials/textures/DeskPortraitC_01.jpg
[40.912s] -- Symlinking: /home/ambroise/hunav_ws/install/hunav_gazebo_wrapper/share/hunav_gazebo_wrapper//models/aws_robomaker_residential_DeskPortraitC_01/materials/textures/aws_DeskPortraitC_01.png
[40.923s] -- Symlinking: /home/ambroise/hunav_ws/install/hunav_gazebo_wrapper/share/hunav_gazebo_wrapper//models/aws_robomaker_residential_DeskPortraitC_01/materials/textures/aws_DeskPortraitC_02.png
[40.937s] -- Symlinking: /home/ambroise/hunav_ws/install/hunav_gazebo_wrapper/share/hunav_gazebo_wrapper//models/aws_robomaker_residential_DeskPortraitC_01/meshes/aws_DeskPortraitC_01_collision.DAE
[40.948s] -- Symlinking: /home/ambroise/hunav_ws/install/hunav_gazebo_wrapper/share/hunav_gazebo_wrapper//models/aws_robomaker_residential_DeskPortraitC_01/meshes/aws_DeskPortraitC_01_visual.DAE
[40.959s] -- Symlinking: /home/ambroise/hunav_ws/install/hunav_gazebo_wrapper/share/hunav_gazebo_wrapper//models/aws_robomaker_residential_DeskPortraitC_01/model.config
[40.970s] -- Symlinking: /home/ambroise/hunav_ws/install/hunav_gazebo_wrapper/share/hunav_gazebo_wrapper//models/aws_robomaker_residential_DeskPortraitC_01/model.sdf
[40.983s] -- Symlinking: /home/ambroise/hunav_ws/install/hunav_gazebo_wrapper/share/hunav_gazebo_wrapper//models/aws_robomaker_residential_DeskPortraitC_02/materials/textures/DeskPortraitC_02.jpg
[40.995s] -- Symlinking: /home/ambroise/hunav_ws/install/hunav_gazebo_wrapper/share/hunav_gazebo_wrapper//models/aws_robomaker_residential_DeskPortraitC_02/materials/textures/aws_DeskPortraitC_01.png
[41.006s] -- Symlinking: /home/ambroise/hunav_ws/install/hunav_gazebo_wrapper/share/hunav_gazebo_wrapper//models/aws_robomaker_residential_DeskPortraitC_02/materials/textures/aws_DeskPortraitC_02.png
[41.018s] -- Symlinking: /home/ambroise/hunav_ws/install/hunav_gazebo_wrapper/share/hunav_gazebo_wrapper//models/aws_robomaker_residential_DeskPortraitC_02/meshes/aws_DeskPortraitC_01_collision.DAE
[41.030s] -- Symlinking: /home/ambroise/hunav_ws/install/hunav_gazebo_wrapper/share/hunav_gazebo_wrapper//models/aws_robomaker_residential_DeskPortraitC_02/meshes/aws_DeskPortraitC_01_visual.DAE
[41.040s] -- Symlinking: /home/ambroise/hunav_ws/install/hunav_gazebo_wrapper/share/hunav_gazebo_wrapper//models/aws_robomaker_residential_DeskPortraitC_02/model.config
[41.053s] -- Symlinking: /home/ambroise/hunav_ws/install/hunav_gazebo_wrapper/share/hunav_gazebo_wrapper//models/aws_robomaker_residential_DeskPortraitC_02/model.sdf
[41.065s] -- Symlinking: /home/ambroise/hunav_ws/install/hunav_gazebo_wrapper/share/hunav_gazebo_wrapper//models/aws_robomaker_residential_DeskPortraitD_01/materials/textures/DeskPortraitD_01.jpg
[41.075s] -- Symlinking: /home/ambroise/hunav_ws/install/hunav_gazebo_wrapper/share/hunav_gazebo_wrapper//models/aws_robomaker_residential_DeskPortraitD_01/materials/textures/aws_DeskPortraitD_01.png
[41.085s] -- Symlinking: /home/ambroise/hunav_ws/install/hunav_gazebo_wrapper/share/hunav_gazebo_wrapper//models/aws_robomaker_residential_DeskPortraitD_01/materials/textures/aws_DeskPortraitD_02.png
[41.098s] -- Symlinking: /home/ambroise/hunav_ws/install/hunav_gazebo_wrapper/share/hunav_gazebo_wrapper//models/aws_robomaker_residential_DeskPortraitD_01/meshes/aws_DeskPortraitD_01_collision.DAE
[41.110s] -- Symlinking: /home/ambroise/hunav_ws/install/hunav_gazebo_wrapper/share/hunav_gazebo_wrapper//models/aws_robomaker_residential_DeskPortraitD_01/meshes/aws_DeskPortraitD_01_visual.DAE
[41.123s] -- Symlinking: /home/ambroise/hunav_ws/install/hunav_gazebo_wrapper/share/hunav_gazebo_wrapper//models/aws_robomaker_residential_DeskPortraitD_01/model.config
[41.133s] -- Symlinking: /home/ambroise/hunav_ws/install/hunav_gazebo_wrapper/share/hunav_gazebo_wrapper//models/aws_robomaker_residential_DeskPortraitD_01/model.sdf
[41.145s] -- Symlinking: /home/ambroise/hunav_ws/install/hunav_gazebo_wrapper/share/hunav_gazebo_wrapper//models/aws_robomaker_residential_DeskPortraitD_02/materials/textures/DeskPortraitD_02.jpg
[41.157s] -- Symlinking: /home/ambroise/hunav_ws/install/hunav_gazebo_wrapper/share/hunav_gazebo_wrapper//models/aws_robomaker_residential_DeskPortraitD_02/materials/textures/aws_DeskPortraitD_01.png
[41.170s] -- Symlinking: /home/ambroise/hunav_ws/install/hunav_gazebo_wrapper/share/hunav_gazebo_wrapper//models/aws_robomaker_residential_DeskPortraitD_02/materials/textures/aws_DeskPortraitD_02.png
[41.182s] -- Symlinking: /home/ambroise/hunav_ws/install/hunav_gazebo_wrapper/share/hunav_gazebo_wrapper//models/aws_robomaker_residential_DeskPortraitD_02/meshes/aws_DeskPortraitD_01_collision.DAE
[41.194s] -- Symlinking: /home/ambroise/hunav_ws/install/hunav_gazebo_wrapper/share/hunav_gazebo_wrapper//models/aws_robomaker_residential_DeskPortraitD_02/meshes/aws_DeskPortraitD_01_visual.DAE
[41.206s] -- Symlinking: /home/ambroise/hunav_ws/install/hunav_gazebo_wrapper/share/hunav_gazebo_wrapper//models/aws_robomaker_residential_DeskPortraitD_02/model.config
[41.219s] -- Symlinking: /home/ambroise/hunav_ws/install/hunav_gazebo_wrapper/share/hunav_gazebo_wrapper//models/aws_robomaker_residential_DeskPortraitD_02/model.sdf
[41.230s] -- Symlinking: /home/ambroise/hunav_ws/install/hunav_gazebo_wrapper/share/hunav_gazebo_wrapper//models/aws_robomaker_residential_DeskPortraitD_03/materials/textures/DeskPortraitD_03.jpg
[41.241s] -- Symlinking: /home/ambroise/hunav_ws/install/hunav_gazebo_wrapper/share/hunav_gazebo_wrapper//models/aws_robomaker_residential_DeskPortraitD_03/materials/textures/aws_DeskPortraitD_01.png
[41.253s] -- Symlinking: /home/ambroise/hunav_ws/install/hunav_gazebo_wrapper/share/hunav_gazebo_wrapper//models/aws_robomaker_residential_DeskPortraitD_03/materials/textures/aws_DeskPortraitD_02.png
[41.264s] -- Symlinking: /home/ambroise/hunav_ws/install/hunav_gazebo_wrapper/share/hunav_gazebo_wrapper//models/aws_robomaker_residential_DeskPortraitD_03/meshes/aws_DeskPortraitD_01_collision.DAE
[41.276s] -- Symlinking: /home/ambroise/hunav_ws/install/hunav_gazebo_wrapper/share/hunav_gazebo_wrapper//models/aws_robomaker_residential_DeskPortraitD_03/meshes/aws_DeskPortraitD_01_visual.DAE
[41.287s] -- Symlinking: /home/ambroise/hunav_ws/install/hunav_gazebo_wrapper/share/hunav_gazebo_wrapper//models/aws_robomaker_residential_DeskPortraitD_03/model.config
[41.298s] -- Symlinking: /home/ambroise/hunav_ws/install/hunav_gazebo_wrapper/share/hunav_gazebo_wrapper//models/aws_robomaker_residential_DeskPortraitD_03/model.sdf
[41.309s] -- Symlinking: /home/ambroise/hunav_ws/install/hunav_gazebo_wrapper/share/hunav_gazebo_wrapper//models/aws_robomaker_residential_DeskPortraitD_04/materials/textures/DeskPortraitD_04.jpg
[41.321s] -- Symlinking: /home/ambroise/hunav_ws/install/hunav_gazebo_wrapper/share/hunav_gazebo_wrapper//models/aws_robomaker_residential_DeskPortraitD_04/materials/textures/aws_DeskPortraitD_01.png
[41.333s] -- Symlinking: /home/ambroise/hunav_ws/install/hunav_gazebo_wrapper/share/hunav_gazebo_wrapper//models/aws_robomaker_residential_DeskPortraitD_04/materials/textures/aws_DeskPortraitD_02.png
[41.346s] -- Symlinking: /home/ambroise/hunav_ws/install/hunav_gazebo_wrapper/share/hunav_gazebo_wrapper//models/aws_robomaker_residential_DeskPortraitD_04/meshes/aws_DeskPortraitD_01_collision.DAE
[41.358s] -- Symlinking: /home/ambroise/hunav_ws/install/hunav_gazebo_wrapper/share/hunav_gazebo_wrapper//models/aws_robomaker_residential_DeskPortraitD_04/meshes/aws_DeskPortraitD_01_visual.DAE
[41.369s] -- Symlinking: /home/ambroise/hunav_ws/install/hunav_gazebo_wrapper/share/hunav_gazebo_wrapper//models/aws_robomaker_residential_DeskPortraitD_04/model.config
[41.381s] -- Symlinking: /home/ambroise/hunav_ws/install/hunav_gazebo_wrapper/share/hunav_gazebo_wrapper//models/aws_robomaker_residential_DeskPortraitD_04/model.sdf
[41.394s] -- Symlinking: /home/ambroise/hunav_ws/install/hunav_gazebo_wrapper/share/hunav_gazebo_wrapper//models/aws_robomaker_residential_Door_01/materials/textures/aws_Door_01.png
[41.405s] -- Symlinking: /home/ambroise/hunav_ws/install/hunav_gazebo_wrapper/share/hunav_gazebo_wrapper//models/aws_robomaker_residential_Door_01/meshes/aws_Door_01_collision.DAE
[41.417s] -- Symlinking: /home/ambroise/hunav_ws/install/hunav_gazebo_wrapper/share/hunav_gazebo_wrapper//models/aws_robomaker_residential_Door_01/meshes/aws_Door_01_visual.DAE
[41.430s] -- Symlinking: /home/ambroise/hunav_ws/install/hunav_gazebo_wrapper/share/hunav_gazebo_wrapper//models/aws_robomaker_residential_Door_01/model.config
[41.444s] -- Symlinking: /home/ambroise/hunav_ws/install/hunav_gazebo_wrapper/share/hunav_gazebo_wrapper//models/aws_robomaker_residential_Door_01/model.sdf
[41.456s] -- Symlinking: /home/ambroise/hunav_ws/install/hunav_gazebo_wrapper/share/hunav_gazebo_wrapper//models/aws_robomaker_residential_Dumbbell_01/materials/textures/aws_Dumbbell_01.png
[41.467s] -- Symlinking: /home/ambroise/hunav_ws/install/hunav_gazebo_wrapper/share/hunav_gazebo_wrapper//models/aws_robomaker_residential_Dumbbell_01/meshes/aws_Dumbbell_01_collision.DAE
[41.480s] -- Symlinking: /home/ambroise/hunav_ws/install/hunav_gazebo_wrapper/share/hunav_gazebo_wrapper//models/aws_robomaker_residential_Dumbbell_01/meshes/aws_Dumbbell_01_visual.DAE
[41.492s] -- Symlinking: /home/ambroise/hunav_ws/install/hunav_gazebo_wrapper/share/hunav_gazebo_wrapper//models/aws_robomaker_residential_Dumbbell_01/model.config
[41.502s] -- Symlinking: /home/ambroise/hunav_ws/install/hunav_gazebo_wrapper/share/hunav_gazebo_wrapper//models/aws_robomaker_residential_Dumbbell_01/model.sdf
[41.515s] -- Symlinking: /home/ambroise/hunav_ws/install/hunav_gazebo_wrapper/share/hunav_gazebo_wrapper//models/aws_robomaker_residential_FitnessEquipment_01/materials/textures/aws_FitnessEquipment_01.png
[41.528s] -- Symlinking: /home/ambroise/hunav_ws/install/hunav_gazebo_wrapper/share/hunav_gazebo_wrapper//models/aws_robomaker_residential_FitnessEquipment_01/meshes/aws_FitnessEquipment_01_collision.DAE
[41.540s] -- Symlinking: /home/ambroise/hunav_ws/install/hunav_gazebo_wrapper/share/hunav_gazebo_wrapper//models/aws_robomaker_residential_FitnessEquipment_01/meshes/aws_FitnessEquipment_01_visual.DAE
[41.551s] -- Symlinking: /home/ambroise/hunav_ws/install/hunav_gazebo_wrapper/share/hunav_gazebo_wrapper//models/aws_robomaker_residential_FitnessEquipment_01/model.config
[41.563s] -- Symlinking: /home/ambroise/hunav_ws/install/hunav_gazebo_wrapper/share/hunav_gazebo_wrapper//models/aws_robomaker_residential_FitnessEquipment_01/model.sdf
[41.575s] -- Symlinking: /home/ambroise/hunav_ws/install/hunav_gazebo_wrapper/share/hunav_gazebo_wrapper//models/aws_robomaker_residential_FloorB_01/materials/textures/aws_FloorB_01.png
[41.587s] -- Symlinking: /home/ambroise/hunav_ws/install/hunav_gazebo_wrapper/share/hunav_gazebo_wrapper//models/aws_robomaker_residential_FloorB_01/meshes/aws_FloorB_01_collision.DAE
[41.597s] -- Symlinking: /home/ambroise/hunav_ws/install/hunav_gazebo_wrapper/share/hunav_gazebo_wrapper//models/aws_robomaker_residential_FloorB_01/meshes/aws_FloorB_01_visual.DAE
[41.609s] -- Symlinking: /home/ambroise/hunav_ws/install/hunav_gazebo_wrapper/share/hunav_gazebo_wrapper//models/aws_robomaker_residential_FloorB_01/model.config
[41.623s] -- Symlinking: /home/ambroise/hunav_ws/install/hunav_gazebo_wrapper/share/hunav_gazebo_wrapper//models/aws_robomaker_residential_FloorB_01/model.sdf
[41.635s] -- Symlinking: /home/ambroise/hunav_ws/install/hunav_gazebo_wrapper/share/hunav_gazebo_wrapper//models/aws_robomaker_residential_FoldingDoor_01/materials/textures/aws_FoldingDoor_01.png
[41.647s] -- Symlinking: /home/ambroise/hunav_ws/install/hunav_gazebo_wrapper/share/hunav_gazebo_wrapper//models/aws_robomaker_residential_FoldingDoor_01/meshes/aws_FoldingDoor_01_collision.DAE
[41.659s] -- Symlinking: /home/ambroise/hunav_ws/install/hunav_gazebo_wrapper/share/hunav_gazebo_wrapper//models/aws_robomaker_residential_FoldingDoor_01/meshes/aws_FoldingDoor_01_visual.DAE
[41.672s] -- Symlinking: /home/ambroise/hunav_ws/install/hunav_gazebo_wrapper/share/hunav_gazebo_wrapper//models/aws_robomaker_residential_FoldingDoor_01/model.config
[41.684s] -- Symlinking: /home/ambroise/hunav_ws/install/hunav_gazebo_wrapper/share/hunav_gazebo_wrapper//models/aws_robomaker_residential_FoldingDoor_01/model.sdf
[41.695s] -- Symlinking: /home/ambroise/hunav_ws/install/hunav_gazebo_wrapper/share/hunav_gazebo_wrapper//models/aws_robomaker_residential_FoldingDoor_02/materials/textures/aws_FoldingDoor_02.png
[41.708s] -- Symlinking: /home/ambroise/hunav_ws/install/hunav_gazebo_wrapper/share/hunav_gazebo_wrapper//models/aws_robomaker_residential_FoldingDoor_02/meshes/aws_FoldingDoor_02_collision.DAE
[41.719s] -- Symlinking: /home/ambroise/hunav_ws/install/hunav_gazebo_wrapper/share/hunav_gazebo_wrapper//models/aws_robomaker_residential_FoldingDoor_02/meshes/aws_FoldingDoor_02_visual.DAE
[41.730s] -- Symlinking: /home/ambroise/hunav_ws/install/hunav_gazebo_wrapper/share/hunav_gazebo_wrapper//models/aws_robomaker_residential_FoldingDoor_02/model.config
[41.741s] -- Symlinking: /home/ambroise/hunav_ws/install/hunav_gazebo_wrapper/share/hunav_gazebo_wrapper//models/aws_robomaker_residential_FoldingDoor_02/model.sdf
[41.753s] -- Symlinking: /home/ambroise/hunav_ws/install/hunav_gazebo_wrapper/share/hunav_gazebo_wrapper//models/aws_robomaker_residential_Handle_01/materials/textures/aws_Handle_01.png
[41.765s] -- Symlinking: /home/ambroise/hunav_ws/install/hunav_gazebo_wrapper/share/hunav_gazebo_wrapper//models/aws_robomaker_residential_Handle_01/meshes/aws_Handle_01_collision.DAE
[41.775s] -- Symlinking: /home/ambroise/hunav_ws/install/hunav_gazebo_wrapper/share/hunav_gazebo_wrapper//models/aws_robomaker_residential_Handle_01/meshes/aws_Handle_01_visual.DAE
[41.788s] -- Symlinking: /home/ambroise/hunav_ws/install/hunav_gazebo_wrapper/share/hunav_gazebo_wrapper//models/aws_robomaker_residential_Handle_01/model.config
[41.800s] -- Symlinking: /home/ambroise/hunav_ws/install/hunav_gazebo_wrapper/share/hunav_gazebo_wrapper//models/aws_robomaker_residential_Handle_01/model.sdf
[41.813s] -- Symlinking: /home/ambroise/hunav_ws/install/hunav_gazebo_wrapper/share/hunav_gazebo_wrapper//models/aws_robomaker_residential_HouseWallB_01/materials/textures/aws_HouseWallB_01.png
[41.824s] -- Symlinking: /home/ambroise/hunav_ws/install/hunav_gazebo_wrapper/share/hunav_gazebo_wrapper//models/aws_robomaker_residential_HouseWallB_01/meshes/aws_HouseWallB_01_collision.DAE
[41.837s] -- Symlinking: /home/ambroise/hunav_ws/install/hunav_gazebo_wrapper/share/hunav_gazebo_wrapper//models/aws_robomaker_residential_HouseWallB_01/meshes/aws_HouseWallB_01_visual.DAE
[41.847s] -- Symlinking: /home/ambroise/hunav_ws/install/hunav_gazebo_wrapper/share/hunav_gazebo_wrapper//models/aws_robomaker_residential_HouseWallB_01/model.config
[41.861s] -- Symlinking: /home/ambroise/hunav_ws/install/hunav_gazebo_wrapper/share/hunav_gazebo_wrapper//models/aws_robomaker_residential_HouseWallB_01/model.sdf
[41.874s] -- Symlinking: /home/ambroise/hunav_ws/install/hunav_gazebo_wrapper/share/hunav_gazebo_wrapper//models/aws_robomaker_residential_KitchenCabinet_01/materials/textures/aws_KitchenCabinet_01.png
[41.885s] -- Symlinking: /home/ambroise/hunav_ws/install/hunav_gazebo_wrapper/share/hunav_gazebo_wrapper//models/aws_robomaker_residential_KitchenCabinet_01/meshes/aws_KitchenCabinet_01_collision.DAE
[41.896s] -- Symlinking: /home/ambroise/hunav_ws/install/hunav_gazebo_wrapper/share/hunav_gazebo_wrapper//models/aws_robomaker_residential_KitchenCabinet_01/meshes/aws_KitchenCabinet_01_visual.DAE
[41.907s] -- Symlinking: /home/ambroise/hunav_ws/install/hunav_gazebo_wrapper/share/hunav_gazebo_wrapper//models/aws_robomaker_residential_KitchenCabinet_01/model.config
[41.919s] -- Symlinking: /home/ambroise/hunav_ws/install/hunav_gazebo_wrapper/share/hunav_gazebo_wrapper//models/aws_robomaker_residential_KitchenCabinet_01/model.sdf
[41.932s] -- Symlinking: /home/ambroise/hunav_ws/install/hunav_gazebo_wrapper/share/hunav_gazebo_wrapper//models/aws_robomaker_residential_KitchenTable_01/materials/textures/aws_KitchenTable_01.png
[41.944s] -- Symlinking: /home/ambroise/hunav_ws/install/hunav_gazebo_wrapper/share/hunav_gazebo_wrapper//models/aws_robomaker_residential_KitchenTable_01/meshes/aws_KitchenTable_01_collision.DAE
[41.957s] -- Symlinking: /home/ambroise/hunav_ws/install/hunav_gazebo_wrapper/share/hunav_gazebo_wrapper//models/aws_robomaker_residential_KitchenTable_01/meshes/aws_KitchenTable_01_visual.DAE
[41.969s] -- Symlinking: /home/ambroise/hunav_ws/install/hunav_gazebo_wrapper/share/hunav_gazebo_wrapper//models/aws_robomaker_residential_KitchenTable_01/model.config
[41.981s] -- Symlinking: /home/ambroise/hunav_ws/install/hunav_gazebo_wrapper/share/hunav_gazebo_wrapper//models/aws_robomaker_residential_KitchenTable_01/model.sdf
[41.992s] -- Symlinking: /home/ambroise/hunav_ws/install/hunav_gazebo_wrapper/share/hunav_gazebo_wrapper//models/aws_robomaker_residential_KitchenUtensils_01/materials/textures/aws_KitchenUtensils_01.png
[42.003s] -- Symlinking: /home/ambroise/hunav_ws/install/hunav_gazebo_wrapper/share/hunav_gazebo_wrapper//models/aws_robomaker_residential_KitchenUtensils_01/meshes/aws_KitchenUtensils_01_collision.DAE
[42.014s] -- Symlinking: /home/ambroise/hunav_ws/install/hunav_gazebo_wrapper/share/hunav_gazebo_wrapper//models/aws_robomaker_residential_KitchenUtensils_01/meshes/aws_KitchenUtensils_01_visual.DAE
[42.025s] -- Symlinking: /home/ambroise/hunav_ws/install/hunav_gazebo_wrapper/share/hunav_gazebo_wrapper//models/aws_robomaker_residential_KitchenUtensils_01/model.config
[42.036s] -- Symlinking: /home/ambroise/hunav_ws/install/hunav_gazebo_wrapper/share/hunav_gazebo_wrapper//models/aws_robomaker_residential_KitchenUtensils_01/model.sdf
[42.048s] -- Symlinking: /home/ambroise/hunav_ws/install/hunav_gazebo_wrapper/share/hunav_gazebo_wrapper//models/aws_robomaker_residential_LightC_01/materials/textures/aws_LightC_01.png
[42.059s] -- Symlinking: /home/ambroise/hunav_ws/install/hunav_gazebo_wrapper/share/hunav_gazebo_wrapper//models/aws_robomaker_residential_LightC_01/meshes/aws_LightC_01_collision.DAE
[42.072s] -- Symlinking: /home/ambroise/hunav_ws/install/hunav_gazebo_wrapper/share/hunav_gazebo_wrapper//models/aws_robomaker_residential_LightC_01/meshes/aws_LightC_01_visual.DAE
[42.086s] -- Symlinking: /home/ambroise/hunav_ws/install/hunav_gazebo_wrapper/share/hunav_gazebo_wrapper//models/aws_robomaker_residential_LightC_01/model.config
[42.097s] -- Symlinking: /home/ambroise/hunav_ws/install/hunav_gazebo_wrapper/share/hunav_gazebo_wrapper//models/aws_robomaker_residential_LightC_01/model.sdf
[42.109s] -- Symlinking: /home/ambroise/hunav_ws/install/hunav_gazebo_wrapper/share/hunav_gazebo_wrapper//models/aws_robomaker_residential_NightStand_01/materials/textures/aws_NightStand_01.png
[42.122s] -- Symlinking: /home/ambroise/hunav_ws/install/hunav_gazebo_wrapper/share/hunav_gazebo_wrapper//models/aws_robomaker_residential_NightStand_01/meshes/aws_NightStand_01_collision.DAE
[42.134s] -- Symlinking: /home/ambroise/hunav_ws/install/hunav_gazebo_wrapper/share/hunav_gazebo_wrapper//models/aws_robomaker_residential_NightStand_01/meshes/aws_NightStand_01_visual.DAE
[42.147s] -- Symlinking: /home/ambroise/hunav_ws/install/hunav_gazebo_wrapper/share/hunav_gazebo_wrapper//models/aws_robomaker_residential_NightStand_01/model.config
[42.159s] -- Symlinking: /home/ambroise/hunav_ws/install/hunav_gazebo_wrapper/share/hunav_gazebo_wrapper//models/aws_robomaker_residential_NightStand_01/model.sdf
[42.171s] -- Symlinking: /home/ambroise/hunav_ws/install/hunav_gazebo_wrapper/share/hunav_gazebo_wrapper//models/aws_robomaker_residential_Pillow_01/materials/textures/aws_Pillow_01.png
[42.184s] -- Symlinking: /home/ambroise/hunav_ws/install/hunav_gazebo_wrapper/share/hunav_gazebo_wrapper//models/aws_robomaker_residential_Pillow_01/meshes/aws_Pillow_01_collision.DAE
[42.195s] -- Symlinking: /home/ambroise/hunav_ws/install/hunav_gazebo_wrapper/share/hunav_gazebo_wrapper//models/aws_robomaker_residential_Pillow_01/meshes/aws_Pillow_01_visual.DAE
[42.206s] -- Symlinking: /home/ambroise/hunav_ws/install/hunav_gazebo_wrapper/share/hunav_gazebo_wrapper//models/aws_robomaker_residential_Pillow_01/model.config
[42.219s] -- Symlinking: /home/ambroise/hunav_ws/install/hunav_gazebo_wrapper/share/hunav_gazebo_wrapper//models/aws_robomaker_residential_Pillow_01/model.sdf
[42.231s] -- Symlinking: /home/ambroise/hunav_ws/install/hunav_gazebo_wrapper/share/hunav_gazebo_wrapper//models/aws_robomaker_residential_PortraitA_01/materials/textures/PortraitA_01.jpg
[42.242s] -- Symlinking: /home/ambroise/hunav_ws/install/hunav_gazebo_wrapper/share/hunav_gazebo_wrapper//models/aws_robomaker_residential_PortraitA_01/materials/textures/aws_PortraitA_01.png
[42.254s] -- Symlinking: /home/ambroise/hunav_ws/install/hunav_gazebo_wrapper/share/hunav_gazebo_wrapper//models/aws_robomaker_residential_PortraitA_01/materials/textures/aws_PortraitA_02.png
[42.266s] -- Symlinking: /home/ambroise/hunav_ws/install/hunav_gazebo_wrapper/share/hunav_gazebo_wrapper//models/aws_robomaker_residential_PortraitA_01/meshes/aws_PortraitA_01_collision.DAE
[42.279s] -- Symlinking: /home/ambroise/hunav_ws/install/hunav_gazebo_wrapper/share/hunav_gazebo_wrapper//models/aws_robomaker_residential_PortraitA_01/meshes/aws_PortraitA_01_visual.DAE
[42.290s] -- Symlinking: /home/ambroise/hunav_ws/install/hunav_gazebo_wrapper/share/hunav_gazebo_wrapper//models/aws_robomaker_residential_PortraitA_01/model.config
[42.301s] -- Symlinking: /home/ambroise/hunav_ws/install/hunav_gazebo_wrapper/share/hunav_gazebo_wrapper//models/aws_robomaker_residential_PortraitA_01/model.sdf
[42.312s] -- Symlinking: /home/ambroise/hunav_ws/install/hunav_gazebo_wrapper/share/hunav_gazebo_wrapper//models/aws_robomaker_residential_PortraitA_02/materials/textures/PortraitA_02.jpg
[42.323s] -- Symlinking: /home/ambroise/hunav_ws/install/hunav_gazebo_wrapper/share/hunav_gazebo_wrapper//models/aws_robomaker_residential_PortraitA_02/materials/textures/aws_PortraitA_01.png
[42.335s] -- Symlinking: /home/ambroise/hunav_ws/install/hunav_gazebo_wrapper/share/hunav_gazebo_wrapper//models/aws_robomaker_residential_PortraitA_02/materials/textures/aws_PortraitA_02.png
[42.345s] -- Symlinking: /home/ambroise/hunav_ws/install/hunav_gazebo_wrapper/share/hunav_gazebo_wrapper//models/aws_robomaker_residential_PortraitA_02/meshes/aws_PortraitA_01_collision.DAE
[42.355s] -- Symlinking: /home/ambroise/hunav_ws/install/hunav_gazebo_wrapper/share/hunav_gazebo_wrapper//models/aws_robomaker_residential_PortraitA_02/meshes/aws_PortraitA_01_visual.DAE
[42.366s] -- Symlinking: /home/ambroise/hunav_ws/install/hunav_gazebo_wrapper/share/hunav_gazebo_wrapper//models/aws_robomaker_residential_PortraitA_02/model.config
[42.377s] -- Symlinking: /home/ambroise/hunav_ws/install/hunav_gazebo_wrapper/share/hunav_gazebo_wrapper//models/aws_robomaker_residential_PortraitA_02/model.sdf
[42.388s] -- Symlinking: /home/ambroise/hunav_ws/install/hunav_gazebo_wrapper/share/hunav_gazebo_wrapper//models/aws_robomaker_residential_PortraitB_01/materials/textures/PortraitB_01.jpg
[42.398s] -- Symlinking: /home/ambroise/hunav_ws/install/hunav_gazebo_wrapper/share/hunav_gazebo_wrapper//models/aws_robomaker_residential_PortraitB_01/materials/textures/aws_PortraitB_01.png
[42.410s] -- Symlinking: /home/ambroise/hunav_ws/install/hunav_gazebo_wrapper/share/hunav_gazebo_wrapper//models/aws_robomaker_residential_PortraitB_01/materials/textures/aws_PortraitB_02.png
[42.421s] -- Symlinking: /home/ambroise/hunav_ws/install/hunav_gazebo_wrapper/share/hunav_gazebo_wrapper//models/aws_robomaker_residential_PortraitB_01/meshes/aws_PortraitB_01_collision.DAE
[42.434s] -- Symlinking: /home/ambroise/hunav_ws/install/hunav_gazebo_wrapper/share/hunav_gazebo_wrapper//models/aws_robomaker_residential_PortraitB_01/meshes/aws_PortraitB_01_visual.DAE
[42.445s] -- Symlinking: /home/ambroise/hunav_ws/install/hunav_gazebo_wrapper/share/hunav_gazebo_wrapper//models/aws_robomaker_residential_PortraitB_01/model.config
[42.456s] -- Symlinking: /home/ambroise/hunav_ws/install/hunav_gazebo_wrapper/share/hunav_gazebo_wrapper//models/aws_robomaker_residential_PortraitB_01/model.sdf
[42.470s] -- Symlinking: /home/ambroise/hunav_ws/install/hunav_gazebo_wrapper/share/hunav_gazebo_wrapper//models/aws_robomaker_residential_PortraitB_02/materials/textures/PortraitB_02.jpg
[42.482s] -- Symlinking: /home/ambroise/hunav_ws/install/hunav_gazebo_wrapper/share/hunav_gazebo_wrapper//models/aws_robomaker_residential_PortraitB_02/materials/textures/aws_PortraitB_01.png
[42.497s] -- Symlinking: /home/ambroise/hunav_ws/install/hunav_gazebo_wrapper/share/hunav_gazebo_wrapper//models/aws_robomaker_residential_PortraitB_02/materials/textures/aws_PortraitB_02.png
[42.509s] -- Symlinking: /home/ambroise/hunav_ws/install/hunav_gazebo_wrapper/share/hunav_gazebo_wrapper//models/aws_robomaker_residential_PortraitB_02/meshes/aws_PortraitB_01_collision.DAE
[42.521s] -- Symlinking: /home/ambroise/hunav_ws/install/hunav_gazebo_wrapper/share/hunav_gazebo_wrapper//models/aws_robomaker_residential_PortraitB_02/meshes/aws_PortraitB_01_visual.DAE
[42.533s] -- Symlinking: /home/ambroise/hunav_ws/install/hunav_gazebo_wrapper/share/hunav_gazebo_wrapper//models/aws_robomaker_residential_PortraitB_02/model.config
[42.543s] -- Symlinking: /home/ambroise/hunav_ws/install/hunav_gazebo_wrapper/share/hunav_gazebo_wrapper//models/aws_robomaker_residential_PortraitB_02/model.sdf
[42.553s] -- Symlinking: /home/ambroise/hunav_ws/install/hunav_gazebo_wrapper/share/hunav_gazebo_wrapper//models/aws_robomaker_residential_PortraitB_03/materials/textures/PortraitB_03.jpg
[42.564s] -- Symlinking: /home/ambroise/hunav_ws/install/hunav_gazebo_wrapper/share/hunav_gazebo_wrapper//models/aws_robomaker_residential_PortraitB_03/materials/textures/aws_PortraitB_01.png
[42.574s] -- Symlinking: /home/ambroise/hunav_ws/install/hunav_gazebo_wrapper/share/hunav_gazebo_wrapper//models/aws_robomaker_residential_PortraitB_03/materials/textures/aws_PortraitB_02.png
[42.583s] -- Symlinking: /home/ambroise/hunav_ws/install/hunav_gazebo_wrapper/share/hunav_gazebo_wrapper//models/aws_robomaker_residential_PortraitB_03/meshes/aws_PortraitB_01_collision.DAE
[42.594s] -- Symlinking: /home/ambroise/hunav_ws/install/hunav_gazebo_wrapper/share/hunav_gazebo_wrapper//models/aws_robomaker_residential_PortraitB_03/meshes/aws_PortraitB_01_visual.DAE
[42.606s] -- Symlinking: /home/ambroise/hunav_ws/install/hunav_gazebo_wrapper/share/hunav_gazebo_wrapper//models/aws_robomaker_residential_PortraitB_03/model.config
[42.617s] -- Symlinking: /home/ambroise/hunav_ws/install/hunav_gazebo_wrapper/share/hunav_gazebo_wrapper//models/aws_robomaker_residential_PortraitB_03/model.sdf
[42.629s] -- Symlinking: /home/ambroise/hunav_ws/install/hunav_gazebo_wrapper/share/hunav_gazebo_wrapper//models/aws_robomaker_residential_PortraitC_01/materials/textures/PortraitC_01.jpg
[42.641s] -- Symlinking: /home/ambroise/hunav_ws/install/hunav_gazebo_wrapper/share/hunav_gazebo_wrapper//models/aws_robomaker_residential_PortraitC_01/materials/textures/aws_PortraitC_01.png
[42.652s] -- Symlinking: /home/ambroise/hunav_ws/install/hunav_gazebo_wrapper/share/hunav_gazebo_wrapper//models/aws_robomaker_residential_PortraitC_01/materials/textures/aws_PortraitC_02.png
[42.664s] -- Symlinking: /home/ambroise/hunav_ws/install/hunav_gazebo_wrapper/share/hunav_gazebo_wrapper//models/aws_robomaker_residential_PortraitC_01/meshes/aws_PortraitC_01_collision.DAE
[42.676s] -- Symlinking: /home/ambroise/hunav_ws/install/hunav_gazebo_wrapper/share/hunav_gazebo_wrapper//models/aws_robomaker_residential_PortraitC_01/meshes/aws_PortraitC_01_visual.DAE
[42.689s] -- Symlinking: /home/ambroise/hunav_ws/install/hunav_gazebo_wrapper/share/hunav_gazebo_wrapper//models/aws_robomaker_residential_PortraitC_01/model.config
[42.701s] -- Symlinking: /home/ambroise/hunav_ws/install/hunav_gazebo_wrapper/share/hunav_gazebo_wrapper//models/aws_robomaker_residential_PortraitC_01/model.sdf
[42.712s] -- Symlinking: /home/ambroise/hunav_ws/install/hunav_gazebo_wrapper/share/hunav_gazebo_wrapper//models/aws_robomaker_residential_PortraitD_01/materials/textures/PortraitD_01.jpg
[42.724s] -- Symlinking: /home/ambroise/hunav_ws/install/hunav_gazebo_wrapper/share/hunav_gazebo_wrapper//models/aws_robomaker_residential_PortraitD_01/materials/textures/aws_PortraitD_01.png
[42.738s] -- Symlinking: /home/ambroise/hunav_ws/install/hunav_gazebo_wrapper/share/hunav_gazebo_wrapper//models/aws_robomaker_residential_PortraitD_01/materials/textures/aws_PortraitD_02.png
[42.749s] -- Symlinking: /home/ambroise/hunav_ws/install/hunav_gazebo_wrapper/share/hunav_gazebo_wrapper//models/aws_robomaker_residential_PortraitD_01/meshes/aws_PortraitD_01_collision.DAE
[42.760s] -- Symlinking: /home/ambroise/hunav_ws/install/hunav_gazebo_wrapper/share/hunav_gazebo_wrapper//models/aws_robomaker_residential_PortraitD_01/meshes/aws_PortraitD_01_visual.DAE
[42.771s] -- Symlinking: /home/ambroise/hunav_ws/install/hunav_gazebo_wrapper/share/hunav_gazebo_wrapper//models/aws_robomaker_residential_PortraitD_01/model.config
[42.781s] -- Symlinking: /home/ambroise/hunav_ws/install/hunav_gazebo_wrapper/share/hunav_gazebo_wrapper//models/aws_robomaker_residential_PortraitD_01/model.sdf
[42.792s] -- Symlinking: /home/ambroise/hunav_ws/install/hunav_gazebo_wrapper/share/hunav_gazebo_wrapper//models/aws_robomaker_residential_PortraitD_02/materials/textures/PortraitD_02.jpg
[42.803s] -- Symlinking: /home/ambroise/hunav_ws/install/hunav_gazebo_wrapper/share/hunav_gazebo_wrapper//models/aws_robomaker_residential_PortraitD_02/materials/textures/aws_PortraitD_01.png
[42.815s] -- Symlinking: /home/ambroise/hunav_ws/install/hunav_gazebo_wrapper/share/hunav_gazebo_wrapper//models/aws_robomaker_residential_PortraitD_02/materials/textures/aws_PortraitD_02.png
[42.827s] -- Symlinking: /home/ambroise/hunav_ws/install/hunav_gazebo_wrapper/share/hunav_gazebo_wrapper//models/aws_robomaker_residential_PortraitD_02/meshes/aws_PortraitD_01_collision.DAE
[42.839s] -- Symlinking: /home/ambroise/hunav_ws/install/hunav_gazebo_wrapper/share/hunav_gazebo_wrapper//models/aws_robomaker_residential_PortraitD_02/meshes/aws_PortraitD_01_visual.DAE
[42.851s] -- Symlinking: /home/ambroise/hunav_ws/install/hunav_gazebo_wrapper/share/hunav_gazebo_wrapper//models/aws_robomaker_residential_PortraitD_02/model.config
[42.861s] -- Symlinking: /home/ambroise/hunav_ws/install/hunav_gazebo_wrapper/share/hunav_gazebo_wrapper//models/aws_robomaker_residential_PortraitD_02/model.sdf
[42.873s] -- Symlinking: /home/ambroise/hunav_ws/install/hunav_gazebo_wrapper/share/hunav_gazebo_wrapper//models/aws_robomaker_residential_PortraitE_01/materials/textures/PortraitE_01.jpg
[42.887s] -- Symlinking: /home/ambroise/hunav_ws/install/hunav_gazebo_wrapper/share/hunav_gazebo_wrapper//models/aws_robomaker_residential_PortraitE_01/materials/textures/aws_PortraitE_01.png
[42.898s] -- Symlinking: /home/ambroise/hunav_ws/install/hunav_gazebo_wrapper/share/hunav_gazebo_wrapper//models/aws_robomaker_residential_PortraitE_01/materials/textures/aws_PortraitE_02.png
[42.907s] -- Symlinking: /home/ambroise/hunav_ws/install/hunav_gazebo_wrapper/share/hunav_gazebo_wrapper//models/aws_robomaker_residential_PortraitE_01/meshes/aws_PortraitE_01_collision.DAE
[42.918s] -- Symlinking: /home/ambroise/hunav_ws/install/hunav_gazebo_wrapper/share/hunav_gazebo_wrapper//models/aws_robomaker_residential_PortraitE_01/meshes/aws_PortraitE_01_visual.DAE
[42.929s] -- Symlinking: /home/ambroise/hunav_ws/install/hunav_gazebo_wrapper/share/hunav_gazebo_wrapper//models/aws_robomaker_residential_PortraitE_01/model.config
[42.938s] -- Symlinking: /home/ambroise/hunav_ws/install/hunav_gazebo_wrapper/share/hunav_gazebo_wrapper//models/aws_robomaker_residential_PortraitE_01/model.sdf
[42.948s] -- Symlinking: /home/ambroise/hunav_ws/install/hunav_gazebo_wrapper/share/hunav_gazebo_wrapper//models/aws_robomaker_residential_PortraitE_02/materials/textures/PortraitE_02.jpg
[42.959s] -- Symlinking: /home/ambroise/hunav_ws/install/hunav_gazebo_wrapper/share/hunav_gazebo_wrapper//models/aws_robomaker_residential_PortraitE_02/materials/textures/aws_PortraitE_01.png
[42.969s] -- Symlinking: /home/ambroise/hunav_ws/install/hunav_gazebo_wrapper/share/hunav_gazebo_wrapper//models/aws_robomaker_residential_PortraitE_02/materials/textures/aws_PortraitE_02.png
[42.980s] -- Symlinking: /home/ambroise/hunav_ws/install/hunav_gazebo_wrapper/share/hunav_gazebo_wrapper//models/aws_robomaker_residential_PortraitE_02/meshes/aws_PortraitE_01_collision.DAE
[42.989s] -- Symlinking: /home/ambroise/hunav_ws/install/hunav_gazebo_wrapper/share/hunav_gazebo_wrapper//models/aws_robomaker_residential_PortraitE_02/meshes/aws_PortraitE_01_visual.DAE
[42.999s] -- Symlinking: /home/ambroise/hunav_ws/install/hunav_gazebo_wrapper/share/hunav_gazebo_wrapper//models/aws_robomaker_residential_PortraitE_02/model.config
[43.009s] -- Symlinking: /home/ambroise/hunav_ws/install/hunav_gazebo_wrapper/share/hunav_gazebo_wrapper//models/aws_robomaker_residential_PortraitE_02/model.sdf
[43.021s] -- Symlinking: /home/ambroise/hunav_ws/install/hunav_gazebo_wrapper/share/hunav_gazebo_wrapper//models/aws_robomaker_residential_Quilt_01/materials/textures/aws_Quilt_01.png
[43.030s] -- Symlinking: /home/ambroise/hunav_ws/install/hunav_gazebo_wrapper/share/hunav_gazebo_wrapper//models/aws_robomaker_residential_Quilt_01/meshes/aws_Quilt_01_collision.DAE
[43.037s] -- Symlinking: /home/ambroise/hunav_ws/install/hunav_gazebo_wrapper/share/hunav_gazebo_wrapper//models/aws_robomaker_residential_Quilt_01/meshes/aws_Quilt_01_visual.DAE
[43.046s] -- Symlinking: /home/ambroise/hunav_ws/install/hunav_gazebo_wrapper/share/hunav_gazebo_wrapper//models/aws_robomaker_residential_Quilt_01/model.config
[43.056s] -- Symlinking: /home/ambroise/hunav_ws/install/hunav_gazebo_wrapper/share/hunav_gazebo_wrapper//models/aws_robomaker_residential_Quilt_01/model.sdf
[43.065s] -- Symlinking: /home/ambroise/hunav_ws/install/hunav_gazebo_wrapper/share/hunav_gazebo_wrapper//models/aws_robomaker_residential_Rangehood_01/materials/textures/aws_Rangehood_01.png
[43.075s] -- Symlinking: /home/ambroise/hunav_ws/install/hunav_gazebo_wrapper/share/hunav_gazebo_wrapper//models/aws_robomaker_residential_Rangehood_01/meshes/aws_Rangehood_01_collision.DAE
[43.084s] -- Symlinking: /home/ambroise/hunav_ws/install/hunav_gazebo_wrapper/share/hunav_gazebo_wrapper//models/aws_robomaker_residential_Rangehood_01/meshes/aws_Rangehood_01_visual.DAE
[43.095s] -- Symlinking: /home/ambroise/hunav_ws/install/hunav_gazebo_wrapper/share/hunav_gazebo_wrapper//models/aws_robomaker_residential_Rangehood_01/model.config
[43.104s] -- Symlinking: /home/ambroise/hunav_ws/install/hunav_gazebo_wrapper/share/hunav_gazebo_wrapper//models/aws_robomaker_residential_Rangehood_01/model.sdf
[43.115s] -- Symlinking: /home/ambroise/hunav_ws/install/hunav_gazebo_wrapper/share/hunav_gazebo_wrapper//models/aws_robomaker_residential_ReadingDesk_01/materials/textures/aws_ReadingDesk_01.png
[43.125s] -- Symlinking: /home/ambroise/hunav_ws/install/hunav_gazebo_wrapper/share/hunav_gazebo_wrapper//models/aws_robomaker_residential_ReadingDesk_01/meshes/aws_ReadingDesk_01_collision.DAE
[43.135s] -- Symlinking: /home/ambroise/hunav_ws/install/hunav_gazebo_wrapper/share/hunav_gazebo_wrapper//models/aws_robomaker_residential_ReadingDesk_01/meshes/aws_ReadingDesk_01_visual.DAE
[43.144s] -- Symlinking: /home/ambroise/hunav_ws/install/hunav_gazebo_wrapper/share/hunav_gazebo_wrapper//models/aws_robomaker_residential_ReadingDesk_01/model.config
[43.152s] -- Symlinking: /home/ambroise/hunav_ws/install/hunav_gazebo_wrapper/share/hunav_gazebo_wrapper//models/aws_robomaker_residential_ReadingDesk_01/model.sdf
[43.161s] -- Symlinking: /home/ambroise/hunav_ws/install/hunav_gazebo_wrapper/share/hunav_gazebo_wrapper//models/aws_robomaker_residential_Refrigerator_01/materials/textures/aws_Refrigerator_01.png
[43.171s] -- Symlinking: /home/ambroise/hunav_ws/install/hunav_gazebo_wrapper/share/hunav_gazebo_wrapper//models/aws_robomaker_residential_Refrigerator_01/materials/textures/aws_Refrigerator_02.png
[43.180s] -- Symlinking: /home/ambroise/hunav_ws/install/hunav_gazebo_wrapper/share/hunav_gazebo_wrapper//models/aws_robomaker_residential_Refrigerator_01/meshes/aws_Refrigerator_01.DAE
[43.189s] -- Symlinking: /home/ambroise/hunav_ws/install/hunav_gazebo_wrapper/share/hunav_gazebo_wrapper//models/aws_robomaker_residential_Refrigerator_01/meshes/aws_Refrigerator_01_collision.DAE
[43.199s] -- Symlinking: /home/ambroise/hunav_ws/install/hunav_gazebo_wrapper/share/hunav_gazebo_wrapper//models/aws_robomaker_residential_Refrigerator_01/meshes/aws_Refrigerator_01_visual.DAE
[43.208s] -- Symlinking: /home/ambroise/hunav_ws/install/hunav_gazebo_wrapper/share/hunav_gazebo_wrapper//models/aws_robomaker_residential_Refrigerator_01/model.config
[43.217s] -- Symlinking: /home/ambroise/hunav_ws/install/hunav_gazebo_wrapper/share/hunav_gazebo_wrapper//models/aws_robomaker_residential_Refrigerator_01/model.sdf
[43.226s] -- Symlinking: /home/ambroise/hunav_ws/install/hunav_gazebo_wrapper/share/hunav_gazebo_wrapper//models/aws_robomaker_residential_RoomCeiling_01/materials/textures/aws_RoomCeiling_01.png
[43.238s] -- Symlinking: /home/ambroise/hunav_ws/install/hunav_gazebo_wrapper/share/hunav_gazebo_wrapper//models/aws_robomaker_residential_RoomCeiling_01/meshes/aws_RoomCeiling_01_collision.DAE
[43.247s] -- Symlinking: /home/ambroise/hunav_ws/install/hunav_gazebo_wrapper/share/hunav_gazebo_wrapper//models/aws_robomaker_residential_RoomCeiling_01/meshes/aws_RoomCeiling_01_visual.DAE
[43.256s] -- Symlinking: /home/ambroise/hunav_ws/install/hunav_gazebo_wrapper/share/hunav_gazebo_wrapper//models/aws_robomaker_residential_RoomCeiling_01/model.config
[43.266s] -- Symlinking: /home/ambroise/hunav_ws/install/hunav_gazebo_wrapper/share/hunav_gazebo_wrapper//models/aws_robomaker_residential_RoomCeiling_01/model.sdf
[43.275s] -- Symlinking: /home/ambroise/hunav_ws/install/hunav_gazebo_wrapper/share/hunav_gazebo_wrapper//models/aws_robomaker_residential_RoomWall_01/materials/textures/aws_RoomWall_01.png
[43.285s] -- Symlinking: /home/ambroise/hunav_ws/install/hunav_gazebo_wrapper/share/hunav_gazebo_wrapper//models/aws_robomaker_residential_RoomWall_01/meshes/aws_RoomWall_01_collision.DAE
[43.296s] -- Symlinking: /home/ambroise/hunav_ws/install/hunav_gazebo_wrapper/share/hunav_gazebo_wrapper//models/aws_robomaker_residential_RoomWall_01/meshes/aws_RoomWall_01_visual.DAE
[43.306s] -- Symlinking: /home/ambroise/hunav_ws/install/hunav_gazebo_wrapper/share/hunav_gazebo_wrapper//models/aws_robomaker_residential_RoomWall_01/model.config
[43.315s] -- Symlinking: /home/ambroise/hunav_ws/install/hunav_gazebo_wrapper/share/hunav_gazebo_wrapper//models/aws_robomaker_residential_RoomWall_01/model.sdf
[43.326s] -- Symlinking: /home/ambroise/hunav_ws/install/hunav_gazebo_wrapper/share/hunav_gazebo_wrapper//models/aws_robomaker_residential_RoomWindow_01/materials/textures/aws_RoomWindow_01.png
[43.337s] -- Symlinking: /home/ambroise/hunav_ws/install/hunav_gazebo_wrapper/share/hunav_gazebo_wrapper//models/aws_robomaker_residential_RoomWindow_01/meshes/aws_RoomWindow_01_collision.DAE
[43.346s] -- Symlinking: /home/ambroise/hunav_ws/install/hunav_gazebo_wrapper/share/hunav_gazebo_wrapper//models/aws_robomaker_residential_RoomWindow_01/meshes/aws_RoomWindow_01_visual.DAE
[43.355s] -- Symlinking: /home/ambroise/hunav_ws/install/hunav_gazebo_wrapper/share/hunav_gazebo_wrapper//models/aws_robomaker_residential_RoomWindow_01/model.config
[43.365s] -- Symlinking: /home/ambroise/hunav_ws/install/hunav_gazebo_wrapper/share/hunav_gazebo_wrapper//models/aws_robomaker_residential_RoomWindow_01/model.sdf
[43.374s] -- Symlinking: /home/ambroise/hunav_ws/install/hunav_gazebo_wrapper/share/hunav_gazebo_wrapper//models/aws_robomaker_residential_SeasoningBox_01/materials/textures/aws_SeasoningBox_01.png
[43.383s] -- Symlinking: /home/ambroise/hunav_ws/install/hunav_gazebo_wrapper/share/hunav_gazebo_wrapper//models/aws_robomaker_residential_SeasoningBox_01/meshes/aws_SeasoningBox_01_collision.DAE
[43.392s] -- Symlinking: /home/ambroise/hunav_ws/install/hunav_gazebo_wrapper/share/hunav_gazebo_wrapper//models/aws_robomaker_residential_SeasoningBox_01/meshes/aws_SeasoningBox_01_visual.DAE
[43.402s] -- Symlinking: /home/ambroise/hunav_ws/install/hunav_gazebo_wrapper/share/hunav_gazebo_wrapper//models/aws_robomaker_residential_SeasoningBox_01/model.config
[43.411s] -- Symlinking: /home/ambroise/hunav_ws/install/hunav_gazebo_wrapper/share/hunav_gazebo_wrapper//models/aws_robomaker_residential_SeasoningBox_01/model.sdf
[43.421s] -- Symlinking: /home/ambroise/hunav_ws/install/hunav_gazebo_wrapper/share/hunav_gazebo_wrapper//models/aws_robomaker_residential_SecurityCamera_01/materials/textures/aws_SecurityCamera_01.png
[43.432s] -- Symlinking: /home/ambroise/hunav_ws/install/hunav_gazebo_wrapper/share/hunav_gazebo_wrapper//models/aws_robomaker_residential_SecurityCamera_01/meshes/aws_SecurityCamera_01_collision.DAE
[43.442s] -- Symlinking: /home/ambroise/hunav_ws/install/hunav_gazebo_wrapper/share/hunav_gazebo_wrapper//models/aws_robomaker_residential_SecurityCamera_01/meshes/aws_SecurityCamera_01_visual.DAE
[43.450s] -- Symlinking: /home/ambroise/hunav_ws/install/hunav_gazebo_wrapper/share/hunav_gazebo_wrapper//models/aws_robomaker_residential_SecurityCamera_01/model.config
[43.461s] -- Symlinking: /home/ambroise/hunav_ws/install/hunav_gazebo_wrapper/share/hunav_gazebo_wrapper//models/aws_robomaker_residential_SecurityCamera_01/model.sdf
[43.470s] -- Symlinking: /home/ambroise/hunav_ws/install/hunav_gazebo_wrapper/share/hunav_gazebo_wrapper//models/aws_robomaker_residential_ShoeRack_01/materials/textures/aws_ShoeRack_01.png
[43.480s] -- Symlinking: /home/ambroise/hunav_ws/install/hunav_gazebo_wrapper/share/hunav_gazebo_wrapper//models/aws_robomaker_residential_ShoeRack_01/meshes/aws_ShoeRack_01_collision.DAE
[43.490s] -- Symlinking: /home/ambroise/hunav_ws/install/hunav_gazebo_wrapper/share/hunav_gazebo_wrapper//models/aws_robomaker_residential_ShoeRack_01/meshes/aws_ShoeRack_01_visual.DAE
[43.501s] -- Symlinking: /home/ambroise/hunav_ws/install/hunav_gazebo_wrapper/share/hunav_gazebo_wrapper//models/aws_robomaker_residential_ShoeRack_01/model.config
[43.510s] -- Symlinking: /home/ambroise/hunav_ws/install/hunav_gazebo_wrapper/share/hunav_gazebo_wrapper//models/aws_robomaker_residential_ShoeRack_01/model.sdf
[43.522s] -- Symlinking: /home/ambroise/hunav_ws/install/hunav_gazebo_wrapper/share/hunav_gazebo_wrapper//models/aws_robomaker_residential_SofaB_01/materials/textures/aws_SofaB_01.png
[43.532s] -- Symlinking: /home/ambroise/hunav_ws/install/hunav_gazebo_wrapper/share/hunav_gazebo_wrapper//models/aws_robomaker_residential_SofaB_01/meshes/aws_SofaB_01_collision.DAE
[43.540s] -- Symlinking: /home/ambroise/hunav_ws/install/hunav_gazebo_wrapper/share/hunav_gazebo_wrapper//models/aws_robomaker_residential_SofaB_01/meshes/aws_SofaB_01_visual.DAE
[43.550s] -- Symlinking: /home/ambroise/hunav_ws/install/hunav_gazebo_wrapper/share/hunav_gazebo_wrapper//models/aws_robomaker_residential_SofaB_01/model.config
[43.561s] -- Symlinking: /home/ambroise/hunav_ws/install/hunav_gazebo_wrapper/share/hunav_gazebo_wrapper//models/aws_robomaker_residential_SofaB_01/model.sdf
[43.571s] -- Symlinking: /home/ambroise/hunav_ws/install/hunav_gazebo_wrapper/share/hunav_gazebo_wrapper//models/aws_robomaker_residential_SofaC_01/materials/textures/aws_SofaC_01.png
[43.580s] -- Symlinking: /home/ambroise/hunav_ws/install/hunav_gazebo_wrapper/share/hunav_gazebo_wrapper//models/aws_robomaker_residential_SofaC_01/meshes/aws_SofaC_01_collision.DAE
[43.590s] -- Symlinking: /home/ambroise/hunav_ws/install/hunav_gazebo_wrapper/share/hunav_gazebo_wrapper//models/aws_robomaker_residential_SofaC_01/meshes/aws_SofaC_01_visual.DAE
[43.599s] -- Symlinking: /home/ambroise/hunav_ws/install/hunav_gazebo_wrapper/share/hunav_gazebo_wrapper//models/aws_robomaker_residential_SofaC_01/model.config
[43.609s] -- Symlinking: /home/ambroise/hunav_ws/install/hunav_gazebo_wrapper/share/hunav_gazebo_wrapper//models/aws_robomaker_residential_SofaC_01/model.sdf
[43.619s] -- Symlinking: /home/ambroise/hunav_ws/install/hunav_gazebo_wrapper/share/hunav_gazebo_wrapper//models/aws_robomaker_residential_Sofa_01/materials/textures/aws_Sofa_01.png
[43.628s] -- Symlinking: /home/ambroise/hunav_ws/install/hunav_gazebo_wrapper/share/hunav_gazebo_wrapper//models/aws_robomaker_residential_Sofa_01/meshes/aws_Sofa_01.DAE
[43.637s] -- Symlinking: /home/ambroise/hunav_ws/install/hunav_gazebo_wrapper/share/hunav_gazebo_wrapper//models/aws_robomaker_residential_Sofa_01/meshes/aws_Sofa_01_collision.DAE
[43.646s] -- Symlinking: /home/ambroise/hunav_ws/install/hunav_gazebo_wrapper/share/hunav_gazebo_wrapper//models/aws_robomaker_residential_Sofa_01/meshes/aws_Sofa_01_visual.DAE
[43.657s] -- Symlinking: /home/ambroise/hunav_ws/install/hunav_gazebo_wrapper/share/hunav_gazebo_wrapper//models/aws_robomaker_residential_Sofa_01/model.config
[43.667s] -- Symlinking: /home/ambroise/hunav_ws/install/hunav_gazebo_wrapper/share/hunav_gazebo_wrapper//models/aws_robomaker_residential_Sofa_01/model.sdf
[43.677s] -- Symlinking: /home/ambroise/hunav_ws/install/hunav_gazebo_wrapper/share/hunav_gazebo_wrapper//models/aws_robomaker_residential_TVCabinet_01/materials/textures/aws_TVCabinet_01.png
[43.688s] -- Symlinking: /home/ambroise/hunav_ws/install/hunav_gazebo_wrapper/share/hunav_gazebo_wrapper//models/aws_robomaker_residential_TVCabinet_01/meshes/aws_TVCabinet_01_collision.DAE
[43.698s] -- Symlinking: /home/ambroise/hunav_ws/install/hunav_gazebo_wrapper/share/hunav_gazebo_wrapper//models/aws_robomaker_residential_TVCabinet_01/meshes/aws_TVCabinet_01_visual.DAE
[43.710s] -- Symlinking: /home/ambroise/hunav_ws/install/hunav_gazebo_wrapper/share/hunav_gazebo_wrapper//models/aws_robomaker_residential_TVCabinet_01/model.config
[43.721s] -- Symlinking: /home/ambroise/hunav_ws/install/hunav_gazebo_wrapper/share/hunav_gazebo_wrapper//models/aws_robomaker_residential_TVCabinet_01/model.sdf
[43.733s] -- Symlinking: /home/ambroise/hunav_ws/install/hunav_gazebo_wrapper/share/hunav_gazebo_wrapper//models/aws_robomaker_residential_TV_01/materials/textures/aws_TV_01.png
[43.744s] -- Symlinking: /home/ambroise/hunav_ws/install/hunav_gazebo_wrapper/share/hunav_gazebo_wrapper//models/aws_robomaker_residential_TV_01/meshes/aws_TV_01_collision.DAE
[43.755s] -- Symlinking: /home/ambroise/hunav_ws/install/hunav_gazebo_wrapper/share/hunav_gazebo_wrapper//models/aws_robomaker_residential_TV_01/meshes/aws_TV_01_visual.DAE
[43.765s] -- Symlinking: /home/ambroise/hunav_ws/install/hunav_gazebo_wrapper/share/hunav_gazebo_wrapper//models/aws_robomaker_residential_TV_01/model.config
[43.775s] -- Symlinking: /home/ambroise/hunav_ws/install/hunav_gazebo_wrapper/share/hunav_gazebo_wrapper//models/aws_robomaker_residential_TV_01/model.sdf
[43.785s] -- Symlinking: /home/ambroise/hunav_ws/install/hunav_gazebo_wrapper/share/hunav_gazebo_wrapper//models/aws_robomaker_residential_TV_02/materials/textures/aws_TV_01.png
[43.795s] -- Symlinking: /home/ambroise/hunav_ws/install/hunav_gazebo_wrapper/share/hunav_gazebo_wrapper//models/aws_robomaker_residential_TV_02/meshes/aws_TV_01_collision.DAE
[43.805s] -- Symlinking: /home/ambroise/hunav_ws/install/hunav_gazebo_wrapper/share/hunav_gazebo_wrapper//models/aws_robomaker_residential_TV_02/meshes/aws_TV_01_visual.DAE
[43.816s] -- Symlinking: /home/ambroise/hunav_ws/install/hunav_gazebo_wrapper/share/hunav_gazebo_wrapper//models/aws_robomaker_residential_TV_02/model.config
[43.827s] -- Symlinking: /home/ambroise/hunav_ws/install/hunav_gazebo_wrapper/share/hunav_gazebo_wrapper//models/aws_robomaker_residential_TV_02/model.sdf
[43.839s] -- Symlinking: /home/ambroise/hunav_ws/install/hunav_gazebo_wrapper/share/hunav_gazebo_wrapper//models/aws_robomaker_residential_Tablet_01/.DS_Store
[43.850s] -- Symlinking: /home/ambroise/hunav_ws/install/hunav_gazebo_wrapper/share/hunav_gazebo_wrapper//models/aws_robomaker_residential_Tablet_01/materials/.DS_Store
[43.860s] -- Symlinking: /home/ambroise/hunav_ws/install/hunav_gazebo_wrapper/share/hunav_gazebo_wrapper//models/aws_robomaker_residential_Tablet_01/materials/textures/aws_Tablet_01_nologo.png
[43.869s] -- Symlinking: /home/ambroise/hunav_ws/install/hunav_gazebo_wrapper/share/hunav_gazebo_wrapper//models/aws_robomaker_residential_Tablet_01/meshes/aws_Tablet_01_collision.DAE
[43.879s] -- Symlinking: /home/ambroise/hunav_ws/install/hunav_gazebo_wrapper/share/hunav_gazebo_wrapper//models/aws_robomaker_residential_Tablet_01/meshes/aws_Tablet_01_visual.DAE
[43.887s] -- Symlinking: /home/ambroise/hunav_ws/install/hunav_gazebo_wrapper/share/hunav_gazebo_wrapper//models/aws_robomaker_residential_Tablet_01/model.config
[43.897s] -- Symlinking: /home/ambroise/hunav_ws/install/hunav_gazebo_wrapper/share/hunav_gazebo_wrapper//models/aws_robomaker_residential_Tablet_01/model.sdf
[43.910s] -- Symlinking: /home/ambroise/hunav_ws/install/hunav_gazebo_wrapper/share/hunav_gazebo_wrapper//models/aws_robomaker_residential_Tableware_01/materials/textures/aws_Tableware_01.png
[43.922s] -- Symlinking: /home/ambroise/hunav_ws/install/hunav_gazebo_wrapper/share/hunav_gazebo_wrapper//models/aws_robomaker_residential_Tableware_01/meshes/aws_Tableware_01_collision.DAE
[43.932s] -- Symlinking: /home/ambroise/hunav_ws/install/hunav_gazebo_wrapper/share/hunav_gazebo_wrapper//models/aws_robomaker_residential_Tableware_01/meshes/aws_Tableware_01_visual.DAE
[43.943s] -- Symlinking: /home/ambroise/hunav_ws/install/hunav_gazebo_wrapper/share/hunav_gazebo_wrapper//models/aws_robomaker_residential_Tableware_01/model.config
[43.954s] -- Symlinking: /home/ambroise/hunav_ws/install/hunav_gazebo_wrapper/share/hunav_gazebo_wrapper//models/aws_robomaker_residential_Tableware_01/model.sdf
[43.963s] -- Symlinking: /home/ambroise/hunav_ws/install/hunav_gazebo_wrapper/share/hunav_gazebo_wrapper//models/aws_robomaker_residential_Trash_01/materials/textures/aws_Trash_01.png
[43.974s] -- Symlinking: /home/ambroise/hunav_ws/install/hunav_gazebo_wrapper/share/hunav_gazebo_wrapper//models/aws_robomaker_residential_Trash_01/meshes/aws_Trash_01_collision.DAE
[43.984s] -- Symlinking: /home/ambroise/hunav_ws/install/hunav_gazebo_wrapper/share/hunav_gazebo_wrapper//models/aws_robomaker_residential_Trash_01/meshes/aws_Trash_01_visual.DAE
[43.995s] -- Symlinking: /home/ambroise/hunav_ws/install/hunav_gazebo_wrapper/share/hunav_gazebo_wrapper//models/aws_robomaker_residential_Trash_01/model.config
[44.005s] -- Symlinking: /home/ambroise/hunav_ws/install/hunav_gazebo_wrapper/share/hunav_gazebo_wrapper//models/aws_robomaker_residential_Trash_01/model.sdf
[44.016s] -- Symlinking: /home/ambroise/hunav_ws/install/hunav_gazebo_wrapper/share/hunav_gazebo_wrapper//models/aws_robomaker_residential_Vase_01/materials/textures/aws_Vase_01.png
[44.027s] -- Symlinking: /home/ambroise/hunav_ws/install/hunav_gazebo_wrapper/share/hunav_gazebo_wrapper//models/aws_robomaker_residential_Vase_01/meshes/aws_Vase_01_collision.DAE
[44.038s] -- Symlinking: /home/ambroise/hunav_ws/install/hunav_gazebo_wrapper/share/hunav_gazebo_wrapper//models/aws_robomaker_residential_Vase_01/meshes/aws_Vase_01_visual.DAE
[44.048s] -- Symlinking: /home/ambroise/hunav_ws/install/hunav_gazebo_wrapper/share/hunav_gazebo_wrapper//models/aws_robomaker_residential_Vase_01/model.config
[44.059s] -- Symlinking: /home/ambroise/hunav_ws/install/hunav_gazebo_wrapper/share/hunav_gazebo_wrapper//models/aws_robomaker_residential_Vase_01/model.sdf
[44.071s] -- Symlinking: /home/ambroise/hunav_ws/install/hunav_gazebo_wrapper/share/hunav_gazebo_wrapper//models/aws_robomaker_residential_Wardrobe_01/materials/textures/aws_Wardrobe_01.png
[44.082s] -- Symlinking: /home/ambroise/hunav_ws/install/hunav_gazebo_wrapper/share/hunav_gazebo_wrapper//models/aws_robomaker_residential_Wardrobe_01/meshes/aws_Wardrobe_01_collision.DAE
[44.092s] -- Symlinking: /home/ambroise/hunav_ws/install/hunav_gazebo_wrapper/share/hunav_gazebo_wrapper//models/aws_robomaker_residential_Wardrobe_01/meshes/aws_Wardrobe_01_visual.DAE
[44.104s] -- Symlinking: /home/ambroise/hunav_ws/install/hunav_gazebo_wrapper/share/hunav_gazebo_wrapper//models/aws_robomaker_residential_Wardrobe_01/model.config
[44.116s] -- Symlinking: /home/ambroise/hunav_ws/install/hunav_gazebo_wrapper/share/hunav_gazebo_wrapper//models/aws_robomaker_residential_Wardrobe_01/model.sdf
[44.127s] -- Symlinking: /home/ambroise/hunav_ws/install/hunav_gazebo_wrapper/share/hunav_gazebo_wrapper//models/aws_robomaker_warehouse_Bucket_01/.DS_Store
[44.140s] -- Symlinking: /home/ambroise/hunav_ws/install/hunav_gazebo_wrapper/share/hunav_gazebo_wrapper//models/aws_robomaker_warehouse_Bucket_01/materials/.DS_Store
[44.150s] -- Symlinking: /home/ambroise/hunav_ws/install/hunav_gazebo_wrapper/share/hunav_gazebo_wrapper//models/aws_robomaker_warehouse_Bucket_01/materials/textures/aws_robomaker_warehouse_Bucket_01.png
[44.161s] -- Symlinking: /home/ambroise/hunav_ws/install/hunav_gazebo_wrapper/share/hunav_gazebo_wrapper//models/aws_robomaker_warehouse_Bucket_01/meshes/aws_robomaker_warehouse_Bucket_01_collision.DAE
[44.172s] -- Symlinking: /home/ambroise/hunav_ws/install/hunav_gazebo_wrapper/share/hunav_gazebo_wrapper//models/aws_robomaker_warehouse_Bucket_01/meshes/aws_robomaker_warehouse_Bucket_01_visual.DAE
[44.182s] -- Symlinking: /home/ambroise/hunav_ws/install/hunav_gazebo_wrapper/share/hunav_gazebo_wrapper//models/aws_robomaker_warehouse_Bucket_01/model.config
[44.194s] -- Symlinking: /home/ambroise/hunav_ws/install/hunav_gazebo_wrapper/share/hunav_gazebo_wrapper//models/aws_robomaker_warehouse_Bucket_01/model.sdf
[44.206s] -- Symlinking: /home/ambroise/hunav_ws/install/hunav_gazebo_wrapper/share/hunav_gazebo_wrapper//models/aws_robomaker_warehouse_ClutteringA_01/.DS_Store
[44.217s] -- Symlinking: /home/ambroise/hunav_ws/install/hunav_gazebo_wrapper/share/hunav_gazebo_wrapper//models/aws_robomaker_warehouse_ClutteringA_01/materials/.DS_Store
[44.230s] -- Symlinking: /home/ambroise/hunav_ws/install/hunav_gazebo_wrapper/share/hunav_gazebo_wrapper//models/aws_robomaker_warehouse_ClutteringA_01/materials/textures/.DS_Store
[44.241s] -- Symlinking: /home/ambroise/hunav_ws/install/hunav_gazebo_wrapper/share/hunav_gazebo_wrapper//models/aws_robomaker_warehouse_ClutteringA_01/materials/textures/aws_robomaker_warehouse_ClutteringA_01.png
[44.252s] -- Symlinking: /home/ambroise/hunav_ws/install/hunav_gazebo_wrapper/share/hunav_gazebo_wrapper//models/aws_robomaker_warehouse_ClutteringA_01/materials/textures/aws_robomaker_warehouse_ClutteringA_02.png
[44.262s] -- Symlinking: /home/ambroise/hunav_ws/install/hunav_gazebo_wrapper/share/hunav_gazebo_wrapper//models/aws_robomaker_warehouse_ClutteringA_01/materials/textures/aws_robomaker_warehouse_ClutteringA_03.png
[44.273s] -- Symlinking: /home/ambroise/hunav_ws/install/hunav_gazebo_wrapper/share/hunav_gazebo_wrapper//models/aws_robomaker_warehouse_ClutteringA_01/meshes/aws_robomaker_warehouse_ClutteringA_01_collision.DAE
[44.284s] -- Symlinking: /home/ambroise/hunav_ws/install/hunav_gazebo_wrapper/share/hunav_gazebo_wrapper//models/aws_robomaker_warehouse_ClutteringA_01/meshes/aws_robomaker_warehouse_ClutteringA_01_visual.DAE
[44.295s] -- Symlinking: /home/ambroise/hunav_ws/install/hunav_gazebo_wrapper/share/hunav_gazebo_wrapper//models/aws_robomaker_warehouse_ClutteringA_01/model.config
[44.308s] -- Symlinking: /home/ambroise/hunav_ws/install/hunav_gazebo_wrapper/share/hunav_gazebo_wrapper//models/aws_robomaker_warehouse_ClutteringA_01/model.sdf
[44.322s] -- Symlinking: /home/ambroise/hunav_ws/install/hunav_gazebo_wrapper/share/hunav_gazebo_wrapper//models/aws_robomaker_warehouse_ClutteringC_01/materials/textures/aws_robomaker_warehouse_ClutteringC_01.png
[44.334s] -- Symlinking: /home/ambroise/hunav_ws/install/hunav_gazebo_wrapper/share/hunav_gazebo_wrapper//models/aws_robomaker_warehouse_ClutteringC_01/materials/textures/aws_robomaker_warehouse_ClutteringC_02.png
[44.345s] -- Symlinking: /home/ambroise/hunav_ws/install/hunav_gazebo_wrapper/share/hunav_gazebo_wrapper//models/aws_robomaker_warehouse_ClutteringC_01/meshes/aws_robomaker_warehouse_ClutteringC_01_collision.DAE
[44.356s] -- Symlinking: /home/ambroise/hunav_ws/install/hunav_gazebo_wrapper/share/hunav_gazebo_wrapper//models/aws_robomaker_warehouse_ClutteringC_01/meshes/aws_robomaker_warehouse_ClutteringC_01_visual.DAE
[44.366s] -- Symlinking: /home/ambroise/hunav_ws/install/hunav_gazebo_wrapper/share/hunav_gazebo_wrapper//models/aws_robomaker_warehouse_ClutteringC_01/model.config
[44.376s] -- Symlinking: /home/ambroise/hunav_ws/install/hunav_gazebo_wrapper/share/hunav_gazebo_wrapper//models/aws_robomaker_warehouse_ClutteringC_01/model.sdf
[44.386s] -- Symlinking: /home/ambroise/hunav_ws/install/hunav_gazebo_wrapper/share/hunav_gazebo_wrapper//models/aws_robomaker_warehouse_ClutteringD_01/materials/textures/aws_robomaker_warehouse_ClutteringD_01.png
[44.396s] -- Symlinking: /home/ambroise/hunav_ws/install/hunav_gazebo_wrapper/share/hunav_gazebo_wrapper//models/aws_robomaker_warehouse_ClutteringD_01/materials/textures/aws_robomaker_warehouse_ClutteringD_02.png
[44.406s] -- Symlinking: /home/ambroise/hunav_ws/install/hunav_gazebo_wrapper/share/hunav_gazebo_wrapper//models/aws_robomaker_warehouse_ClutteringD_01/meshes/aws_robomaker_warehouse_ClutteringD_01_collision.DAE
[44.418s] -- Symlinking: /home/ambroise/hunav_ws/install/hunav_gazebo_wrapper/share/hunav_gazebo_wrapper//models/aws_robomaker_warehouse_ClutteringD_01/meshes/aws_robomaker_warehouse_ClutteringD_01_visual.DAE
[44.428s] -- Symlinking: /home/ambroise/hunav_ws/install/hunav_gazebo_wrapper/share/hunav_gazebo_wrapper//models/aws_robomaker_warehouse_ClutteringD_01/model.config
[44.438s] -- Symlinking: /home/ambroise/hunav_ws/install/hunav_gazebo_wrapper/share/hunav_gazebo_wrapper//models/aws_robomaker_warehouse_ClutteringD_01/model.sdf
[44.447s] -- Symlinking: /home/ambroise/hunav_ws/install/hunav_gazebo_wrapper/share/hunav_gazebo_wrapper//models/aws_robomaker_warehouse_DeskC_01/materials/.DS_Store
[44.458s] -- Symlinking: /home/ambroise/hunav_ws/install/hunav_gazebo_wrapper/share/hunav_gazebo_wrapper//models/aws_robomaker_warehouse_DeskC_01/materials/textures/aws_robomaker_warehouse_DeskC_01.png
[44.466s] -- Symlinking: /home/ambroise/hunav_ws/install/hunav_gazebo_wrapper/share/hunav_gazebo_wrapper//models/aws_robomaker_warehouse_DeskC_01/materials/textures/aws_robomaker_warehouse_DeskC_02.png
[44.476s] -- Symlinking: /home/ambroise/hunav_ws/install/hunav_gazebo_wrapper/share/hunav_gazebo_wrapper//models/aws_robomaker_warehouse_DeskC_01/materials/textures/aws_robomaker_warehouse_DeskC_03.png
[44.485s] -- Symlinking: /home/ambroise/hunav_ws/install/hunav_gazebo_wrapper/share/hunav_gazebo_wrapper//models/aws_robomaker_warehouse_DeskC_01/materials/textures/aws_robomaker_warehouse_DeskC_03.psd
[44.494s] -- Symlinking: /home/ambroise/hunav_ws/install/hunav_gazebo_wrapper/share/hunav_gazebo_wrapper//models/aws_robomaker_warehouse_DeskC_01/materials/textures/aws_robomaker_warehouse_DeskC_04.png
[44.504s] -- Symlinking: /home/ambroise/hunav_ws/install/hunav_gazebo_wrapper/share/hunav_gazebo_wrapper//models/aws_robomaker_warehouse_DeskC_01/meshes/aws_robomaker_warehouse_DeskC_01_collision.DAE
[44.513s] -- Symlinking: /home/ambroise/hunav_ws/install/hunav_gazebo_wrapper/share/hunav_gazebo_wrapper//models/aws_robomaker_warehouse_DeskC_01/meshes/aws_robomaker_warehouse_DeskC_01_visual.DAE
[44.523s] -- Symlinking: /home/ambroise/hunav_ws/install/hunav_gazebo_wrapper/share/hunav_gazebo_wrapper//models/aws_robomaker_warehouse_DeskC_01/model.config
[44.535s] -- Symlinking: /home/ambroise/hunav_ws/install/hunav_gazebo_wrapper/share/hunav_gazebo_wrapper//models/aws_robomaker_warehouse_DeskC_01/model.sdf
[44.546s] -- Symlinking: /home/ambroise/hunav_ws/install/hunav_gazebo_wrapper/share/hunav_gazebo_wrapper//models/aws_robomaker_warehouse_GroundB_01/materials/textures/aws_robomaker_warehouse_GroundB_01.png
[44.556s] -- Symlinking: /home/ambroise/hunav_ws/install/hunav_gazebo_wrapper/share/hunav_gazebo_wrapper//models/aws_robomaker_warehouse_GroundB_01/materials/textures/aws_robomaker_warehouse_GroundB_02.png
[44.565s] -- Symlinking: /home/ambroise/hunav_ws/install/hunav_gazebo_wrapper/share/hunav_gazebo_wrapper//models/aws_robomaker_warehouse_GroundB_01/meshes/aws_robomaker_warehouse_GroundB_01_collision.DAE
[44.577s] -- Symlinking: /home/ambroise/hunav_ws/install/hunav_gazebo_wrapper/share/hunav_gazebo_wrapper//models/aws_robomaker_warehouse_GroundB_01/meshes/aws_robomaker_warehouse_GroundB_01_visual.DAE
[44.586s] -- Symlinking: /home/ambroise/hunav_ws/install/hunav_gazebo_wrapper/share/hunav_gazebo_wrapper//models/aws_robomaker_warehouse_GroundB_01/model.config
[44.597s] -- Symlinking: /home/ambroise/hunav_ws/install/hunav_gazebo_wrapper/share/hunav_gazebo_wrapper//models/aws_robomaker_warehouse_GroundB_01/model.sdf
[44.608s] -- Symlinking: /home/ambroise/hunav_ws/install/hunav_gazebo_wrapper/share/hunav_gazebo_wrapper//models/aws_robomaker_warehouse_Lamp_01/materials/textures/aws_robomaker_warehouse_Lamp_01.png
[44.618s] -- Symlinking: /home/ambroise/hunav_ws/install/hunav_gazebo_wrapper/share/hunav_gazebo_wrapper//models/aws_robomaker_warehouse_Lamp_01/meshes/aws_robomaker_warehouse_Lamp_01_collision.DAE
[44.629s] -- Symlinking: /home/ambroise/hunav_ws/install/hunav_gazebo_wrapper/share/hunav_gazebo_wrapper//models/aws_robomaker_warehouse_Lamp_01/meshes/aws_robomaker_warehouse_Lamp_01_visual.DAE
[44.643s] -- Symlinking: /home/ambroise/hunav_ws/install/hunav_gazebo_wrapper/share/hunav_gazebo_wrapper//models/aws_robomaker_warehouse_Lamp_01/model.config
[44.654s] -- Symlinking: /home/ambroise/hunav_ws/install/hunav_gazebo_wrapper/share/hunav_gazebo_wrapper//models/aws_robomaker_warehouse_Lamp_01/model.sdf
[44.664s] -- Symlinking: /home/ambroise/hunav_ws/install/hunav_gazebo_wrapper/share/hunav_gazebo_wrapper//models/aws_robomaker_warehouse_PalletJackB_01/.DS_Store
[44.675s] -- Symlinking: /home/ambroise/hunav_ws/install/hunav_gazebo_wrapper/share/hunav_gazebo_wrapper//models/aws_robomaker_warehouse_PalletJackB_01/materials/.DS_Store
[44.687s] -- Symlinking: /home/ambroise/hunav_ws/install/hunav_gazebo_wrapper/share/hunav_gazebo_wrapper//models/aws_robomaker_warehouse_PalletJackB_01/materials/textures/aws_robomaker_warehouse_PalletJackB_01.png
[44.697s] -- Symlinking: /home/ambroise/hunav_ws/install/hunav_gazebo_wrapper/share/hunav_gazebo_wrapper//models/aws_robomaker_warehouse_PalletJackB_01/materials/textures/aws_robomaker_warehouse_PalletJackB_02.png
[44.709s] -- Symlinking: /home/ambroise/hunav_ws/install/hunav_gazebo_wrapper/share/hunav_gazebo_wrapper//models/aws_robomaker_warehouse_PalletJackB_01/meshes/aws_robomaker_warehouse_PalletJackB_01_collision.DAE
[44.719s] -- Symlinking: /home/ambroise/hunav_ws/install/hunav_gazebo_wrapper/share/hunav_gazebo_wrapper//models/aws_robomaker_warehouse_PalletJackB_01/meshes/aws_robomaker_warehouse_PalletJackB_01_visual.DAE
[44.733s] -- Symlinking: /home/ambroise/hunav_ws/install/hunav_gazebo_wrapper/share/hunav_gazebo_wrapper//models/aws_robomaker_warehouse_PalletJackB_01/model.config
[44.744s] -- Symlinking: /home/ambroise/hunav_ws/install/hunav_gazebo_wrapper/share/hunav_gazebo_wrapper//models/aws_robomaker_warehouse_PalletJackB_01/model.sdf
[44.755s] -- Symlinking: /home/ambroise/hunav_ws/install/hunav_gazebo_wrapper/share/hunav_gazebo_wrapper//models/aws_robomaker_warehouse_RoofB_01/materials/textures/aws_robomaker_warehouse_RoofB_01.png
[44.766s] -- Symlinking: /home/ambroise/hunav_ws/install/hunav_gazebo_wrapper/share/hunav_gazebo_wrapper//models/aws_robomaker_warehouse_RoofB_01/meshes/aws_robomaker_warehouse_RoofB_01_collision.DAE
[44.777s] -- Symlinking: /home/ambroise/hunav_ws/install/hunav_gazebo_wrapper/share/hunav_gazebo_wrapper//models/aws_robomaker_warehouse_RoofB_01/meshes/aws_robomaker_warehouse_RoofB_01_visual.DAE
[44.787s] -- Symlinking: /home/ambroise/hunav_ws/install/hunav_gazebo_wrapper/share/hunav_gazebo_wrapper//models/aws_robomaker_warehouse_RoofB_01/model.config
[44.798s] -- Symlinking: /home/ambroise/hunav_ws/install/hunav_gazebo_wrapper/share/hunav_gazebo_wrapper//models/aws_robomaker_warehouse_RoofB_01/model.sdf
[44.809s] -- Symlinking: /home/ambroise/hunav_ws/install/hunav_gazebo_wrapper/share/hunav_gazebo_wrapper//models/aws_robomaker_warehouse_ShelfD_01/materials/textures/aws_robomaker_warehouse_ShelfD_01.png
[44.820s] -- Symlinking: /home/ambroise/hunav_ws/install/hunav_gazebo_wrapper/share/hunav_gazebo_wrapper//models/aws_robomaker_warehouse_ShelfD_01/materials/textures/aws_robomaker_warehouse_ShelfD_02.png
[44.830s] -- Symlinking: /home/ambroise/hunav_ws/install/hunav_gazebo_wrapper/share/hunav_gazebo_wrapper//models/aws_robomaker_warehouse_ShelfD_01/materials/textures/aws_robomaker_warehouse_ShelfD_03.png
[44.840s] -- Symlinking: /home/ambroise/hunav_ws/install/hunav_gazebo_wrapper/share/hunav_gazebo_wrapper//models/aws_robomaker_warehouse_ShelfD_01/materials/textures/aws_robomaker_warehouse_ShelfD_04.png
[44.850s] -- Symlinking: /home/ambroise/hunav_ws/install/hunav_gazebo_wrapper/share/hunav_gazebo_wrapper//models/aws_robomaker_warehouse_ShelfD_01/meshes/aws_robomaker_warehouse_ShelfD_01_collision.DAE
[44.860s] -- Symlinking: /home/ambroise/hunav_ws/install/hunav_gazebo_wrapper/share/hunav_gazebo_wrapper//models/aws_robomaker_warehouse_ShelfD_01/meshes/aws_robomaker_warehouse_ShelfD_01_visual.DAE
[44.871s] -- Symlinking: /home/ambroise/hunav_ws/install/hunav_gazebo_wrapper/share/hunav_gazebo_wrapper//models/aws_robomaker_warehouse_ShelfD_01/model.config
[44.881s] -- Symlinking: /home/ambroise/hunav_ws/install/hunav_gazebo_wrapper/share/hunav_gazebo_wrapper//models/aws_robomaker_warehouse_ShelfD_01/model.sdf
[44.891s] -- Symlinking: /home/ambroise/hunav_ws/install/hunav_gazebo_wrapper/share/hunav_gazebo_wrapper//models/aws_robomaker_warehouse_ShelfE_01/.DS_Store
[44.905s] -- Symlinking: /home/ambroise/hunav_ws/install/hunav_gazebo_wrapper/share/hunav_gazebo_wrapper//models/aws_robomaker_warehouse_ShelfE_01/materials/.DS_Store
[44.915s] -- Symlinking: /home/ambroise/hunav_ws/install/hunav_gazebo_wrapper/share/hunav_gazebo_wrapper//models/aws_robomaker_warehouse_ShelfE_01/materials/textures/aws_robomaker_warehouse_ShelfE_01.png
[44.926s] -- Symlinking: /home/ambroise/hunav_ws/install/hunav_gazebo_wrapper/share/hunav_gazebo_wrapper//models/aws_robomaker_warehouse_ShelfE_01/materials/textures/aws_robomaker_warehouse_ShelfE_02.png
[44.939s] -- Symlinking: /home/ambroise/hunav_ws/install/hunav_gazebo_wrapper/share/hunav_gazebo_wrapper//models/aws_robomaker_warehouse_ShelfE_01/materials/textures/aws_robomaker_warehouse_ShelfE_03.png
[44.948s] -- Symlinking: /home/ambroise/hunav_ws/install/hunav_gazebo_wrapper/share/hunav_gazebo_wrapper//models/aws_robomaker_warehouse_ShelfE_01/materials/textures/aws_robomaker_warehouse_ShelfE_04.png
[44.958s] -- Symlinking: /home/ambroise/hunav_ws/install/hunav_gazebo_wrapper/share/hunav_gazebo_wrapper//models/aws_robomaker_warehouse_ShelfE_01/meshes/aws_robomaker_warehouse_ShelfE_01_collision.DAE
[44.968s] -- Symlinking: /home/ambroise/hunav_ws/install/hunav_gazebo_wrapper/share/hunav_gazebo_wrapper//models/aws_robomaker_warehouse_ShelfE_01/meshes/aws_robomaker_warehouse_ShelfE_01_visual.DAE
[44.978s] -- Symlinking: /home/ambroise/hunav_ws/install/hunav_gazebo_wrapper/share/hunav_gazebo_wrapper//models/aws_robomaker_warehouse_ShelfE_01/model.config
[44.989s] -- Symlinking: /home/ambroise/hunav_ws/install/hunav_gazebo_wrapper/share/hunav_gazebo_wrapper//models/aws_robomaker_warehouse_ShelfE_01/model.sdf
[45.000s] -- Symlinking: /home/ambroise/hunav_ws/install/hunav_gazebo_wrapper/share/hunav_gazebo_wrapper//models/aws_robomaker_warehouse_ShelfF_01/materials/textures/aws_robomaker_warehouse_ShelfF_01.png
[45.009s] -- Symlinking: /home/ambroise/hunav_ws/install/hunav_gazebo_wrapper/share/hunav_gazebo_wrapper//models/aws_robomaker_warehouse_ShelfF_01/materials/textures/aws_robomaker_warehouse_ShelfF_02.png
[45.020s] -- Symlinking: /home/ambroise/hunav_ws/install/hunav_gazebo_wrapper/share/hunav_gazebo_wrapper//models/aws_robomaker_warehouse_ShelfF_01/materials/textures/aws_robomaker_warehouse_ShelfF_03.png
[45.030s] -- Symlinking: /home/ambroise/hunav_ws/install/hunav_gazebo_wrapper/share/hunav_gazebo_wrapper//models/aws_robomaker_warehouse_ShelfF_01/meshes/aws_robomaker_warehouse_ShelfF_01_collision.DAE
[45.042s] -- Symlinking: /home/ambroise/hunav_ws/install/hunav_gazebo_wrapper/share/hunav_gazebo_wrapper//models/aws_robomaker_warehouse_ShelfF_01/meshes/aws_robomaker_warehouse_ShelfF_01_visual.DAE
[45.054s] -- Symlinking: /home/ambroise/hunav_ws/install/hunav_gazebo_wrapper/share/hunav_gazebo_wrapper//models/aws_robomaker_warehouse_ShelfF_01/model.config
[45.065s] -- Symlinking: /home/ambroise/hunav_ws/install/hunav_gazebo_wrapper/share/hunav_gazebo_wrapper//models/aws_robomaker_warehouse_ShelfF_01/model.sdf
[45.076s] -- Symlinking: /home/ambroise/hunav_ws/install/hunav_gazebo_wrapper/share/hunav_gazebo_wrapper//models/aws_robomaker_warehouse_TrashCanC_01/materials/textures/aws_robomaker_warehouse_TrashCanC_01.png
[45.087s] -- Symlinking: /home/ambroise/hunav_ws/install/hunav_gazebo_wrapper/share/hunav_gazebo_wrapper//models/aws_robomaker_warehouse_TrashCanC_01/meshes/aws_robomaker_warehouse_TrashCanC_01_collision.DAE
[45.100s] -- Symlinking: /home/ambroise/hunav_ws/install/hunav_gazebo_wrapper/share/hunav_gazebo_wrapper//models/aws_robomaker_warehouse_TrashCanC_01/meshes/aws_robomaker_warehouse_TrashCanC_01_visual.DAE
[45.109s] -- Symlinking: /home/ambroise/hunav_ws/install/hunav_gazebo_wrapper/share/hunav_gazebo_wrapper//models/aws_robomaker_warehouse_TrashCanC_01/model.config
[45.117s] -- Symlinking: /home/ambroise/hunav_ws/install/hunav_gazebo_wrapper/share/hunav_gazebo_wrapper//models/aws_robomaker_warehouse_TrashCanC_01/model.sdf
[45.129s] -- Symlinking: /home/ambroise/hunav_ws/install/hunav_gazebo_wrapper/share/hunav_gazebo_wrapper//models/aws_robomaker_warehouse_WallB_01/materials/textures/aws_robomaker_warehouse_WallB_01.png
[45.141s] -- Symlinking: /home/ambroise/hunav_ws/install/hunav_gazebo_wrapper/share/hunav_gazebo_wrapper//models/aws_robomaker_warehouse_WallB_01/meshes/aws_robomaker_warehouse_WallB_01_collision.DAE
[45.151s] -- Symlinking: /home/ambroise/hunav_ws/install/hunav_gazebo_wrapper/share/hunav_gazebo_wrapper//models/aws_robomaker_warehouse_WallB_01/meshes/aws_robomaker_warehouse_WallB_01_visual.DAE
[45.162s] -- Symlinking: /home/ambroise/hunav_ws/install/hunav_gazebo_wrapper/share/hunav_gazebo_wrapper//models/aws_robomaker_warehouse_WallB_01/model.config
[45.172s] -- Symlinking: /home/ambroise/hunav_ws/install/hunav_gazebo_wrapper/share/hunav_gazebo_wrapper//models/aws_robomaker_warehouse_WallB_01/model.sdf
[45.183s] -- Symlinking: /home/ambroise/hunav_ws/install/hunav_gazebo_wrapper/share/hunav_gazebo_wrapper//models/braid01_diffuse.png.001.png
[45.194s] -- Symlinking: /home/ambroise/hunav_ws/install/hunav_gazebo_wrapper/share/hunav_gazebo_wrapper//models/brown_eye.png
[45.203s] -- Symlinking: /home/ambroise/hunav_ws/install/hunav_gazebo_wrapper/share/hunav_gazebo_wrapper//models/brown_eye.png.001.png
[45.213s] -- Symlinking: /home/ambroise/hunav_ws/install/hunav_gazebo_wrapper/share/hunav_gazebo_wrapper//models/brown_eye.png.002.png
[45.227s] -- Symlinking: /home/ambroise/hunav_ws/install/hunav_gazebo_wrapper/share/hunav_gazebo_wrapper//models/casual_man.dae
[45.238s] -- Symlinking: /home/ambroise/hunav_ws/install/hunav_gazebo_wrapper/share/hunav_gazebo_wrapper//models/elegant_man.dae
[45.248s] -- Symlinking: /home/ambroise/hunav_ws/install/hunav_gazebo_wrapper/share/hunav_gazebo_wrapper//models/elegant_woman.dae
[45.258s] -- Symlinking: /home/ambroise/hunav_ws/install/hunav_gazebo_wrapper/share/hunav_gazebo_wrapper//models/eyebrow001.png
[45.267s] -- Symlinking: /home/ambroise/hunav_ws/install/hunav_gazebo_wrapper/share/hunav_gazebo_wrapper//models/eyebrow001.png.001.png
[45.277s] -- Symlinking: /home/ambroise/hunav_ws/install/hunav_gazebo_wrapper/share/hunav_gazebo_wrapper//models/eyebrow001.png.002.png
[45.287s] -- Symlinking: /home/ambroise/hunav_ws/install/hunav_gazebo_wrapper/share/hunav_gazebo_wrapper//models/female_casualsuit01_diffuse.png.001.png
[45.297s] -- Symlinking: /home/ambroise/hunav_ws/install/hunav_gazebo_wrapper/share/hunav_gazebo_wrapper//models/male_casualsuit01_diffuse.png
[45.309s] -- Symlinking: /home/ambroise/hunav_ws/install/hunav_gazebo_wrapper/share/hunav_gazebo_wrapper//models/male_casualsuit06_diffuse.png.001.png
[45.321s] -- Symlinking: /home/ambroise/hunav_ws/install/hunav_gazebo_wrapper/share/hunav_gazebo_wrapper//models/male_elegantsuit01_diffuse.png.001.png
[45.331s] -- Symlinking: /home/ambroise/hunav_ws/install/hunav_gazebo_wrapper/share/hunav_gazebo_wrapper//models/male_worksuit01_diffuse.png
[45.343s] -- Symlinking: /home/ambroise/hunav_ws/install/hunav_gazebo_wrapper/share/hunav_gazebo_wrapper//models/middleage_darkskinned_male_diffuse.png
[45.353s] -- Symlinking: /home/ambroise/hunav_ws/install/hunav_gazebo_wrapper/share/hunav_gazebo_wrapper//models/middleage_lightskinned_female_diffuse.png.002.png
[45.363s] -- Symlinking: /home/ambroise/hunav_ws/install/hunav_gazebo_wrapper/share/hunav_gazebo_wrapper//models/middleage_lightskinned_male_diffuse.png.001.png
[45.374s] -- Symlinking: /home/ambroise/hunav_ws/install/hunav_gazebo_wrapper/share/hunav_gazebo_wrapper//models/mono.dae
[45.384s] -- Symlinking: /home/ambroise/hunav_ws/install/hunav_gazebo_wrapper/share/hunav_gazebo_wrapper//models/mono2.dae
[45.394s] -- Symlinking: /home/ambroise/hunav_ws/install/hunav_gazebo_wrapper/share/hunav_gazebo_wrapper//models/mono3.dae
[45.404s] -- Symlinking: /home/ambroise/hunav_ws/install/hunav_gazebo_wrapper/share/hunav_gazebo_wrapper//models/mono4.dae
[45.414s] -- Symlinking: /home/ambroise/hunav_ws/install/hunav_gazebo_wrapper/share/hunav_gazebo_wrapper//models/mono5.dae
[45.423s] -- Symlinking: /home/ambroise/hunav_ws/install/hunav_gazebo_wrapper/share/hunav_gazebo_wrapper//models/old_lightskinned_male_diffuse.png
[45.434s] -- Symlinking: /home/ambroise/hunav_ws/install/hunav_gazebo_wrapper/share/hunav_gazebo_wrapper//models/regular_man.dae
[45.446s] -- Symlinking: /home/ambroise/hunav_ws/install/hunav_gazebo_wrapper/share/hunav_gazebo_wrapper//models/run.dae
[45.455s] -- Symlinking: /home/ambroise/hunav_ws/install/hunav_gazebo_wrapper/share/hunav_gazebo_wrapper//models/shoes01_diffuse.png
[45.465s] -- Symlinking: /home/ambroise/hunav_ws/install/hunav_gazebo_wrapper/share/hunav_gazebo_wrapper//models/shoes01_diffuse.png.001.png
[45.475s] -- Symlinking: /home/ambroise/hunav_ws/install/hunav_gazebo_wrapper/share/hunav_gazebo_wrapper//models/shoes03_diffuse.png
[45.485s] -- Symlinking: /home/ambroise/hunav_ws/install/hunav_gazebo_wrapper/share/hunav_gazebo_wrapper//models/shoes03_diffuse.png.001.png
[45.495s] -- Symlinking: /home/ambroise/hunav_ws/install/hunav_gazebo_wrapper/share/hunav_gazebo_wrapper//models/shoes05_diffuse.png.001.png
[45.507s] -- Symlinking: /home/ambroise/hunav_ws/install/hunav_gazebo_wrapper/share/hunav_gazebo_wrapper//models/short01_diffuse.png
[45.517s] -- Symlinking: /home/ambroise/hunav_ws/install/hunav_gazebo_wrapper/share/hunav_gazebo_wrapper//models/short02_diffuse.png
[45.527s] -- Symlinking: /home/ambroise/hunav_ws/install/hunav_gazebo_wrapper/share/hunav_gazebo_wrapper//models/short02_diffuse.png.001.png
[45.539s] -- Symlinking: /home/ambroise/hunav_ws/install/hunav_gazebo_wrapper/share/hunav_gazebo_wrapper//models/short03_diffuse.png.001.png
[45.550s] -- Symlinking: /home/ambroise/hunav_ws/install/hunav_gazebo_wrapper/share/hunav_gazebo_wrapper//models/sit_down.dae
[45.563s] -- Symlinking: /home/ambroise/hunav_ws/install/hunav_gazebo_wrapper/share/hunav_gazebo_wrapper//models/sitting.dae
[45.574s] -- Symlinking: /home/ambroise/hunav_ws/install/hunav_gazebo_wrapper/share/hunav_gazebo_wrapper//models/stand.dae
[45.583s] -- Symlinking: /home/ambroise/hunav_ws/install/hunav_gazebo_wrapper/share/hunav_gazebo_wrapper//models/stand_up.dae
[45.594s] -- Symlinking: /home/ambroise/hunav_ws/install/hunav_gazebo_wrapper/share/hunav_gazebo_wrapper//models/sub_16.dae
[45.605s] -- Symlinking: /home/ambroise/hunav_ws/install/hunav_gazebo_wrapper/share/hunav_gazebo_wrapper//models/talk_a.dae
[45.615s] -- Symlinking: /home/ambroise/hunav_ws/install/hunav_gazebo_wrapper/share/hunav_gazebo_wrapper//models/talk_b.dae
[45.627s] -- Symlinking: /home/ambroise/hunav_ws/install/hunav_gazebo_wrapper/share/hunav_gazebo_wrapper//models/walk-blue.dae
[45.638s] -- Symlinking: /home/ambroise/hunav_ws/install/hunav_gazebo_wrapper/share/hunav_gazebo_wrapper//models/walk-green.dae
[45.647s] -- Symlinking: /home/ambroise/hunav_ws/install/hunav_gazebo_wrapper/share/hunav_gazebo_wrapper//models/walk-red.dae
[45.659s] -- Symlinking: /home/ambroise/hunav_ws/install/hunav_gazebo_wrapper/share/hunav_gazebo_wrapper//models/walk.dae
[45.670s] -- Symlinking: /home/ambroise/hunav_ws/install/hunav_gazebo_wrapper/share/hunav_gazebo_wrapper//models/worker_man.dae
[45.680s] -- Symlinking: /home/ambroise/hunav_ws/install/hunav_gazebo_wrapper/share/hunav_gazebo_wrapper/environment/hunav_gazebo_wrapper.dsv
[45.691s] -- Symlinking: /home/ambroise/hunav_ws/install/hunav_gazebo_wrapper/share/ament_index/resource_index/package_run_dependencies/hunav_gazebo_wrapper
[45.701s] -- Symlinking: /home/ambroise/hunav_ws/install/hunav_gazebo_wrapper/share/ament_index/resource_index/parent_prefix_path/hunav_gazebo_wrapper
[45.710s] -- Symlinking: /home/ambroise/hunav_ws/install/hunav_gazebo_wrapper/share/hunav_gazebo_wrapper/environment/ament_prefix_path.sh
[45.722s] -- Symlinking: /home/ambroise/hunav_ws/install/hunav_gazebo_wrapper/share/hunav_gazebo_wrapper/environment/ament_prefix_path.dsv
[45.734s] -- Symlinking: /home/ambroise/hunav_ws/install/hunav_gazebo_wrapper/share/hunav_gazebo_wrapper/environment/path.sh
[45.743s] -- Symlinking: /home/ambroise/hunav_ws/install/hunav_gazebo_wrapper/share/hunav_gazebo_wrapper/environment/path.dsv
[45.752s] -- Symlinking: /home/ambroise/hunav_ws/install/hunav_gazebo_wrapper/share/hunav_gazebo_wrapper/local_setup.bash
[45.765s] -- Symlinking: /home/ambroise/hunav_ws/install/hunav_gazebo_wrapper/share/hunav_gazebo_wrapper/local_setup.sh
[45.774s] -- Symlinking: /home/ambroise/hunav_ws/install/hunav_gazebo_wrapper/share/hunav_gazebo_wrapper/local_setup.zsh
[45.783s] -- Symlinking: /home/ambroise/hunav_ws/install/hunav_gazebo_wrapper/share/hunav_gazebo_wrapper/local_setup.dsv
[45.792s] -- Symlinking: /home/ambroise/hunav_ws/install/hunav_gazebo_wrapper/share/hunav_gazebo_wrapper/package.dsv
[45.801s] -- Symlinking: /home/ambroise/hunav_ws/install/hunav_gazebo_wrapper/share/ament_index/resource_index/packages/hunav_gazebo_wrapper
[45.810s] -- Symlinking: /home/ambroise/hunav_ws/install/hunav_gazebo_wrapper/share/hunav_gazebo_wrapper/cmake/ament_cmake_export_libraries-extras.cmake
[45.820s] -- Symlinking: /home/ambroise/hunav_ws/install/hunav_gazebo_wrapper/share/hunav_gazebo_wrapper/cmake/hunav_gazebo_wrapperConfig.cmake
[45.829s] -- Symlinking: /home/ambroise/hunav_ws/install/hunav_gazebo_wrapper/share/hunav_gazebo_wrapper/cmake/hunav_gazebo_wrapperConfig-version.cmake
[45.838s] -- Symlinking: /home/ambroise/hunav_ws/install/hunav_gazebo_wrapper/share/hunav_gazebo_wrapper/package.xml
[45.849s] Invoked command in '/home/ambroise/hunav_ws/build/hunav_gazebo_wrapper' returned '0': CMAKE_PREFIX_PATH=/home/ambroise/hunav_ws/install/hunav_msgs:/home/ambroise/hunav_ws/install/hunav_sim:/home/ambroise/hunav_ws/install/hunav_agent_manager:/home/ambroise/hunav_ws/install/people_msgs:/home/ambroise/hunav_ws/install/hunav_rviz2_panel:/home/ambroise/hunav_ws/install/hunav_gazebo_wrapper:/home/ambroise/hunav_ws/install/hunav_behavior_tree_generator:/home/ambroise/hunav_ws/install/hunav_evaluator:/opt/ros/humble LD_LIBRARY_PATH=/home/ambroise/hunav_ws/install/hunav_msgs/lib:/home/ambroise/hunav_ws/install/people_msgs/lib:/home/ambroise/hunav_ws/install/hunav_rviz2_panel/lib:/home/ambroise/hunav_ws/install/hunav_gazebo_wrapper/lib:/usr/lib/x86_64-linux-gnu/gazebo-11/plugins:/opt/ros/humble/opt/rviz_ogre_vendor/lib:/opt/ros/humble/lib/x86_64-linux-gnu:/opt/ros/humble/lib:/usr/lib/x86_64-linux-gnu/gazebo-11/plugins:/home/ambroise/hunav_ws/install/hunav_gazebo_wrapper/lib /usr/bin/cmake --install /home/ambroise/hunav_ws/build/hunav_gazebo_wrapper
