[0.132s] DEBUG:colcon:Command line arguments: ['/usr/bin/colcon', 'build', '--symlink-install']
[0.132s] DEBUG:colcon:Parsed command line arguments: Namespace(log_base=None, log_level=None, verb_name='build', build_base='build', install_base='install', merge_install=False, symlink_install=True, test_result_base=None, continue_on_error=False, executor='parallel', parallel_workers=16, event_handlers=None, ignore_user_meta=False, metas=['./colcon.meta'], base_paths=['.'], packages_ignore=None, packages_ignore_regex=None, paths=None, packages_up_to=None, packages_up_to_regex=None, packages_above=None, packages_above_and_dependencies=None, packages_above_depth=None, packages_select_by_dep=None, packages_skip_by_dep=None, packages_skip_up_to=None, packages_select_build_failed=False, packages_skip_build_finished=False, packages_select_test_failures=False, packages_skip_test_passed=False, packages_select=None, packages_skip=None, packages_select_regex=None, packages_skip_regex=None, packages_start=None, packages_end=None, allow_overriding=[], cmake_args=None, cmake_target=None, cmake_target_skip_unavailable=False, cmake_clean_cache=False, cmake_clean_first=False, cmake_force_configure=False, ament_cmake_args=None, catkin_cmake_args=None, catkin_skip_building_tests=False, verb_parser=<colcon_defaults.argument_parser.defaults.DefaultArgumentsDecorator object at 0x72655d465c00>, verb_extension=<colcon_core.verb.build.BuildVerb object at 0x72655d465630>, main=<bound method BuildVerb.main of <colcon_core.verb.build.BuildVerb object at 0x72655d465630>>)
[0.345s] Level 1:colcon.colcon_core.package_discovery:discover_packages(colcon_meta) check parameters
[0.346s] Level 1:colcon.colcon_core.package_discovery:discover_packages(recursive) check parameters
[0.346s] Level 1:colcon.colcon_core.package_discovery:discover_packages(ignore) check parameters
[0.346s] Level 1:colcon.colcon_core.package_discovery:discover_packages(path) check parameters
[0.346s] Level 1:colcon.colcon_core.package_discovery:discover_packages(colcon_meta) discover
[0.346s] Level 1:colcon.colcon_core.package_discovery:discover_packages(recursive) discover
[0.346s] INFO:colcon.colcon_core.package_discovery:Crawling recursively for packages in '/home/ambroise/hunav_ws'
[0.346s] Level 1:colcon.colcon_core.package_identification:_identify(.) by extensions ['ignore', 'ignore_ament_install']
[0.346s] Level 1:colcon.colcon_core.package_identification:_identify(.) by extension 'ignore'
[0.346s] Level 1:colcon.colcon_core.package_identification:_identify(.) by extension 'ignore_ament_install'
[0.346s] Level 1:colcon.colcon_core.package_identification:_identify(.) by extensions ['colcon_pkg']
[0.346s] Level 1:colcon.colcon_core.package_identification:_identify(.) by extension 'colcon_pkg'
[0.346s] Level 1:colcon.colcon_core.package_identification:_identify(.) by extensions ['colcon_meta']
[0.346s] Level 1:colcon.colcon_core.package_identification:_identify(.) by extension 'colcon_meta'
[0.346s] Level 1:colcon.colcon_core.package_identification:_identify(.) by extensions ['ros']
[0.346s] Level 1:colcon.colcon_core.package_identification:_identify(.) by extension 'ros'
[0.355s] Level 1:colcon.colcon_core.package_identification:_identify(.) by extensions ['cmake', 'python']
[0.355s] Level 1:colcon.colcon_core.package_identification:_identify(.) by extension 'cmake'
[0.355s] Level 1:colcon.colcon_core.package_identification:_identify(.) by extension 'python'
[0.355s] Level 1:colcon.colcon_core.package_identification:_identify(.) by extensions ['python_setup_py']
[0.355s] Level 1:colcon.colcon_core.package_identification:_identify(.) by extension 'python_setup_py'
[0.355s] Level 1:colcon.colcon_core.package_identification:_identify(build) by extensions ['ignore', 'ignore_ament_install']
[0.355s] Level 1:colcon.colcon_core.package_identification:_identify(build) by extension 'ignore'
[0.355s] Level 1:colcon.colcon_core.package_identification:_identify(build) ignored
[0.355s] Level 1:colcon.colcon_core.package_identification:_identify(install) by extensions ['ignore', 'ignore_ament_install']
[0.355s] Level 1:colcon.colcon_core.package_identification:_identify(install) by extension 'ignore'
[0.355s] Level 1:colcon.colcon_core.package_identification:_identify(install) ignored
[0.355s] Level 1:colcon.colcon_core.package_identification:_identify(log) by extensions ['ignore', 'ignore_ament_install']
[0.355s] Level 1:colcon.colcon_core.package_identification:_identify(log) by extension 'ignore'
[0.355s] Level 1:colcon.colcon_core.package_identification:_identify(log) ignored
[0.355s] Level 1:colcon.colcon_core.package_identification:_identify(src) by extensions ['ignore', 'ignore_ament_install']
[0.355s] Level 1:colcon.colcon_core.package_identification:_identify(src) by extension 'ignore'
[0.355s] Level 1:colcon.colcon_core.package_identification:_identify(src) by extension 'ignore_ament_install'
[0.356s] Level 1:colcon.colcon_core.package_identification:_identify(src) by extensions ['colcon_pkg']
[0.356s] Level 1:colcon.colcon_core.package_identification:_identify(src) by extension 'colcon_pkg'
[0.356s] Level 1:colcon.colcon_core.package_identification:_identify(src) by extensions ['colcon_meta']
[0.356s] Level 1:colcon.colcon_core.package_identification:_identify(src) by extension 'colcon_meta'
[0.356s] Level 1:colcon.colcon_core.package_identification:_identify(src) by extensions ['ros']
[0.356s] Level 1:colcon.colcon_core.package_identification:_identify(src) by extension 'ros'
[0.356s] Level 1:colcon.colcon_core.package_identification:_identify(src) by extensions ['cmake', 'python']
[0.356s] Level 1:colcon.colcon_core.package_identification:_identify(src) by extension 'cmake'
[0.356s] Level 1:colcon.colcon_core.package_identification:_identify(src) by extension 'python'
[0.356s] Level 1:colcon.colcon_core.package_identification:_identify(src) by extensions ['python_setup_py']
[0.356s] Level 1:colcon.colcon_core.package_identification:_identify(src) by extension 'python_setup_py'
[0.356s] Level 1:colcon.colcon_core.package_identification:_identify(src/hunav_gazebo_wrapper) by extensions ['ignore', 'ignore_ament_install']
[0.356s] Level 1:colcon.colcon_core.package_identification:_identify(src/hunav_gazebo_wrapper) by extension 'ignore'
[0.356s] Level 1:colcon.colcon_core.package_identification:_identify(src/hunav_gazebo_wrapper) by extension 'ignore_ament_install'
[0.356s] Level 1:colcon.colcon_core.package_identification:_identify(src/hunav_gazebo_wrapper) by extensions ['colcon_pkg']
[0.356s] Level 1:colcon.colcon_core.package_identification:_identify(src/hunav_gazebo_wrapper) by extension 'colcon_pkg'
[0.356s] Level 1:colcon.colcon_core.package_identification:_identify(src/hunav_gazebo_wrapper) by extensions ['colcon_meta']
[0.356s] Level 1:colcon.colcon_core.package_identification:_identify(src/hunav_gazebo_wrapper) by extension 'colcon_meta'
[0.356s] Level 1:colcon.colcon_core.package_identification:_identify(src/hunav_gazebo_wrapper) by extensions ['ros']
[0.356s] Level 1:colcon.colcon_core.package_identification:_identify(src/hunav_gazebo_wrapper) by extension 'ros'
[0.358s] DEBUG:colcon.colcon_core.package_identification:Package 'src/hunav_gazebo_wrapper' with type 'ros.ament_cmake' and name 'hunav_gazebo_wrapper'
[0.358s] Level 1:colcon.colcon_core.package_identification:_identify(src/hunav_sim) by extensions ['ignore', 'ignore_ament_install']
[0.358s] Level 1:colcon.colcon_core.package_identification:_identify(src/hunav_sim) by extension 'ignore'
[0.358s] Level 1:colcon.colcon_core.package_identification:_identify(src/hunav_sim) by extension 'ignore_ament_install'
[0.358s] Level 1:colcon.colcon_core.package_identification:_identify(src/hunav_sim) by extensions ['colcon_pkg']
[0.358s] Level 1:colcon.colcon_core.package_identification:_identify(src/hunav_sim) by extension 'colcon_pkg'
[0.358s] Level 1:colcon.colcon_core.package_identification:_identify(src/hunav_sim) by extensions ['colcon_meta']
[0.358s] Level 1:colcon.colcon_core.package_identification:_identify(src/hunav_sim) by extension 'colcon_meta'
[0.358s] Level 1:colcon.colcon_core.package_identification:_identify(src/hunav_sim) by extensions ['ros']
[0.358s] Level 1:colcon.colcon_core.package_identification:_identify(src/hunav_sim) by extension 'ros'
[0.358s] Level 1:colcon.colcon_core.package_identification:_identify(src/hunav_sim) by extensions ['cmake', 'python']
[0.358s] Level 1:colcon.colcon_core.package_identification:_identify(src/hunav_sim) by extension 'cmake'
[0.358s] Level 1:colcon.colcon_core.package_identification:_identify(src/hunav_sim) by extension 'python'
[0.359s] Level 1:colcon.colcon_core.package_identification:_identify(src/hunav_sim) by extensions ['python_setup_py']
[0.359s] Level 1:colcon.colcon_core.package_identification:_identify(src/hunav_sim) by extension 'python_setup_py'
[0.359s] Level 1:colcon.colcon_core.package_identification:_identify(src/hunav_sim/hunav_agent_manager) by extensions ['ignore', 'ignore_ament_install']
[0.359s] Level 1:colcon.colcon_core.package_identification:_identify(src/hunav_sim/hunav_agent_manager) by extension 'ignore'
[0.359s] Level 1:colcon.colcon_core.package_identification:_identify(src/hunav_sim/hunav_agent_manager) by extension 'ignore_ament_install'
[0.359s] Level 1:colcon.colcon_core.package_identification:_identify(src/hunav_sim/hunav_agent_manager) by extensions ['colcon_pkg']
[0.359s] Level 1:colcon.colcon_core.package_identification:_identify(src/hunav_sim/hunav_agent_manager) by extension 'colcon_pkg'
[0.359s] Level 1:colcon.colcon_core.package_identification:_identify(src/hunav_sim/hunav_agent_manager) by extensions ['colcon_meta']
[0.359s] Level 1:colcon.colcon_core.package_identification:_identify(src/hunav_sim/hunav_agent_manager) by extension 'colcon_meta'
[0.359s] Level 1:colcon.colcon_core.package_identification:_identify(src/hunav_sim/hunav_agent_manager) by extensions ['ros']
[0.359s] Level 1:colcon.colcon_core.package_identification:_identify(src/hunav_sim/hunav_agent_manager) by extension 'ros'
[0.360s] DEBUG:colcon.colcon_core.package_identification:Package 'src/hunav_sim/hunav_agent_manager' with type 'ros.ament_cmake' and name 'hunav_agent_manager'
[0.360s] Level 1:colcon.colcon_core.package_identification:_identify(src/hunav_sim/hunav_behavior_tree_generator) by extensions ['ignore', 'ignore_ament_install']
[0.360s] Level 1:colcon.colcon_core.package_identification:_identify(src/hunav_sim/hunav_behavior_tree_generator) by extension 'ignore'
[0.360s] Level 1:colcon.colcon_core.package_identification:_identify(src/hunav_sim/hunav_behavior_tree_generator) by extension 'ignore_ament_install'
[0.360s] Level 1:colcon.colcon_core.package_identification:_identify(src/hunav_sim/hunav_behavior_tree_generator) by extensions ['colcon_pkg']
[0.360s] Level 1:colcon.colcon_core.package_identification:_identify(src/hunav_sim/hunav_behavior_tree_generator) by extension 'colcon_pkg'
[0.360s] Level 1:colcon.colcon_core.package_identification:_identify(src/hunav_sim/hunav_behavior_tree_generator) by extensions ['colcon_meta']
[0.360s] Level 1:colcon.colcon_core.package_identification:_identify(src/hunav_sim/hunav_behavior_tree_generator) by extension 'colcon_meta'
[0.360s] Level 1:colcon.colcon_core.package_identification:_identify(src/hunav_sim/hunav_behavior_tree_generator) by extensions ['ros']
[0.360s] Level 1:colcon.colcon_core.package_identification:_identify(src/hunav_sim/hunav_behavior_tree_generator) by extension 'ros'
[0.361s] DEBUG:colcon.colcon_core.package_identification:Package 'src/hunav_sim/hunav_behavior_tree_generator' with type 'ros.ament_python' and name 'hunav_behavior_tree_generator'
[0.361s] Level 1:colcon.colcon_core.package_identification:_identify(src/hunav_sim/hunav_evaluator) by extensions ['ignore', 'ignore_ament_install']
[0.361s] Level 1:colcon.colcon_core.package_identification:_identify(src/hunav_sim/hunav_evaluator) by extension 'ignore'
[0.361s] Level 1:colcon.colcon_core.package_identification:_identify(src/hunav_sim/hunav_evaluator) by extension 'ignore_ament_install'
[0.361s] Level 1:colcon.colcon_core.package_identification:_identify(src/hunav_sim/hunav_evaluator) by extensions ['colcon_pkg']
[0.361s] Level 1:colcon.colcon_core.package_identification:_identify(src/hunav_sim/hunav_evaluator) by extension 'colcon_pkg'
[0.361s] Level 1:colcon.colcon_core.package_identification:_identify(src/hunav_sim/hunav_evaluator) by extensions ['colcon_meta']
[0.361s] Level 1:colcon.colcon_core.package_identification:_identify(src/hunav_sim/hunav_evaluator) by extension 'colcon_meta'
[0.361s] Level 1:colcon.colcon_core.package_identification:_identify(src/hunav_sim/hunav_evaluator) by extensions ['ros']
[0.361s] Level 1:colcon.colcon_core.package_identification:_identify(src/hunav_sim/hunav_evaluator) by extension 'ros'
[0.362s] DEBUG:colcon.colcon_core.package_identification:Package 'src/hunav_sim/hunav_evaluator' with type 'ros.ament_python' and name 'hunav_evaluator'
[0.362s] Level 1:colcon.colcon_core.package_identification:_identify(src/hunav_sim/hunav_msgs) by extensions ['ignore', 'ignore_ament_install']
[0.362s] Level 1:colcon.colcon_core.package_identification:_identify(src/hunav_sim/hunav_msgs) by extension 'ignore'
[0.362s] Level 1:colcon.colcon_core.package_identification:_identify(src/hunav_sim/hunav_msgs) by extension 'ignore_ament_install'
[0.362s] Level 1:colcon.colcon_core.package_identification:_identify(src/hunav_sim/hunav_msgs) by extensions ['colcon_pkg']
[0.362s] Level 1:colcon.colcon_core.package_identification:_identify(src/hunav_sim/hunav_msgs) by extension 'colcon_pkg'
[0.362s] Level 1:colcon.colcon_core.package_identification:_identify(src/hunav_sim/hunav_msgs) by extensions ['colcon_meta']
[0.362s] Level 1:colcon.colcon_core.package_identification:_identify(src/hunav_sim/hunav_msgs) by extension 'colcon_meta'
[0.362s] Level 1:colcon.colcon_core.package_identification:_identify(src/hunav_sim/hunav_msgs) by extensions ['ros']
[0.362s] Level 1:colcon.colcon_core.package_identification:_identify(src/hunav_sim/hunav_msgs) by extension 'ros'
[0.363s] DEBUG:colcon.colcon_core.package_identification:Package 'src/hunav_sim/hunav_msgs' with type 'ros.ament_cmake' and name 'hunav_msgs'
[0.363s] Level 1:colcon.colcon_core.package_identification:_identify(src/hunav_sim/hunav_rviz2_panel) by extensions ['ignore', 'ignore_ament_install']
[0.363s] Level 1:colcon.colcon_core.package_identification:_identify(src/hunav_sim/hunav_rviz2_panel) by extension 'ignore'
[0.363s] Level 1:colcon.colcon_core.package_identification:_identify(src/hunav_sim/hunav_rviz2_panel) by extension 'ignore_ament_install'
[0.363s] Level 1:colcon.colcon_core.package_identification:_identify(src/hunav_sim/hunav_rviz2_panel) by extensions ['colcon_pkg']
[0.363s] Level 1:colcon.colcon_core.package_identification:_identify(src/hunav_sim/hunav_rviz2_panel) by extension 'colcon_pkg'
[0.363s] Level 1:colcon.colcon_core.package_identification:_identify(src/hunav_sim/hunav_rviz2_panel) by extensions ['colcon_meta']
[0.363s] Level 1:colcon.colcon_core.package_identification:_identify(src/hunav_sim/hunav_rviz2_panel) by extension 'colcon_meta'
[0.363s] Level 1:colcon.colcon_core.package_identification:_identify(src/hunav_sim/hunav_rviz2_panel) by extensions ['ros']
[0.363s] Level 1:colcon.colcon_core.package_identification:_identify(src/hunav_sim/hunav_rviz2_panel) by extension 'ros'
[0.366s] DEBUG:colcon.colcon_core.package_identification:Package 'src/hunav_sim/hunav_rviz2_panel' with type 'ros.ament_cmake' and name 'hunav_rviz2_panel'
[0.366s] Level 1:colcon.colcon_core.package_identification:_identify(src/hunav_sim/hunav_sim) by extensions ['ignore', 'ignore_ament_install']
[0.366s] Level 1:colcon.colcon_core.package_identification:_identify(src/hunav_sim/hunav_sim) by extension 'ignore'
[0.366s] Level 1:colcon.colcon_core.package_identification:_identify(src/hunav_sim/hunav_sim) by extension 'ignore_ament_install'
[0.366s] Level 1:colcon.colcon_core.package_identification:_identify(src/hunav_sim/hunav_sim) by extensions ['colcon_pkg']
[0.366s] Level 1:colcon.colcon_core.package_identification:_identify(src/hunav_sim/hunav_sim) by extension 'colcon_pkg'
[0.366s] Level 1:colcon.colcon_core.package_identification:_identify(src/hunav_sim/hunav_sim) by extensions ['colcon_meta']
[0.366s] Level 1:colcon.colcon_core.package_identification:_identify(src/hunav_sim/hunav_sim) by extension 'colcon_meta'
[0.367s] Level 1:colcon.colcon_core.package_identification:_identify(src/hunav_sim/hunav_sim) by extensions ['ros']
[0.367s] Level 1:colcon.colcon_core.package_identification:_identify(src/hunav_sim/hunav_sim) by extension 'ros'
[0.367s] DEBUG:colcon.colcon_core.package_identification:Package 'src/hunav_sim/hunav_sim' with type 'ros.ament_cmake' and name 'hunav_sim'
[0.368s] Level 1:colcon.colcon_core.package_identification:_identify(src/hunav_sim/images) by extensions ['ignore', 'ignore_ament_install']
[0.368s] Level 1:colcon.colcon_core.package_identification:_identify(src/hunav_sim/images) by extension 'ignore'
[0.368s] Level 1:colcon.colcon_core.package_identification:_identify(src/hunav_sim/images) by extension 'ignore_ament_install'
[0.368s] Level 1:colcon.colcon_core.package_identification:_identify(src/hunav_sim/images) by extensions ['colcon_pkg']
[0.368s] Level 1:colcon.colcon_core.package_identification:_identify(src/hunav_sim/images) by extension 'colcon_pkg'
[0.368s] Level 1:colcon.colcon_core.package_identification:_identify(src/hunav_sim/images) by extensions ['colcon_meta']
[0.368s] Level 1:colcon.colcon_core.package_identification:_identify(src/hunav_sim/images) by extension 'colcon_meta'
[0.368s] Level 1:colcon.colcon_core.package_identification:_identify(src/hunav_sim/images) by extensions ['ros']
[0.368s] Level 1:colcon.colcon_core.package_identification:_identify(src/hunav_sim/images) by extension 'ros'
[0.368s] Level 1:colcon.colcon_core.package_identification:_identify(src/hunav_sim/images) by extensions ['cmake', 'python']
[0.368s] Level 1:colcon.colcon_core.package_identification:_identify(src/hunav_sim/images) by extension 'cmake'
[0.368s] Level 1:colcon.colcon_core.package_identification:_identify(src/hunav_sim/images) by extension 'python'
[0.368s] Level 1:colcon.colcon_core.package_identification:_identify(src/hunav_sim/images) by extensions ['python_setup_py']
[0.368s] Level 1:colcon.colcon_core.package_identification:_identify(src/hunav_sim/images) by extension 'python_setup_py'
[0.368s] Level 1:colcon.colcon_core.package_identification:_identify(src/lightsfm) by extensions ['ignore', 'ignore_ament_install']
[0.369s] Level 1:colcon.colcon_core.package_identification:_identify(src/lightsfm) by extension 'ignore'
[0.369s] Level 1:colcon.colcon_core.package_identification:_identify(src/lightsfm) by extension 'ignore_ament_install'
[0.369s] Level 1:colcon.colcon_core.package_identification:_identify(src/lightsfm) by extensions ['colcon_pkg']
[0.369s] Level 1:colcon.colcon_core.package_identification:_identify(src/lightsfm) by extension 'colcon_pkg'
[0.369s] Level 1:colcon.colcon_core.package_identification:_identify(src/lightsfm) by extensions ['colcon_meta']
[0.369s] Level 1:colcon.colcon_core.package_identification:_identify(src/lightsfm) by extension 'colcon_meta'
[0.369s] Level 1:colcon.colcon_core.package_identification:_identify(src/lightsfm) by extensions ['ros']
[0.369s] Level 1:colcon.colcon_core.package_identification:_identify(src/lightsfm) by extension 'ros'
[0.369s] Level 1:colcon.colcon_core.package_identification:_identify(src/lightsfm) by extensions ['cmake', 'python']
[0.369s] Level 1:colcon.colcon_core.package_identification:_identify(src/lightsfm) by extension 'cmake'
[0.369s] Level 1:colcon.colcon_core.package_identification:_identify(src/lightsfm) by extension 'python'
[0.369s] Level 1:colcon.colcon_core.package_identification:_identify(src/lightsfm) by extensions ['python_setup_py']
[0.369s] Level 1:colcon.colcon_core.package_identification:_identify(src/lightsfm) by extension 'python_setup_py'
[0.369s] Level 1:colcon.colcon_core.package_identification:_identify(src/lightsfm/include) by extensions ['ignore', 'ignore_ament_install']
[0.369s] Level 1:colcon.colcon_core.package_identification:_identify(src/lightsfm/include) by extension 'ignore'
[0.369s] Level 1:colcon.colcon_core.package_identification:_identify(src/lightsfm/include) by extension 'ignore_ament_install'
[0.369s] Level 1:colcon.colcon_core.package_identification:_identify(src/lightsfm/include) by extensions ['colcon_pkg']
[0.369s] Level 1:colcon.colcon_core.package_identification:_identify(src/lightsfm/include) by extension 'colcon_pkg'
[0.369s] Level 1:colcon.colcon_core.package_identification:_identify(src/lightsfm/include) by extensions ['colcon_meta']
[0.369s] Level 1:colcon.colcon_core.package_identification:_identify(src/lightsfm/include) by extension 'colcon_meta'
[0.369s] Level 1:colcon.colcon_core.package_identification:_identify(src/lightsfm/include) by extensions ['ros']
[0.369s] Level 1:colcon.colcon_core.package_identification:_identify(src/lightsfm/include) by extension 'ros'
[0.370s] Level 1:colcon.colcon_core.package_identification:_identify(src/lightsfm/include) by extensions ['cmake', 'python']
[0.370s] Level 1:colcon.colcon_core.package_identification:_identify(src/lightsfm/include) by extension 'cmake'
[0.370s] Level 1:colcon.colcon_core.package_identification:_identify(src/lightsfm/include) by extension 'python'
[0.370s] Level 1:colcon.colcon_core.package_identification:_identify(src/lightsfm/include) by extensions ['python_setup_py']
[0.370s] Level 1:colcon.colcon_core.package_identification:_identify(src/lightsfm/include) by extension 'python_setup_py'
[0.370s] Level 1:colcon.colcon_core.package_identification:_identify(src/lightsfm/media) by extensions ['ignore', 'ignore_ament_install']
[0.370s] Level 1:colcon.colcon_core.package_identification:_identify(src/lightsfm/media) by extension 'ignore'
[0.370s] Level 1:colcon.colcon_core.package_identification:_identify(src/lightsfm/media) by extension 'ignore_ament_install'
[0.370s] Level 1:colcon.colcon_core.package_identification:_identify(src/lightsfm/media) by extensions ['colcon_pkg']
[0.370s] Level 1:colcon.colcon_core.package_identification:_identify(src/lightsfm/media) by extension 'colcon_pkg'
[0.370s] Level 1:colcon.colcon_core.package_identification:_identify(src/lightsfm/media) by extensions ['colcon_meta']
[0.370s] Level 1:colcon.colcon_core.package_identification:_identify(src/lightsfm/media) by extension 'colcon_meta'
[0.370s] Level 1:colcon.colcon_core.package_identification:_identify(src/lightsfm/media) by extensions ['ros']
[0.370s] Level 1:colcon.colcon_core.package_identification:_identify(src/lightsfm/media) by extension 'ros'
[0.370s] Level 1:colcon.colcon_core.package_identification:_identify(src/lightsfm/media) by extensions ['cmake', 'python']
[0.370s] Level 1:colcon.colcon_core.package_identification:_identify(src/lightsfm/media) by extension 'cmake'
[0.370s] Level 1:colcon.colcon_core.package_identification:_identify(src/lightsfm/media) by extension 'python'
[0.370s] Level 1:colcon.colcon_core.package_identification:_identify(src/lightsfm/media) by extensions ['python_setup_py']
[0.370s] Level 1:colcon.colcon_core.package_identification:_identify(src/lightsfm/media) by extension 'python_setup_py'
[0.370s] Level 1:colcon.colcon_core.package_identification:_identify(src/lightsfm/src) by extensions ['ignore', 'ignore_ament_install']
[0.371s] Level 1:colcon.colcon_core.package_identification:_identify(src/lightsfm/src) by extension 'ignore'
[0.371s] Level 1:colcon.colcon_core.package_identification:_identify(src/lightsfm/src) by extension 'ignore_ament_install'
[0.371s] Level 1:colcon.colcon_core.package_identification:_identify(src/lightsfm/src) by extensions ['colcon_pkg']
[0.371s] Level 1:colcon.colcon_core.package_identification:_identify(src/lightsfm/src) by extension 'colcon_pkg'
[0.371s] Level 1:colcon.colcon_core.package_identification:_identify(src/lightsfm/src) by extensions ['colcon_meta']
[0.371s] Level 1:colcon.colcon_core.package_identification:_identify(src/lightsfm/src) by extension 'colcon_meta'
[0.371s] Level 1:colcon.colcon_core.package_identification:_identify(src/lightsfm/src) by extensions ['ros']
[0.371s] Level 1:colcon.colcon_core.package_identification:_identify(src/lightsfm/src) by extension 'ros'
[0.371s] Level 1:colcon.colcon_core.package_identification:_identify(src/lightsfm/src) by extensions ['cmake', 'python']
[0.371s] Level 1:colcon.colcon_core.package_identification:_identify(src/lightsfm/src) by extension 'cmake'
[0.371s] Level 1:colcon.colcon_core.package_identification:_identify(src/lightsfm/src) by extension 'python'
[0.371s] Level 1:colcon.colcon_core.package_identification:_identify(src/lightsfm/src) by extensions ['python_setup_py']
[0.371s] Level 1:colcon.colcon_core.package_identification:_identify(src/lightsfm/src) by extension 'python_setup_py'
[0.371s] Level 1:colcon.colcon_core.package_identification:_identify(src/people) by extensions ['ignore', 'ignore_ament_install']
[0.371s] Level 1:colcon.colcon_core.package_identification:_identify(src/people) by extension 'ignore'
[0.371s] Level 1:colcon.colcon_core.package_identification:_identify(src/people) by extension 'ignore_ament_install'
[0.371s] Level 1:colcon.colcon_core.package_identification:_identify(src/people) by extensions ['colcon_pkg']
[0.371s] Level 1:colcon.colcon_core.package_identification:_identify(src/people) by extension 'colcon_pkg'
[0.371s] Level 1:colcon.colcon_core.package_identification:_identify(src/people) by extensions ['colcon_meta']
[0.371s] Level 1:colcon.colcon_core.package_identification:_identify(src/people) by extension 'colcon_meta'
[0.371s] Level 1:colcon.colcon_core.package_identification:_identify(src/people) by extensions ['ros']
[0.371s] Level 1:colcon.colcon_core.package_identification:_identify(src/people) by extension 'ros'
[0.371s] Level 1:colcon.colcon_core.package_identification:_identify(src/people) by extensions ['cmake', 'python']
[0.371s] Level 1:colcon.colcon_core.package_identification:_identify(src/people) by extension 'cmake'
[0.371s] Level 1:colcon.colcon_core.package_identification:_identify(src/people) by extension 'python'
[0.371s] Level 1:colcon.colcon_core.package_identification:_identify(src/people) by extensions ['python_setup_py']
[0.371s] Level 1:colcon.colcon_core.package_identification:_identify(src/people) by extension 'python_setup_py'
[0.372s] Level 1:colcon.colcon_core.package_identification:_identify(src/people/face_detector) by extensions ['ignore', 'ignore_ament_install']
[0.372s] Level 1:colcon.colcon_core.package_identification:_identify(src/people/face_detector) by extension 'ignore'
[0.372s] Level 1:colcon.colcon_core.package_identification:_identify(src/people/face_detector) ignored
[0.372s] Level 1:colcon.colcon_core.package_identification:_identify(src/people/leg_detector) by extensions ['ignore', 'ignore_ament_install']
[0.372s] Level 1:colcon.colcon_core.package_identification:_identify(src/people/leg_detector) by extension 'ignore'
[0.372s] Level 1:colcon.colcon_core.package_identification:_identify(src/people/leg_detector) ignored
[0.372s] Level 1:colcon.colcon_core.package_identification:_identify(src/people/people) by extensions ['ignore', 'ignore_ament_install']
[0.372s] Level 1:colcon.colcon_core.package_identification:_identify(src/people/people) by extension 'ignore'
[0.372s] Level 1:colcon.colcon_core.package_identification:_identify(src/people/people) ignored
[0.372s] Level 1:colcon.colcon_core.package_identification:_identify(src/people/people_msgs) by extensions ['ignore', 'ignore_ament_install']
[0.372s] Level 1:colcon.colcon_core.package_identification:_identify(src/people/people_msgs) by extension 'ignore'
[0.372s] Level 1:colcon.colcon_core.package_identification:_identify(src/people/people_msgs) by extension 'ignore_ament_install'
[0.372s] Level 1:colcon.colcon_core.package_identification:_identify(src/people/people_msgs) by extensions ['colcon_pkg']
[0.372s] Level 1:colcon.colcon_core.package_identification:_identify(src/people/people_msgs) by extension 'colcon_pkg'
[0.372s] Level 1:colcon.colcon_core.package_identification:_identify(src/people/people_msgs) by extensions ['colcon_meta']
[0.372s] Level 1:colcon.colcon_core.package_identification:_identify(src/people/people_msgs) by extension 'colcon_meta'
[0.373s] Level 1:colcon.colcon_core.package_identification:_identify(src/people/people_msgs) by extensions ['ros']
[0.373s] Level 1:colcon.colcon_core.package_identification:_identify(src/people/people_msgs) by extension 'ros'
[0.373s] DEBUG:colcon.colcon_core.package_identification:Package 'src/people/people_msgs' with type 'ros.ament_cmake' and name 'people_msgs'
[0.373s] Level 1:colcon.colcon_core.package_identification:_identify(src/people/people_tracking_filter) by extensions ['ignore', 'ignore_ament_install']
[0.373s] Level 1:colcon.colcon_core.package_identification:_identify(src/people/people_tracking_filter) by extension 'ignore'
[0.373s] Level 1:colcon.colcon_core.package_identification:_identify(src/people/people_tracking_filter) ignored
[0.373s] Level 1:colcon.colcon_core.package_identification:_identify(src/people/people_velocity_tracker) by extensions ['ignore', 'ignore_ament_install']
[0.374s] Level 1:colcon.colcon_core.package_identification:_identify(src/people/people_velocity_tracker) by extension 'ignore'
[0.374s] Level 1:colcon.colcon_core.package_identification:_identify(src/people/people_velocity_tracker) ignored
[0.374s] Level 1:colcon.colcon_core.package_discovery:discover_packages(recursive) using defaults
[0.374s] Level 1:colcon.colcon_core.package_discovery:discover_packages(ignore) discover
[0.374s] Level 1:colcon.colcon_core.package_discovery:discover_packages(ignore) using defaults
[0.374s] Level 1:colcon.colcon_core.package_discovery:discover_packages(path) discover
[0.374s] Level 1:colcon.colcon_core.package_discovery:discover_packages(path) using defaults
[0.416s] Level 1:colcon.colcon_core.package_discovery:discover_packages(prefix_path) check parameters
[0.416s] Level 1:colcon.colcon_core.package_discovery:discover_packages(prefix_path) discover
[0.419s] DEBUG:colcon.colcon_installed_package_information.package_discovery:Found 8 installed packages in /home/ambroise/hunav_ws/install
[0.420s] DEBUG:colcon.colcon_installed_package_information.package_discovery:Found 403 installed packages in /opt/ros/humble
[0.422s] Level 1:colcon.colcon_core.package_discovery:discover_packages(prefix_path) using defaults
[0.464s] Level 5:colcon.colcon_core.verb:set package 'hunav_msgs' build argument 'cmake_args' from command line to 'None'
[0.464s] Level 5:colcon.colcon_core.verb:set package 'hunav_msgs' build argument 'cmake_target' from command line to 'None'
[0.464s] Level 5:colcon.colcon_core.verb:set package 'hunav_msgs' build argument 'cmake_target_skip_unavailable' from command line to 'False'
[0.464s] Level 5:colcon.colcon_core.verb:set package 'hunav_msgs' build argument 'cmake_clean_cache' from command line to 'False'
[0.464s] Level 5:colcon.colcon_core.verb:set package 'hunav_msgs' build argument 'cmake_clean_first' from command line to 'False'
[0.464s] Level 5:colcon.colcon_core.verb:set package 'hunav_msgs' build argument 'cmake_force_configure' from command line to 'False'
[0.464s] Level 5:colcon.colcon_core.verb:set package 'hunav_msgs' build argument 'ament_cmake_args' from command line to 'None'
[0.464s] Level 5:colcon.colcon_core.verb:set package 'hunav_msgs' build argument 'catkin_cmake_args' from command line to 'None'
[0.464s] Level 5:colcon.colcon_core.verb:set package 'hunav_msgs' build argument 'catkin_skip_building_tests' from command line to 'False'
[0.464s] DEBUG:colcon.colcon_core.verb:Building package 'hunav_msgs' with the following arguments: {'ament_cmake_args': None, 'build_base': '/home/ambroise/hunav_ws/build/hunav_msgs', 'catkin_cmake_args': None, 'catkin_skip_building_tests': False, 'cmake_args': None, 'cmake_clean_cache': False, 'cmake_clean_first': False, 'cmake_force_configure': False, 'cmake_target': None, 'cmake_target_skip_unavailable': False, 'install_base': '/home/ambroise/hunav_ws/install/hunav_msgs', 'merge_install': False, 'path': '/home/ambroise/hunav_ws/src/hunav_sim/hunav_msgs', 'symlink_install': True, 'test_result_base': None}
[0.465s] Level 5:colcon.colcon_core.verb:set package 'people_msgs' build argument 'cmake_args' from command line to 'None'
[0.465s] Level 5:colcon.colcon_core.verb:set package 'people_msgs' build argument 'cmake_target' from command line to 'None'
[0.465s] Level 5:colcon.colcon_core.verb:set package 'people_msgs' build argument 'cmake_target_skip_unavailable' from command line to 'False'
[0.465s] Level 5:colcon.colcon_core.verb:set package 'people_msgs' build argument 'cmake_clean_cache' from command line to 'False'
[0.465s] Level 5:colcon.colcon_core.verb:set package 'people_msgs' build argument 'cmake_clean_first' from command line to 'False'
[0.465s] Level 5:colcon.colcon_core.verb:set package 'people_msgs' build argument 'cmake_force_configure' from command line to 'False'
[0.465s] Level 5:colcon.colcon_core.verb:set package 'people_msgs' build argument 'ament_cmake_args' from command line to 'None'
[0.465s] Level 5:colcon.colcon_core.verb:set package 'people_msgs' build argument 'catkin_cmake_args' from command line to 'None'
[0.465s] Level 5:colcon.colcon_core.verb:set package 'people_msgs' build argument 'catkin_skip_building_tests' from command line to 'False'
[0.465s] DEBUG:colcon.colcon_core.verb:Building package 'people_msgs' with the following arguments: {'ament_cmake_args': None, 'build_base': '/home/ambroise/hunav_ws/build/people_msgs', 'catkin_cmake_args': None, 'catkin_skip_building_tests': False, 'cmake_args': None, 'cmake_clean_cache': False, 'cmake_clean_first': False, 'cmake_force_configure': False, 'cmake_target': None, 'cmake_target_skip_unavailable': False, 'install_base': '/home/ambroise/hunav_ws/install/people_msgs', 'merge_install': False, 'path': '/home/ambroise/hunav_ws/src/people/people_msgs', 'symlink_install': True, 'test_result_base': None}
[0.465s] Level 5:colcon.colcon_core.verb:set package 'hunav_agent_manager' build argument 'cmake_args' from command line to 'None'
[0.465s] Level 5:colcon.colcon_core.verb:set package 'hunav_agent_manager' build argument 'cmake_target' from command line to 'None'
[0.465s] Level 5:colcon.colcon_core.verb:set package 'hunav_agent_manager' build argument 'cmake_target_skip_unavailable' from command line to 'False'
[0.465s] Level 5:colcon.colcon_core.verb:set package 'hunav_agent_manager' build argument 'cmake_clean_cache' from command line to 'False'
[0.465s] Level 5:colcon.colcon_core.verb:set package 'hunav_agent_manager' build argument 'cmake_clean_first' from command line to 'False'
[0.465s] Level 5:colcon.colcon_core.verb:set package 'hunav_agent_manager' build argument 'cmake_force_configure' from command line to 'False'
[0.465s] Level 5:colcon.colcon_core.verb:set package 'hunav_agent_manager' build argument 'ament_cmake_args' from command line to 'None'
[0.465s] Level 5:colcon.colcon_core.verb:set package 'hunav_agent_manager' build argument 'catkin_cmake_args' from command line to 'None'
[0.465s] Level 5:colcon.colcon_core.verb:set package 'hunav_agent_manager' build argument 'catkin_skip_building_tests' from command line to 'False'
[0.465s] DEBUG:colcon.colcon_core.verb:Building package 'hunav_agent_manager' with the following arguments: {'ament_cmake_args': None, 'build_base': '/home/ambroise/hunav_ws/build/hunav_agent_manager', 'catkin_cmake_args': None, 'catkin_skip_building_tests': False, 'cmake_args': None, 'cmake_clean_cache': False, 'cmake_clean_first': False, 'cmake_force_configure': False, 'cmake_target': None, 'cmake_target_skip_unavailable': False, 'install_base': '/home/ambroise/hunav_ws/install/hunav_agent_manager', 'merge_install': False, 'path': '/home/ambroise/hunav_ws/src/hunav_sim/hunav_agent_manager', 'symlink_install': True, 'test_result_base': None}
[0.465s] Level 5:colcon.colcon_core.verb:set package 'hunav_evaluator' build argument 'cmake_args' from command line to 'None'
[0.466s] Level 5:colcon.colcon_core.verb:set package 'hunav_evaluator' build argument 'cmake_target' from command line to 'None'
[0.466s] Level 5:colcon.colcon_core.verb:set package 'hunav_evaluator' build argument 'cmake_target_skip_unavailable' from command line to 'False'
[0.466s] Level 5:colcon.colcon_core.verb:set package 'hunav_evaluator' build argument 'cmake_clean_cache' from command line to 'False'
[0.466s] Level 5:colcon.colcon_core.verb:set package 'hunav_evaluator' build argument 'cmake_clean_first' from command line to 'False'
[0.466s] Level 5:colcon.colcon_core.verb:set package 'hunav_evaluator' build argument 'cmake_force_configure' from command line to 'False'
[0.466s] Level 5:colcon.colcon_core.verb:set package 'hunav_evaluator' build argument 'ament_cmake_args' from command line to 'None'
[0.466s] Level 5:colcon.colcon_core.verb:set package 'hunav_evaluator' build argument 'catkin_cmake_args' from command line to 'None'
[0.466s] Level 5:colcon.colcon_core.verb:set package 'hunav_evaluator' build argument 'catkin_skip_building_tests' from command line to 'False'
[0.466s] DEBUG:colcon.colcon_core.verb:Building package 'hunav_evaluator' with the following arguments: {'ament_cmake_args': None, 'build_base': '/home/ambroise/hunav_ws/build/hunav_evaluator', 'catkin_cmake_args': None, 'catkin_skip_building_tests': False, 'cmake_args': None, 'cmake_clean_cache': False, 'cmake_clean_first': False, 'cmake_force_configure': False, 'cmake_target': None, 'cmake_target_skip_unavailable': False, 'install_base': '/home/ambroise/hunav_ws/install/hunav_evaluator', 'merge_install': False, 'path': '/home/ambroise/hunav_ws/src/hunav_sim/hunav_evaluator', 'symlink_install': True, 'test_result_base': None}
[0.466s] Level 5:colcon.colcon_core.verb:set package 'hunav_gazebo_wrapper' build argument 'cmake_args' from command line to 'None'
[0.466s] Level 5:colcon.colcon_core.verb:set package 'hunav_gazebo_wrapper' build argument 'cmake_target' from command line to 'None'
[0.466s] Level 5:colcon.colcon_core.verb:set package 'hunav_gazebo_wrapper' build argument 'cmake_target_skip_unavailable' from command line to 'False'
[0.466s] Level 5:colcon.colcon_core.verb:set package 'hunav_gazebo_wrapper' build argument 'cmake_clean_cache' from command line to 'False'
[0.466s] Level 5:colcon.colcon_core.verb:set package 'hunav_gazebo_wrapper' build argument 'cmake_clean_first' from command line to 'False'
[0.466s] Level 5:colcon.colcon_core.verb:set package 'hunav_gazebo_wrapper' build argument 'cmake_force_configure' from command line to 'False'
[0.466s] Level 5:colcon.colcon_core.verb:set package 'hunav_gazebo_wrapper' build argument 'ament_cmake_args' from command line to 'None'
[0.466s] Level 5:colcon.colcon_core.verb:set package 'hunav_gazebo_wrapper' build argument 'catkin_cmake_args' from command line to 'None'
[0.466s] Level 5:colcon.colcon_core.verb:set package 'hunav_gazebo_wrapper' build argument 'catkin_skip_building_tests' from command line to 'False'
[0.466s] DEBUG:colcon.colcon_core.verb:Building package 'hunav_gazebo_wrapper' with the following arguments: {'ament_cmake_args': None, 'build_base': '/home/ambroise/hunav_ws/build/hunav_gazebo_wrapper', 'catkin_cmake_args': None, 'catkin_skip_building_tests': False, 'cmake_args': None, 'cmake_clean_cache': False, 'cmake_clean_first': False, 'cmake_force_configure': False, 'cmake_target': None, 'cmake_target_skip_unavailable': False, 'install_base': '/home/ambroise/hunav_ws/install/hunav_gazebo_wrapper', 'merge_install': False, 'path': '/home/ambroise/hunav_ws/src/hunav_gazebo_wrapper', 'symlink_install': True, 'test_result_base': None}
[0.466s] Level 5:colcon.colcon_core.verb:set package 'hunav_rviz2_panel' build argument 'cmake_args' from command line to 'None'
[0.466s] Level 5:colcon.colcon_core.verb:set package 'hunav_rviz2_panel' build argument 'cmake_target' from command line to 'None'
[0.466s] Level 5:colcon.colcon_core.verb:set package 'hunav_rviz2_panel' build argument 'cmake_target_skip_unavailable' from command line to 'False'
[0.466s] Level 5:colcon.colcon_core.verb:set package 'hunav_rviz2_panel' build argument 'cmake_clean_cache' from command line to 'False'
[0.466s] Level 5:colcon.colcon_core.verb:set package 'hunav_rviz2_panel' build argument 'cmake_clean_first' from command line to 'False'
[0.466s] Level 5:colcon.colcon_core.verb:set package 'hunav_rviz2_panel' build argument 'cmake_force_configure' from command line to 'False'
[0.466s] Level 5:colcon.colcon_core.verb:set package 'hunav_rviz2_panel' build argument 'ament_cmake_args' from command line to 'None'
[0.466s] Level 5:colcon.colcon_core.verb:set package 'hunav_rviz2_panel' build argument 'catkin_cmake_args' from command line to 'None'
[0.466s] Level 5:colcon.colcon_core.verb:set package 'hunav_rviz2_panel' build argument 'catkin_skip_building_tests' from command line to 'False'
[0.466s] DEBUG:colcon.colcon_core.verb:Building package 'hunav_rviz2_panel' with the following arguments: {'ament_cmake_args': None, 'build_base': '/home/ambroise/hunav_ws/build/hunav_rviz2_panel', 'catkin_cmake_args': None, 'catkin_skip_building_tests': False, 'cmake_args': None, 'cmake_clean_cache': False, 'cmake_clean_first': False, 'cmake_force_configure': False, 'cmake_target': None, 'cmake_target_skip_unavailable': False, 'install_base': '/home/ambroise/hunav_ws/install/hunav_rviz2_panel', 'merge_install': False, 'path': '/home/ambroise/hunav_ws/src/hunav_sim/hunav_rviz2_panel', 'symlink_install': True, 'test_result_base': None}
[0.467s] Level 5:colcon.colcon_core.verb:set package 'hunav_behavior_tree_generator' build argument 'cmake_args' from command line to 'None'
[0.467s] Level 5:colcon.colcon_core.verb:set package 'hunav_behavior_tree_generator' build argument 'cmake_target' from command line to 'None'
[0.467s] Level 5:colcon.colcon_core.verb:set package 'hunav_behavior_tree_generator' build argument 'cmake_target_skip_unavailable' from command line to 'False'
[0.467s] Level 5:colcon.colcon_core.verb:set package 'hunav_behavior_tree_generator' build argument 'cmake_clean_cache' from command line to 'False'
[0.467s] Level 5:colcon.colcon_core.verb:set package 'hunav_behavior_tree_generator' build argument 'cmake_clean_first' from command line to 'False'
[0.467s] Level 5:colcon.colcon_core.verb:set package 'hunav_behavior_tree_generator' build argument 'cmake_force_configure' from command line to 'False'
[0.467s] Level 5:colcon.colcon_core.verb:set package 'hunav_behavior_tree_generator' build argument 'ament_cmake_args' from command line to 'None'
[0.467s] Level 5:colcon.colcon_core.verb:set package 'hunav_behavior_tree_generator' build argument 'catkin_cmake_args' from command line to 'None'
[0.467s] Level 5:colcon.colcon_core.verb:set package 'hunav_behavior_tree_generator' build argument 'catkin_skip_building_tests' from command line to 'False'
[0.467s] DEBUG:colcon.colcon_core.verb:Building package 'hunav_behavior_tree_generator' with the following arguments: {'ament_cmake_args': None, 'build_base': '/home/ambroise/hunav_ws/build/hunav_behavior_tree_generator', 'catkin_cmake_args': None, 'catkin_skip_building_tests': False, 'cmake_args': None, 'cmake_clean_cache': False, 'cmake_clean_first': False, 'cmake_force_configure': False, 'cmake_target': None, 'cmake_target_skip_unavailable': False, 'install_base': '/home/ambroise/hunav_ws/install/hunav_behavior_tree_generator', 'merge_install': False, 'path': '/home/ambroise/hunav_ws/src/hunav_sim/hunav_behavior_tree_generator', 'symlink_install': True, 'test_result_base': None}
[0.467s] Level 5:colcon.colcon_core.verb:set package 'hunav_sim' build argument 'cmake_args' from command line to 'None'
[0.467s] Level 5:colcon.colcon_core.verb:set package 'hunav_sim' build argument 'cmake_target' from command line to 'None'
[0.467s] Level 5:colcon.colcon_core.verb:set package 'hunav_sim' build argument 'cmake_target_skip_unavailable' from command line to 'False'
[0.467s] Level 5:colcon.colcon_core.verb:set package 'hunav_sim' build argument 'cmake_clean_cache' from command line to 'False'
[0.467s] Level 5:colcon.colcon_core.verb:set package 'hunav_sim' build argument 'cmake_clean_first' from command line to 'False'
[0.467s] Level 5:colcon.colcon_core.verb:set package 'hunav_sim' build argument 'cmake_force_configure' from command line to 'False'
[0.467s] Level 5:colcon.colcon_core.verb:set package 'hunav_sim' build argument 'ament_cmake_args' from command line to 'None'
[0.467s] Level 5:colcon.colcon_core.verb:set package 'hunav_sim' build argument 'catkin_cmake_args' from command line to 'None'
[0.467s] Level 5:colcon.colcon_core.verb:set package 'hunav_sim' build argument 'catkin_skip_building_tests' from command line to 'False'
[0.467s] DEBUG:colcon.colcon_core.verb:Building package 'hunav_sim' with the following arguments: {'ament_cmake_args': None, 'build_base': '/home/ambroise/hunav_ws/build/hunav_sim', 'catkin_cmake_args': None, 'catkin_skip_building_tests': False, 'cmake_args': None, 'cmake_clean_cache': False, 'cmake_clean_first': False, 'cmake_force_configure': False, 'cmake_target': None, 'cmake_target_skip_unavailable': False, 'install_base': '/home/ambroise/hunav_ws/install/hunav_sim', 'merge_install': False, 'path': '/home/ambroise/hunav_ws/src/hunav_sim/hunav_sim', 'symlink_install': True, 'test_result_base': None}
[0.467s] INFO:colcon.colcon_core.executor:Executing jobs using 'parallel' executor
[0.468s] DEBUG:colcon.colcon_parallel_executor.executor.parallel:run_until_complete
[0.469s] INFO:colcon.colcon_ros.task.ament_cmake.build:Building ROS package in '/home/ambroise/hunav_ws/src/hunav_sim/hunav_msgs' with build type 'ament_cmake'
[0.469s] INFO:colcon.colcon_cmake.task.cmake.build:Building CMake package in '/home/ambroise/hunav_ws/src/hunav_sim/hunav_msgs'
[0.475s] INFO:colcon.colcon_core.plugin_system:Skipping extension 'colcon_core.shell.bat': Not used on non-Windows systems
[0.475s] INFO:colcon.colcon_core.shell:Skip shell extension 'powershell' for command environment: Not usable outside of PowerShell
[0.475s] DEBUG:colcon.colcon_core.shell:Skip shell extension 'dsv' for command environment
[0.479s] INFO:colcon.colcon_ros.task.ament_cmake.build:Building ROS package in '/home/ambroise/hunav_ws/src/people/people_msgs' with build type 'ament_cmake'
[0.479s] INFO:colcon.colcon_cmake.task.cmake.build:Building CMake package in '/home/ambroise/hunav_ws/src/people/people_msgs'
[0.479s] INFO:colcon.colcon_core.shell:Skip shell extension 'powershell' for command environment: Not usable outside of PowerShell
[0.479s] DEBUG:colcon.colcon_core.shell:Skip shell extension 'dsv' for command environment
[0.486s] DEBUG:colcon.colcon_core.event_handler.log_command:Invoking command in '/home/ambroise/hunav_ws/build/hunav_msgs': CMAKE_PREFIX_PATH=${CMAKE_PREFIX_PATH}:/home/ambroise/hunav_ws/install/hunav_behavior_tree_generator:/home/ambroise/hunav_ws/install/hunav_evaluator:/opt/ros/humble /usr/bin/cmake --build /home/ambroise/hunav_ws/build/hunav_msgs -- -j16 -l16
[0.492s] DEBUG:colcon.colcon_core.event_handler.log_command:Invoking command in '/home/ambroise/hunav_ws/build/people_msgs': CMAKE_PREFIX_PATH=${CMAKE_PREFIX_PATH}:/home/ambroise/hunav_ws/install/hunav_behavior_tree_generator:/home/ambroise/hunav_ws/install/hunav_evaluator:/opt/ros/humble /usr/bin/cmake --build /home/ambroise/hunav_ws/build/people_msgs -- -j16 -l16
[0.967s] DEBUG:colcon.colcon_core.event_handler.log_command:Invoked command in '/home/ambroise/hunav_ws/build/hunav_msgs' returned '0': CMAKE_PREFIX_PATH=${CMAKE_PREFIX_PATH}:/home/ambroise/hunav_ws/install/hunav_behavior_tree_generator:/home/ambroise/hunav_ws/install/hunav_evaluator:/opt/ros/humble /usr/bin/cmake --build /home/ambroise/hunav_ws/build/hunav_msgs -- -j16 -l16
[0.983s] DEBUG:colcon.colcon_core.event_handler.log_command:Invoking command in '/home/ambroise/hunav_ws/build/hunav_msgs': CMAKE_PREFIX_PATH=${CMAKE_PREFIX_PATH}:/home/ambroise/hunav_ws/install/hunav_behavior_tree_generator:/home/ambroise/hunav_ws/install/hunav_evaluator:/opt/ros/humble /usr/bin/cmake --install /home/ambroise/hunav_ws/build/hunav_msgs
[0.984s] DEBUG:colcon.colcon_core.event_handler.log_command:Invoked command in '/home/ambroise/hunav_ws/build/people_msgs' returned '0': CMAKE_PREFIX_PATH=${CMAKE_PREFIX_PATH}:/home/ambroise/hunav_ws/install/hunav_behavior_tree_generator:/home/ambroise/hunav_ws/install/hunav_evaluator:/opt/ros/humble /usr/bin/cmake --build /home/ambroise/hunav_ws/build/people_msgs -- -j16 -l16
[0.985s] DEBUG:colcon.colcon_core.event_handler.log_command:Invoking command in '/home/ambroise/hunav_ws/build/people_msgs': CMAKE_PREFIX_PATH=${CMAKE_PREFIX_PATH}:/home/ambroise/hunav_ws/install/hunav_behavior_tree_generator:/home/ambroise/hunav_ws/install/hunav_evaluator:/opt/ros/humble /usr/bin/cmake --install /home/ambroise/hunav_ws/build/people_msgs
[1.096s] Level 1:colcon.colcon_core.environment:create_environment_scripts_only(people_msgs)
[1.097s] DEBUG:colcon.colcon_core.event_handler.log_command:Invoked command in '/home/ambroise/hunav_ws/build/people_msgs' returned '0': CMAKE_PREFIX_PATH=${CMAKE_PREFIX_PATH}:/home/ambroise/hunav_ws/install/hunav_behavior_tree_generator:/home/ambroise/hunav_ws/install/hunav_evaluator:/opt/ros/humble /usr/bin/cmake --install /home/ambroise/hunav_ws/build/people_msgs
[1.103s] Level 1:colcon.colcon_core.environment:checking '/home/ambroise/hunav_ws/install/people_msgs' for CMake module files
[1.103s] Level 1:colcon.colcon_core.environment:checking '/home/ambroise/hunav_ws/install/people_msgs' for CMake config files
[1.104s] Level 1:colcon.colcon_core.shell:create_environment_hook('people_msgs', 'cmake_prefix_path')
[1.104s] INFO:colcon.colcon_core.shell:Creating environment hook '/home/ambroise/hunav_ws/install/people_msgs/share/people_msgs/hook/cmake_prefix_path.ps1'
[1.106s] INFO:colcon.colcon_core.shell:Creating environment descriptor '/home/ambroise/hunav_ws/install/people_msgs/share/people_msgs/hook/cmake_prefix_path.dsv'
[1.107s] INFO:colcon.colcon_core.shell:Creating environment hook '/home/ambroise/hunav_ws/install/people_msgs/share/people_msgs/hook/cmake_prefix_path.sh'
[1.109s] Level 1:colcon.colcon_core.environment:checking '/home/ambroise/hunav_ws/install/people_msgs/lib'
[1.109s] Level 1:colcon.colcon_core.shell:create_environment_hook('people_msgs', 'ld_library_path_lib')
[1.110s] INFO:colcon.colcon_core.shell:Creating environment hook '/home/ambroise/hunav_ws/install/people_msgs/share/people_msgs/hook/ld_library_path_lib.ps1'
[1.110s] INFO:colcon.colcon_core.shell:Creating environment descriptor '/home/ambroise/hunav_ws/install/people_msgs/share/people_msgs/hook/ld_library_path_lib.dsv'
[1.111s] INFO:colcon.colcon_core.shell:Creating environment hook '/home/ambroise/hunav_ws/install/people_msgs/share/people_msgs/hook/ld_library_path_lib.sh'
[1.111s] Level 1:colcon.colcon_core.environment:checking '/home/ambroise/hunav_ws/install/people_msgs/bin'
[1.111s] Level 1:colcon.colcon_core.environment:checking '/home/ambroise/hunav_ws/install/people_msgs/lib/pkgconfig/people_msgs.pc'
[1.111s] Level 1:colcon.colcon_core.environment:checking '/home/ambroise/hunav_ws/install/people_msgs/lib/python3.10/site-packages'
[1.112s] Level 1:colcon.colcon_core.environment:checking '/home/ambroise/hunav_ws/install/people_msgs/bin'
[1.112s] INFO:colcon.colcon_core.shell:Creating package script '/home/ambroise/hunav_ws/install/people_msgs/share/people_msgs/package.ps1'
[1.113s] INFO:colcon.colcon_core.shell:Creating package descriptor '/home/ambroise/hunav_ws/install/people_msgs/share/people_msgs/package.dsv'
[1.114s] INFO:colcon.colcon_core.shell:Creating package script '/home/ambroise/hunav_ws/install/people_msgs/share/people_msgs/package.sh'
[1.115s] INFO:colcon.colcon_core.shell:Creating package script '/home/ambroise/hunav_ws/install/people_msgs/share/people_msgs/package.bash'
[1.116s] INFO:colcon.colcon_core.shell:Creating package script '/home/ambroise/hunav_ws/install/people_msgs/share/people_msgs/package.zsh'
[1.117s] Level 1:colcon.colcon_core.environment:create_file_with_runtime_dependencies(/home/ambroise/hunav_ws/install/people_msgs/share/colcon-core/packages/people_msgs)
[1.118s] Level 1:colcon.colcon_core.environment:create_environment_scripts_only(people_msgs)
[1.118s] Level 1:colcon.colcon_core.environment:checking '/home/ambroise/hunav_ws/install/people_msgs' for CMake module files
[1.119s] Level 1:colcon.colcon_core.environment:checking '/home/ambroise/hunav_ws/install/people_msgs' for CMake config files
[1.119s] Level 1:colcon.colcon_core.shell:create_environment_hook('people_msgs', 'cmake_prefix_path')
[1.119s] INFO:colcon.colcon_core.shell:Creating environment hook '/home/ambroise/hunav_ws/install/people_msgs/share/people_msgs/hook/cmake_prefix_path.ps1'
[1.120s] INFO:colcon.colcon_core.shell:Creating environment descriptor '/home/ambroise/hunav_ws/install/people_msgs/share/people_msgs/hook/cmake_prefix_path.dsv'
[1.120s] INFO:colcon.colcon_core.shell:Creating environment hook '/home/ambroise/hunav_ws/install/people_msgs/share/people_msgs/hook/cmake_prefix_path.sh'
[1.120s] Level 1:colcon.colcon_core.environment:checking '/home/ambroise/hunav_ws/install/people_msgs/lib'
[1.120s] Level 1:colcon.colcon_core.shell:create_environment_hook('people_msgs', 'ld_library_path_lib')
[1.121s] INFO:colcon.colcon_core.shell:Creating environment hook '/home/ambroise/hunav_ws/install/people_msgs/share/people_msgs/hook/ld_library_path_lib.ps1'
[1.121s] INFO:colcon.colcon_core.shell:Creating environment descriptor '/home/ambroise/hunav_ws/install/people_msgs/share/people_msgs/hook/ld_library_path_lib.dsv'
[1.121s] INFO:colcon.colcon_core.shell:Creating environment hook '/home/ambroise/hunav_ws/install/people_msgs/share/people_msgs/hook/ld_library_path_lib.sh'
[1.122s] Level 1:colcon.colcon_core.environment:checking '/home/ambroise/hunav_ws/install/people_msgs/bin'
[1.122s] Level 1:colcon.colcon_core.environment:checking '/home/ambroise/hunav_ws/install/people_msgs/lib/pkgconfig/people_msgs.pc'
[1.122s] Level 1:colcon.colcon_core.environment:checking '/home/ambroise/hunav_ws/install/people_msgs/lib/python3.10/site-packages'
[1.122s] Level 1:colcon.colcon_core.environment:checking '/home/ambroise/hunav_ws/install/people_msgs/bin'
[1.123s] INFO:colcon.colcon_core.shell:Creating package script '/home/ambroise/hunav_ws/install/people_msgs/share/people_msgs/package.ps1'
[1.123s] INFO:colcon.colcon_core.shell:Creating package descriptor '/home/ambroise/hunav_ws/install/people_msgs/share/people_msgs/package.dsv'
[1.124s] INFO:colcon.colcon_core.shell:Creating package script '/home/ambroise/hunav_ws/install/people_msgs/share/people_msgs/package.sh'
[1.124s] INFO:colcon.colcon_core.shell:Creating package script '/home/ambroise/hunav_ws/install/people_msgs/share/people_msgs/package.bash'
[1.125s] INFO:colcon.colcon_core.shell:Creating package script '/home/ambroise/hunav_ws/install/people_msgs/share/people_msgs/package.zsh'
[1.125s] Level 1:colcon.colcon_core.environment:create_file_with_runtime_dependencies(/home/ambroise/hunav_ws/install/people_msgs/share/colcon-core/packages/people_msgs)
[1.126s] Level 1:colcon.colcon_core.environment:create_environment_scripts_only(hunav_msgs)
[1.127s] Level 1:colcon.colcon_core.environment:checking '/home/ambroise/hunav_ws/install/hunav_msgs' for CMake module files
[1.128s] DEBUG:colcon.colcon_core.event_handler.log_command:Invoked command in '/home/ambroise/hunav_ws/build/hunav_msgs' returned '0': CMAKE_PREFIX_PATH=${CMAKE_PREFIX_PATH}:/home/ambroise/hunav_ws/install/hunav_behavior_tree_generator:/home/ambroise/hunav_ws/install/hunav_evaluator:/opt/ros/humble /usr/bin/cmake --install /home/ambroise/hunav_ws/build/hunav_msgs
[1.128s] Level 1:colcon.colcon_core.environment:checking '/home/ambroise/hunav_ws/install/hunav_msgs' for CMake config files
[1.129s] Level 1:colcon.colcon_core.shell:create_environment_hook('hunav_msgs', 'cmake_prefix_path')
[1.129s] INFO:colcon.colcon_core.shell:Creating environment hook '/home/ambroise/hunav_ws/install/hunav_msgs/share/hunav_msgs/hook/cmake_prefix_path.ps1'
[1.129s] INFO:colcon.colcon_core.shell:Creating environment descriptor '/home/ambroise/hunav_ws/install/hunav_msgs/share/hunav_msgs/hook/cmake_prefix_path.dsv'
[1.129s] INFO:colcon.colcon_core.shell:Creating environment hook '/home/ambroise/hunav_ws/install/hunav_msgs/share/hunav_msgs/hook/cmake_prefix_path.sh'
[1.130s] Level 1:colcon.colcon_core.environment:checking '/home/ambroise/hunav_ws/install/hunav_msgs/lib'
[1.130s] Level 1:colcon.colcon_core.shell:create_environment_hook('hunav_msgs', 'ld_library_path_lib')
[1.130s] INFO:colcon.colcon_core.shell:Creating environment hook '/home/ambroise/hunav_ws/install/hunav_msgs/share/hunav_msgs/hook/ld_library_path_lib.ps1'
[1.131s] INFO:colcon.colcon_core.shell:Creating environment descriptor '/home/ambroise/hunav_ws/install/hunav_msgs/share/hunav_msgs/hook/ld_library_path_lib.dsv'
[1.131s] INFO:colcon.colcon_core.shell:Creating environment hook '/home/ambroise/hunav_ws/install/hunav_msgs/share/hunav_msgs/hook/ld_library_path_lib.sh'
[1.131s] Level 1:colcon.colcon_core.environment:checking '/home/ambroise/hunav_ws/install/hunav_msgs/bin'
[1.131s] Level 1:colcon.colcon_core.environment:checking '/home/ambroise/hunav_ws/install/hunav_msgs/lib/pkgconfig/hunav_msgs.pc'
[1.132s] Level 1:colcon.colcon_core.environment:checking '/home/ambroise/hunav_ws/install/hunav_msgs/lib/python3.10/site-packages'
[1.132s] Level 1:colcon.colcon_core.environment:checking '/home/ambroise/hunav_ws/install/hunav_msgs/bin'
[1.132s] INFO:colcon.colcon_core.shell:Creating package script '/home/ambroise/hunav_ws/install/hunav_msgs/share/hunav_msgs/package.ps1'
[1.133s] INFO:colcon.colcon_core.shell:Creating package descriptor '/home/ambroise/hunav_ws/install/hunav_msgs/share/hunav_msgs/package.dsv'
[1.133s] INFO:colcon.colcon_core.shell:Creating package script '/home/ambroise/hunav_ws/install/hunav_msgs/share/hunav_msgs/package.sh'
[1.134s] INFO:colcon.colcon_core.shell:Creating package script '/home/ambroise/hunav_ws/install/hunav_msgs/share/hunav_msgs/package.bash'
[1.134s] INFO:colcon.colcon_core.shell:Creating package script '/home/ambroise/hunav_ws/install/hunav_msgs/share/hunav_msgs/package.zsh'
[1.134s] Level 1:colcon.colcon_core.environment:create_file_with_runtime_dependencies(/home/ambroise/hunav_ws/install/hunav_msgs/share/colcon-core/packages/hunav_msgs)
[1.135s] Level 1:colcon.colcon_core.environment:create_environment_scripts_only(hunav_msgs)
[1.135s] Level 1:colcon.colcon_core.environment:checking '/home/ambroise/hunav_ws/install/hunav_msgs' for CMake module files
[1.135s] Level 1:colcon.colcon_core.environment:checking '/home/ambroise/hunav_ws/install/hunav_msgs' for CMake config files
[1.136s] Level 1:colcon.colcon_core.shell:create_environment_hook('hunav_msgs', 'cmake_prefix_path')
[1.136s] INFO:colcon.colcon_core.shell:Creating environment hook '/home/ambroise/hunav_ws/install/hunav_msgs/share/hunav_msgs/hook/cmake_prefix_path.ps1'
[1.136s] INFO:colcon.colcon_core.shell:Creating environment descriptor '/home/ambroise/hunav_ws/install/hunav_msgs/share/hunav_msgs/hook/cmake_prefix_path.dsv'
[1.137s] INFO:colcon.colcon_core.shell:Creating environment hook '/home/ambroise/hunav_ws/install/hunav_msgs/share/hunav_msgs/hook/cmake_prefix_path.sh'
[1.137s] Level 1:colcon.colcon_core.environment:checking '/home/ambroise/hunav_ws/install/hunav_msgs/lib'
[1.137s] Level 1:colcon.colcon_core.shell:create_environment_hook('hunav_msgs', 'ld_library_path_lib')
[1.137s] INFO:colcon.colcon_core.shell:Creating environment hook '/home/ambroise/hunav_ws/install/hunav_msgs/share/hunav_msgs/hook/ld_library_path_lib.ps1'
[1.138s] INFO:colcon.colcon_core.shell:Creating environment descriptor '/home/ambroise/hunav_ws/install/hunav_msgs/share/hunav_msgs/hook/ld_library_path_lib.dsv'
[1.138s] INFO:colcon.colcon_core.shell:Creating environment hook '/home/ambroise/hunav_ws/install/hunav_msgs/share/hunav_msgs/hook/ld_library_path_lib.sh'
[1.138s] Level 1:colcon.colcon_core.environment:checking '/home/ambroise/hunav_ws/install/hunav_msgs/bin'
[1.138s] Level 1:colcon.colcon_core.environment:checking '/home/ambroise/hunav_ws/install/hunav_msgs/lib/pkgconfig/hunav_msgs.pc'
[1.139s] Level 1:colcon.colcon_core.environment:checking '/home/ambroise/hunav_ws/install/hunav_msgs/lib/python3.10/site-packages'
[1.139s] Level 1:colcon.colcon_core.environment:checking '/home/ambroise/hunav_ws/install/hunav_msgs/bin'
[1.139s] INFO:colcon.colcon_core.shell:Creating package script '/home/ambroise/hunav_ws/install/hunav_msgs/share/hunav_msgs/package.ps1'
[1.140s] INFO:colcon.colcon_core.shell:Creating package descriptor '/home/ambroise/hunav_ws/install/hunav_msgs/share/hunav_msgs/package.dsv'
[1.140s] INFO:colcon.colcon_core.shell:Creating package script '/home/ambroise/hunav_ws/install/hunav_msgs/share/hunav_msgs/package.sh'
[1.141s] INFO:colcon.colcon_core.shell:Creating package script '/home/ambroise/hunav_ws/install/hunav_msgs/share/hunav_msgs/package.bash'
[1.141s] INFO:colcon.colcon_core.shell:Creating package script '/home/ambroise/hunav_ws/install/hunav_msgs/share/hunav_msgs/package.zsh'
[1.141s] Level 1:colcon.colcon_core.environment:create_file_with_runtime_dependencies(/home/ambroise/hunav_ws/install/hunav_msgs/share/colcon-core/packages/hunav_msgs)
[1.142s] INFO:colcon.colcon_ros.task.ament_cmake.build:Building ROS package in '/home/ambroise/hunav_ws/src/hunav_sim/hunav_agent_manager' with build type 'ament_cmake'
[1.142s] INFO:colcon.colcon_cmake.task.cmake.build:Building CMake package in '/home/ambroise/hunav_ws/src/hunav_sim/hunav_agent_manager'
[1.143s] INFO:colcon.colcon_core.shell:Skip shell extension 'powershell' for command environment: Not usable outside of PowerShell
[1.143s] DEBUG:colcon.colcon_core.shell:Skip shell extension 'dsv' for command environment
[1.148s] INFO:colcon.colcon_ros.task.ament_python.build:Building ROS package in '/home/ambroise/hunav_ws/src/hunav_sim/hunav_evaluator' with build type 'ament_python'
[1.148s] Level 1:colcon.colcon_core.shell:create_environment_hook('hunav_evaluator', 'ament_prefix_path')
[1.149s] INFO:colcon.colcon_core.shell:Creating environment hook '/home/ambroise/hunav_ws/install/hunav_evaluator/share/hunav_evaluator/hook/ament_prefix_path.ps1'
[1.150s] INFO:colcon.colcon_core.shell:Creating environment descriptor '/home/ambroise/hunav_ws/install/hunav_evaluator/share/hunav_evaluator/hook/ament_prefix_path.dsv'
[1.150s] INFO:colcon.colcon_core.shell:Creating environment hook '/home/ambroise/hunav_ws/install/hunav_evaluator/share/hunav_evaluator/hook/ament_prefix_path.sh'
[1.151s] INFO:colcon.colcon_core.shell:Skip shell extension 'powershell' for command environment: Not usable outside of PowerShell
[1.151s] DEBUG:colcon.colcon_core.shell:Skip shell extension 'dsv' for command environment
[1.155s] INFO:colcon.colcon_ros.task.ament_cmake.build:Building ROS package in '/home/ambroise/hunav_ws/src/hunav_gazebo_wrapper' with build type 'ament_cmake'
[1.155s] INFO:colcon.colcon_cmake.task.cmake.build:Building CMake package in '/home/ambroise/hunav_ws/src/hunav_gazebo_wrapper'
[1.155s] INFO:colcon.colcon_core.shell:Skip shell extension 'powershell' for command environment: Not usable outside of PowerShell
[1.155s] DEBUG:colcon.colcon_core.shell:Skip shell extension 'dsv' for command environment
[1.160s] INFO:colcon.colcon_ros.task.ament_cmake.build:Building ROS package in '/home/ambroise/hunav_ws/src/hunav_sim/hunav_rviz2_panel' with build type 'ament_cmake'
[1.160s] INFO:colcon.colcon_cmake.task.cmake.build:Building CMake package in '/home/ambroise/hunav_ws/src/hunav_sim/hunav_rviz2_panel'
[1.160s] INFO:colcon.colcon_core.shell:Skip shell extension 'powershell' for command environment: Not usable outside of PowerShell
[1.160s] DEBUG:colcon.colcon_core.shell:Skip shell extension 'dsv' for command environment
[1.171s] DEBUG:colcon.colcon_core.event_handler.log_command:Invoking command in '/home/ambroise/hunav_ws/build/hunav_agent_manager': CMAKE_PREFIX_PATH=/home/ambroise/hunav_ws/install/people_msgs:/home/ambroise/hunav_ws/install/hunav_msgs:/home/ambroise/hunav_ws/install/hunav_sim:/home/ambroise/hunav_ws/install/hunav_agent_manager:/home/ambroise/hunav_ws/install/hunav_rviz2_panel:/home/ambroise/hunav_ws/install/hunav_gazebo_wrapper:/home/ambroise/hunav_ws/install/hunav_behavior_tree_generator:/home/ambroise/hunav_ws/install/hunav_evaluator:/opt/ros/humble LD_LIBRARY_PATH=/home/ambroise/hunav_ws/install/people_msgs/lib:/home/ambroise/hunav_ws/install/hunav_msgs/lib:/home/ambroise/hunav_ws/install/hunav_rviz2_panel/lib:/home/ambroise/hunav_ws/install/hunav_gazebo_wrapper/lib:/usr/lib/x86_64-linux-gnu/gazebo-11/plugins:/opt/ros/humble/opt/rviz_ogre_vendor/lib:/opt/ros/humble/lib/x86_64-linux-gnu:/opt/ros/humble/lib /usr/bin/cmake --build /home/ambroise/hunav_ws/build/hunav_agent_manager -- -j16 -l16
[1.550s] INFO:colcon.colcon_core.task.python.build:Building Python package in '/home/ambroise/hunav_ws/src/hunav_sim/hunav_evaluator'
[1.550s] INFO:colcon.colcon_core.shell:Skip shell extension 'powershell' for command environment: Not usable outside of PowerShell
[1.550s] DEBUG:colcon.colcon_core.shell:Skip shell extension 'dsv' for command environment
[1.562s] DEBUG:colcon.colcon_core.event_handler.log_command:Invoking command in '/home/ambroise/hunav_ws/build/hunav_gazebo_wrapper': CMAKE_PREFIX_PATH=/home/ambroise/hunav_ws/install/hunav_msgs:/home/ambroise/hunav_ws/install/hunav_sim:/home/ambroise/hunav_ws/install/hunav_agent_manager:/home/ambroise/hunav_ws/install/people_msgs:/home/ambroise/hunav_ws/install/hunav_rviz2_panel:/home/ambroise/hunav_ws/install/hunav_gazebo_wrapper:/home/ambroise/hunav_ws/install/hunav_behavior_tree_generator:/home/ambroise/hunav_ws/install/hunav_evaluator:/opt/ros/humble LD_LIBRARY_PATH=/home/ambroise/hunav_ws/install/hunav_msgs/lib:/home/ambroise/hunav_ws/install/people_msgs/lib:/home/ambroise/hunav_ws/install/hunav_rviz2_panel/lib:/home/ambroise/hunav_ws/install/hunav_gazebo_wrapper/lib:/usr/lib/x86_64-linux-gnu/gazebo-11/plugins:/opt/ros/humble/opt/rviz_ogre_vendor/lib:/opt/ros/humble/lib/x86_64-linux-gnu:/opt/ros/humble/lib /usr/bin/cmake /home/ambroise/hunav_ws/src/hunav_gazebo_wrapper -DAMENT_CMAKE_SYMLINK_INSTALL=1 -DCMAKE_INSTALL_PREFIX=/home/ambroise/hunav_ws/install/hunav_gazebo_wrapper
[1.567s] DEBUG:colcon.colcon_core.event_handler.log_command:Invoking command in '/home/ambroise/hunav_ws/build/hunav_rviz2_panel': CMAKE_PREFIX_PATH=/home/ambroise/hunav_ws/install/hunav_msgs:/home/ambroise/hunav_ws/install/hunav_sim:/home/ambroise/hunav_ws/install/hunav_agent_manager:/home/ambroise/hunav_ws/install/people_msgs:/home/ambroise/hunav_ws/install/hunav_rviz2_panel:/home/ambroise/hunav_ws/install/hunav_gazebo_wrapper:/home/ambroise/hunav_ws/install/hunav_behavior_tree_generator:/home/ambroise/hunav_ws/install/hunav_evaluator:/opt/ros/humble LD_LIBRARY_PATH=/home/ambroise/hunav_ws/install/hunav_msgs/lib:/home/ambroise/hunav_ws/install/people_msgs/lib:/home/ambroise/hunav_ws/install/hunav_rviz2_panel/lib:/home/ambroise/hunav_ws/install/hunav_gazebo_wrapper/lib:/usr/lib/x86_64-linux-gnu/gazebo-11/plugins:/opt/ros/humble/opt/rviz_ogre_vendor/lib:/opt/ros/humble/lib/x86_64-linux-gnu:/opt/ros/humble/lib /usr/bin/cmake --build /home/ambroise/hunav_ws/build/hunav_rviz2_panel -- -j16 -l16
[1.568s] DEBUG:colcon.colcon_core.event_handler.log_command:Invoked command in '/home/ambroise/hunav_ws/build/hunav_agent_manager' returned '0': CMAKE_PREFIX_PATH=/home/ambroise/hunav_ws/install/people_msgs:/home/ambroise/hunav_ws/install/hunav_msgs:/home/ambroise/hunav_ws/install/hunav_sim:/home/ambroise/hunav_ws/install/hunav_agent_manager:/home/ambroise/hunav_ws/install/hunav_rviz2_panel:/home/ambroise/hunav_ws/install/hunav_gazebo_wrapper:/home/ambroise/hunav_ws/install/hunav_behavior_tree_generator:/home/ambroise/hunav_ws/install/hunav_evaluator:/opt/ros/humble LD_LIBRARY_PATH=/home/ambroise/hunav_ws/install/people_msgs/lib:/home/ambroise/hunav_ws/install/hunav_msgs/lib:/home/ambroise/hunav_ws/install/hunav_rviz2_panel/lib:/home/ambroise/hunav_ws/install/hunav_gazebo_wrapper/lib:/usr/lib/x86_64-linux-gnu/gazebo-11/plugins:/opt/ros/humble/opt/rviz_ogre_vendor/lib:/opt/ros/humble/lib/x86_64-linux-gnu:/opt/ros/humble/lib /usr/bin/cmake --build /home/ambroise/hunav_ws/build/hunav_agent_manager -- -j16 -l16
[1.570s] DEBUG:colcon.colcon_core.event_handler.log_command:Invoking command in '/home/ambroise/hunav_ws/build/hunav_agent_manager': CMAKE_PREFIX_PATH=/home/ambroise/hunav_ws/install/people_msgs:/home/ambroise/hunav_ws/install/hunav_msgs:/home/ambroise/hunav_ws/install/hunav_sim:/home/ambroise/hunav_ws/install/hunav_agent_manager:/home/ambroise/hunav_ws/install/hunav_rviz2_panel:/home/ambroise/hunav_ws/install/hunav_gazebo_wrapper:/home/ambroise/hunav_ws/install/hunav_behavior_tree_generator:/home/ambroise/hunav_ws/install/hunav_evaluator:/opt/ros/humble LD_LIBRARY_PATH=/home/ambroise/hunav_ws/install/people_msgs/lib:/home/ambroise/hunav_ws/install/hunav_msgs/lib:/home/ambroise/hunav_ws/install/hunav_rviz2_panel/lib:/home/ambroise/hunav_ws/install/hunav_gazebo_wrapper/lib:/usr/lib/x86_64-linux-gnu/gazebo-11/plugins:/opt/ros/humble/opt/rviz_ogre_vendor/lib:/opt/ros/humble/lib/x86_64-linux-gnu:/opt/ros/humble/lib /usr/bin/cmake --install /home/ambroise/hunav_ws/build/hunav_agent_manager
[1.601s] Level 1:colcon.colcon_core.environment:create_environment_scripts_only(hunav_agent_manager)
[1.601s] Level 1:colcon.colcon_core.environment:checking '/home/ambroise/hunav_ws/install/hunav_agent_manager' for CMake module files
[1.602s] DEBUG:colcon.colcon_core.event_handler.log_command:Invoked command in '/home/ambroise/hunav_ws/build/hunav_agent_manager' returned '0': CMAKE_PREFIX_PATH=/home/ambroise/hunav_ws/install/people_msgs:/home/ambroise/hunav_ws/install/hunav_msgs:/home/ambroise/hunav_ws/install/hunav_sim:/home/ambroise/hunav_ws/install/hunav_agent_manager:/home/ambroise/hunav_ws/install/hunav_rviz2_panel:/home/ambroise/hunav_ws/install/hunav_gazebo_wrapper:/home/ambroise/hunav_ws/install/hunav_behavior_tree_generator:/home/ambroise/hunav_ws/install/hunav_evaluator:/opt/ros/humble LD_LIBRARY_PATH=/home/ambroise/hunav_ws/install/people_msgs/lib:/home/ambroise/hunav_ws/install/hunav_msgs/lib:/home/ambroise/hunav_ws/install/hunav_rviz2_panel/lib:/home/ambroise/hunav_ws/install/hunav_gazebo_wrapper/lib:/usr/lib/x86_64-linux-gnu/gazebo-11/plugins:/opt/ros/humble/opt/rviz_ogre_vendor/lib:/opt/ros/humble/lib/x86_64-linux-gnu:/opt/ros/humble/lib /usr/bin/cmake --install /home/ambroise/hunav_ws/build/hunav_agent_manager
[1.602s] Level 1:colcon.colcon_core.environment:checking '/home/ambroise/hunav_ws/install/hunav_agent_manager' for CMake config files
[1.602s] Level 1:colcon.colcon_core.shell:create_environment_hook('hunav_agent_manager', 'cmake_prefix_path')
[1.603s] INFO:colcon.colcon_core.shell:Creating environment hook '/home/ambroise/hunav_ws/install/hunav_agent_manager/share/hunav_agent_manager/hook/cmake_prefix_path.ps1'
[1.603s] INFO:colcon.colcon_core.shell:Creating environment descriptor '/home/ambroise/hunav_ws/install/hunav_agent_manager/share/hunav_agent_manager/hook/cmake_prefix_path.dsv'
[1.604s] INFO:colcon.colcon_core.shell:Creating environment hook '/home/ambroise/hunav_ws/install/hunav_agent_manager/share/hunav_agent_manager/hook/cmake_prefix_path.sh'
[1.604s] Level 1:colcon.colcon_core.environment:checking '/home/ambroise/hunav_ws/install/hunav_agent_manager/lib'
[1.604s] Level 1:colcon.colcon_core.environment:checking '/home/ambroise/hunav_ws/install/hunav_agent_manager/bin'
[1.604s] Level 1:colcon.colcon_core.environment:checking '/home/ambroise/hunav_ws/install/hunav_agent_manager/lib/pkgconfig/hunav_agent_manager.pc'
[1.605s] Level 1:colcon.colcon_core.environment:checking '/home/ambroise/hunav_ws/install/hunav_agent_manager/lib/python3.10/site-packages'
[1.605s] Level 1:colcon.colcon_core.environment:checking '/home/ambroise/hunav_ws/install/hunav_agent_manager/bin'
[1.605s] INFO:colcon.colcon_core.shell:Creating package script '/home/ambroise/hunav_ws/install/hunav_agent_manager/share/hunav_agent_manager/package.ps1'
[1.606s] INFO:colcon.colcon_core.shell:Creating package descriptor '/home/ambroise/hunav_ws/install/hunav_agent_manager/share/hunav_agent_manager/package.dsv'
[1.606s] INFO:colcon.colcon_core.shell:Creating package script '/home/ambroise/hunav_ws/install/hunav_agent_manager/share/hunav_agent_manager/package.sh'
[1.607s] INFO:colcon.colcon_core.shell:Creating package script '/home/ambroise/hunav_ws/install/hunav_agent_manager/share/hunav_agent_manager/package.bash'
[1.607s] INFO:colcon.colcon_core.shell:Creating package script '/home/ambroise/hunav_ws/install/hunav_agent_manager/share/hunav_agent_manager/package.zsh'
[1.608s] Level 1:colcon.colcon_core.environment:create_file_with_runtime_dependencies(/home/ambroise/hunav_ws/install/hunav_agent_manager/share/colcon-core/packages/hunav_agent_manager)
[1.609s] Level 1:colcon.colcon_core.environment:create_environment_scripts_only(hunav_agent_manager)
[1.609s] Level 1:colcon.colcon_core.environment:checking '/home/ambroise/hunav_ws/install/hunav_agent_manager' for CMake module files
[1.609s] Level 1:colcon.colcon_core.environment:checking '/home/ambroise/hunav_ws/install/hunav_agent_manager' for CMake config files
[1.610s] Level 1:colcon.colcon_core.shell:create_environment_hook('hunav_agent_manager', 'cmake_prefix_path')
[1.610s] INFO:colcon.colcon_core.shell:Creating environment hook '/home/ambroise/hunav_ws/install/hunav_agent_manager/share/hunav_agent_manager/hook/cmake_prefix_path.ps1'
[1.611s] INFO:colcon.colcon_core.shell:Creating environment descriptor '/home/ambroise/hunav_ws/install/hunav_agent_manager/share/hunav_agent_manager/hook/cmake_prefix_path.dsv'
[1.611s] INFO:colcon.colcon_core.shell:Creating environment hook '/home/ambroise/hunav_ws/install/hunav_agent_manager/share/hunav_agent_manager/hook/cmake_prefix_path.sh'
[1.612s] Level 1:colcon.colcon_core.environment:checking '/home/ambroise/hunav_ws/install/hunav_agent_manager/lib'
[1.612s] Level 1:colcon.colcon_core.environment:checking '/home/ambroise/hunav_ws/install/hunav_agent_manager/bin'
[1.612s] Level 1:colcon.colcon_core.environment:checking '/home/ambroise/hunav_ws/install/hunav_agent_manager/lib/pkgconfig/hunav_agent_manager.pc'
[1.612s] Level 1:colcon.colcon_core.environment:checking '/home/ambroise/hunav_ws/install/hunav_agent_manager/lib/python3.10/site-packages'
[1.613s] Level 1:colcon.colcon_core.environment:checking '/home/ambroise/hunav_ws/install/hunav_agent_manager/bin'
[1.613s] INFO:colcon.colcon_core.shell:Creating package script '/home/ambroise/hunav_ws/install/hunav_agent_manager/share/hunav_agent_manager/package.ps1'
[1.615s] INFO:colcon.colcon_core.shell:Creating package descriptor '/home/ambroise/hunav_ws/install/hunav_agent_manager/share/hunav_agent_manager/package.dsv'
[1.615s] INFO:colcon.colcon_core.shell:Creating package script '/home/ambroise/hunav_ws/install/hunav_agent_manager/share/hunav_agent_manager/package.sh'
[1.615s] INFO:colcon.colcon_core.shell:Creating package script '/home/ambroise/hunav_ws/install/hunav_agent_manager/share/hunav_agent_manager/package.bash'
[1.616s] INFO:colcon.colcon_core.shell:Creating package script '/home/ambroise/hunav_ws/install/hunav_agent_manager/share/hunav_agent_manager/package.zsh'
[1.617s] Level 1:colcon.colcon_core.environment:create_file_with_runtime_dependencies(/home/ambroise/hunav_ws/install/hunav_agent_manager/share/colcon-core/packages/hunav_agent_manager)
[1.854s] DEBUG:colcon.colcon_core.event_handler.log_command:Invoked command in '/home/ambroise/hunav_ws/build/hunav_rviz2_panel' returned '0': CMAKE_PREFIX_PATH=/home/ambroise/hunav_ws/install/hunav_msgs:/home/ambroise/hunav_ws/install/hunav_sim:/home/ambroise/hunav_ws/install/hunav_agent_manager:/home/ambroise/hunav_ws/install/people_msgs:/home/ambroise/hunav_ws/install/hunav_rviz2_panel:/home/ambroise/hunav_ws/install/hunav_gazebo_wrapper:/home/ambroise/hunav_ws/install/hunav_behavior_tree_generator:/home/ambroise/hunav_ws/install/hunav_evaluator:/opt/ros/humble LD_LIBRARY_PATH=/home/ambroise/hunav_ws/install/hunav_msgs/lib:/home/ambroise/hunav_ws/install/people_msgs/lib:/home/ambroise/hunav_ws/install/hunav_rviz2_panel/lib:/home/ambroise/hunav_ws/install/hunav_gazebo_wrapper/lib:/usr/lib/x86_64-linux-gnu/gazebo-11/plugins:/opt/ros/humble/opt/rviz_ogre_vendor/lib:/opt/ros/humble/lib/x86_64-linux-gnu:/opt/ros/humble/lib /usr/bin/cmake --build /home/ambroise/hunav_ws/build/hunav_rviz2_panel -- -j16 -l16
[1.857s] DEBUG:colcon.colcon_core.event_handler.log_command:Invoking command in '/home/ambroise/hunav_ws/build/hunav_rviz2_panel': CMAKE_PREFIX_PATH=/home/ambroise/hunav_ws/install/hunav_msgs:/home/ambroise/hunav_ws/install/hunav_sim:/home/ambroise/hunav_ws/install/hunav_agent_manager:/home/ambroise/hunav_ws/install/people_msgs:/home/ambroise/hunav_ws/install/hunav_rviz2_panel:/home/ambroise/hunav_ws/install/hunav_gazebo_wrapper:/home/ambroise/hunav_ws/install/hunav_behavior_tree_generator:/home/ambroise/hunav_ws/install/hunav_evaluator:/opt/ros/humble LD_LIBRARY_PATH=/home/ambroise/hunav_ws/install/hunav_msgs/lib:/home/ambroise/hunav_ws/install/people_msgs/lib:/home/ambroise/hunav_ws/install/hunav_rviz2_panel/lib:/home/ambroise/hunav_ws/install/hunav_gazebo_wrapper/lib:/usr/lib/x86_64-linux-gnu/gazebo-11/plugins:/opt/ros/humble/opt/rviz_ogre_vendor/lib:/opt/ros/humble/lib/x86_64-linux-gnu:/opt/ros/humble/lib /usr/bin/cmake --install /home/ambroise/hunav_ws/build/hunav_rviz2_panel
[1.903s] Level 1:colcon.colcon_core.environment:create_environment_scripts_only(hunav_rviz2_panel)
[1.904s] Level 1:colcon.colcon_core.environment:checking '/home/ambroise/hunav_ws/install/hunav_rviz2_panel' for CMake module files
[1.905s] DEBUG:colcon.colcon_core.event_handler.log_command:Invoked command in '/home/ambroise/hunav_ws/build/hunav_rviz2_panel' returned '0': CMAKE_PREFIX_PATH=/home/ambroise/hunav_ws/install/hunav_msgs:/home/ambroise/hunav_ws/install/hunav_sim:/home/ambroise/hunav_ws/install/hunav_agent_manager:/home/ambroise/hunav_ws/install/people_msgs:/home/ambroise/hunav_ws/install/hunav_rviz2_panel:/home/ambroise/hunav_ws/install/hunav_gazebo_wrapper:/home/ambroise/hunav_ws/install/hunav_behavior_tree_generator:/home/ambroise/hunav_ws/install/hunav_evaluator:/opt/ros/humble LD_LIBRARY_PATH=/home/ambroise/hunav_ws/install/hunav_msgs/lib:/home/ambroise/hunav_ws/install/people_msgs/lib:/home/ambroise/hunav_ws/install/hunav_rviz2_panel/lib:/home/ambroise/hunav_ws/install/hunav_gazebo_wrapper/lib:/usr/lib/x86_64-linux-gnu/gazebo-11/plugins:/opt/ros/humble/opt/rviz_ogre_vendor/lib:/opt/ros/humble/lib/x86_64-linux-gnu:/opt/ros/humble/lib /usr/bin/cmake --install /home/ambroise/hunav_ws/build/hunav_rviz2_panel
[1.905s] Level 1:colcon.colcon_core.environment:checking '/home/ambroise/hunav_ws/install/hunav_rviz2_panel' for CMake config files
[1.906s] Level 1:colcon.colcon_core.shell:create_environment_hook('hunav_rviz2_panel', 'cmake_prefix_path')
[1.906s] INFO:colcon.colcon_core.shell:Creating environment hook '/home/ambroise/hunav_ws/install/hunav_rviz2_panel/share/hunav_rviz2_panel/hook/cmake_prefix_path.ps1'
[1.908s] INFO:colcon.colcon_core.shell:Creating environment descriptor '/home/ambroise/hunav_ws/install/hunav_rviz2_panel/share/hunav_rviz2_panel/hook/cmake_prefix_path.dsv'
[1.908s] INFO:colcon.colcon_core.shell:Creating environment hook '/home/ambroise/hunav_ws/install/hunav_rviz2_panel/share/hunav_rviz2_panel/hook/cmake_prefix_path.sh'
[1.909s] Level 1:colcon.colcon_core.environment:checking '/home/ambroise/hunav_ws/install/hunav_rviz2_panel/lib'
[1.909s] Level 1:colcon.colcon_core.shell:create_environment_hook('hunav_rviz2_panel', 'ld_library_path_lib')
[1.909s] INFO:colcon.colcon_core.shell:Creating environment hook '/home/ambroise/hunav_ws/install/hunav_rviz2_panel/share/hunav_rviz2_panel/hook/ld_library_path_lib.ps1'
[1.909s] INFO:colcon.colcon_core.shell:Creating environment descriptor '/home/ambroise/hunav_ws/install/hunav_rviz2_panel/share/hunav_rviz2_panel/hook/ld_library_path_lib.dsv'
[1.909s] INFO:colcon.colcon_core.shell:Creating environment hook '/home/ambroise/hunav_ws/install/hunav_rviz2_panel/share/hunav_rviz2_panel/hook/ld_library_path_lib.sh'
[1.910s] Level 1:colcon.colcon_core.environment:checking '/home/ambroise/hunav_ws/install/hunav_rviz2_panel/bin'
[1.910s] Level 1:colcon.colcon_core.environment:checking '/home/ambroise/hunav_ws/install/hunav_rviz2_panel/lib/pkgconfig/hunav_rviz2_panel.pc'
[1.910s] Level 1:colcon.colcon_core.environment:checking '/home/ambroise/hunav_ws/install/hunav_rviz2_panel/lib/python3.10/site-packages'
[1.910s] Level 1:colcon.colcon_core.environment:checking '/home/ambroise/hunav_ws/install/hunav_rviz2_panel/bin'
[1.910s] INFO:colcon.colcon_core.shell:Creating package script '/home/ambroise/hunav_ws/install/hunav_rviz2_panel/share/hunav_rviz2_panel/package.ps1'
[1.911s] INFO:colcon.colcon_core.shell:Creating package descriptor '/home/ambroise/hunav_ws/install/hunav_rviz2_panel/share/hunav_rviz2_panel/package.dsv'
[1.911s] INFO:colcon.colcon_core.shell:Creating package script '/home/ambroise/hunav_ws/install/hunav_rviz2_panel/share/hunav_rviz2_panel/package.sh'
[1.912s] INFO:colcon.colcon_core.shell:Creating package script '/home/ambroise/hunav_ws/install/hunav_rviz2_panel/share/hunav_rviz2_panel/package.bash'
[1.912s] INFO:colcon.colcon_core.shell:Creating package script '/home/ambroise/hunav_ws/install/hunav_rviz2_panel/share/hunav_rviz2_panel/package.zsh'
[1.912s] Level 1:colcon.colcon_core.environment:create_file_with_runtime_dependencies(/home/ambroise/hunav_ws/install/hunav_rviz2_panel/share/colcon-core/packages/hunav_rviz2_panel)
[1.913s] Level 1:colcon.colcon_core.environment:create_environment_scripts_only(hunav_rviz2_panel)
[1.913s] Level 1:colcon.colcon_core.environment:checking '/home/ambroise/hunav_ws/install/hunav_rviz2_panel' for CMake module files
[1.913s] Level 1:colcon.colcon_core.environment:checking '/home/ambroise/hunav_ws/install/hunav_rviz2_panel' for CMake config files
[1.914s] Level 1:colcon.colcon_core.shell:create_environment_hook('hunav_rviz2_panel', 'cmake_prefix_path')
[1.914s] INFO:colcon.colcon_core.shell:Creating environment hook '/home/ambroise/hunav_ws/install/hunav_rviz2_panel/share/hunav_rviz2_panel/hook/cmake_prefix_path.ps1'
[1.914s] INFO:colcon.colcon_core.shell:Creating environment descriptor '/home/ambroise/hunav_ws/install/hunav_rviz2_panel/share/hunav_rviz2_panel/hook/cmake_prefix_path.dsv'
[1.914s] INFO:colcon.colcon_core.shell:Creating environment hook '/home/ambroise/hunav_ws/install/hunav_rviz2_panel/share/hunav_rviz2_panel/hook/cmake_prefix_path.sh'
[1.915s] Level 1:colcon.colcon_core.environment:checking '/home/ambroise/hunav_ws/install/hunav_rviz2_panel/lib'
[1.915s] Level 1:colcon.colcon_core.shell:create_environment_hook('hunav_rviz2_panel', 'ld_library_path_lib')
[1.915s] INFO:colcon.colcon_core.shell:Creating environment hook '/home/ambroise/hunav_ws/install/hunav_rviz2_panel/share/hunav_rviz2_panel/hook/ld_library_path_lib.ps1'
[1.915s] INFO:colcon.colcon_core.shell:Creating environment descriptor '/home/ambroise/hunav_ws/install/hunav_rviz2_panel/share/hunav_rviz2_panel/hook/ld_library_path_lib.dsv'
[1.916s] INFO:colcon.colcon_core.shell:Creating environment hook '/home/ambroise/hunav_ws/install/hunav_rviz2_panel/share/hunav_rviz2_panel/hook/ld_library_path_lib.sh'
[1.916s] Level 1:colcon.colcon_core.environment:checking '/home/ambroise/hunav_ws/install/hunav_rviz2_panel/bin'
[1.916s] Level 1:colcon.colcon_core.environment:checking '/home/ambroise/hunav_ws/install/hunav_rviz2_panel/lib/pkgconfig/hunav_rviz2_panel.pc'
[1.916s] Level 1:colcon.colcon_core.environment:checking '/home/ambroise/hunav_ws/install/hunav_rviz2_panel/lib/python3.10/site-packages'
[1.917s] Level 1:colcon.colcon_core.environment:checking '/home/ambroise/hunav_ws/install/hunav_rviz2_panel/bin'
[1.917s] INFO:colcon.colcon_core.shell:Creating package script '/home/ambroise/hunav_ws/install/hunav_rviz2_panel/share/hunav_rviz2_panel/package.ps1'
[1.917s] INFO:colcon.colcon_core.shell:Creating package descriptor '/home/ambroise/hunav_ws/install/hunav_rviz2_panel/share/hunav_rviz2_panel/package.dsv'
[1.918s] INFO:colcon.colcon_core.shell:Creating package script '/home/ambroise/hunav_ws/install/hunav_rviz2_panel/share/hunav_rviz2_panel/package.sh'
[1.918s] INFO:colcon.colcon_core.shell:Creating package script '/home/ambroise/hunav_ws/install/hunav_rviz2_panel/share/hunav_rviz2_panel/package.bash'
[1.919s] INFO:colcon.colcon_core.shell:Creating package script '/home/ambroise/hunav_ws/install/hunav_rviz2_panel/share/hunav_rviz2_panel/package.zsh'
[1.919s] Level 1:colcon.colcon_core.environment:create_file_with_runtime_dependencies(/home/ambroise/hunav_ws/install/hunav_rviz2_panel/share/colcon-core/packages/hunav_rviz2_panel)
[2.073s] DEBUG:colcon.colcon_core.event_handler.log_command:Invoking command in '/home/ambroise/hunav_ws/build/hunav_evaluator': CMAKE_PREFIX_PATH=/home/ambroise/hunav_ws/install/hunav_msgs:/home/ambroise/hunav_ws/install/hunav_sim:/home/ambroise/hunav_ws/install/hunav_agent_manager:/home/ambroise/hunav_ws/install/people_msgs:/home/ambroise/hunav_ws/install/hunav_rviz2_panel:/home/ambroise/hunav_ws/install/hunav_gazebo_wrapper LD_LIBRARY_PATH=/home/ambroise/hunav_ws/install/hunav_msgs/lib:/home/ambroise/hunav_ws/install/people_msgs/lib:/home/ambroise/hunav_ws/install/hunav_rviz2_panel/lib:/home/ambroise/hunav_ws/install/hunav_gazebo_wrapper/lib:/usr/lib/x86_64-linux-gnu/gazebo-11/plugins:/opt/ros/humble/opt/rviz_ogre_vendor/lib:/opt/ros/humble/lib/x86_64-linux-gnu:/opt/ros/humble/lib PYTHONPATH=/home/ambroise/hunav_ws/build/hunav_evaluator/prefix_override:/usr/lib/python3/dist-packages/colcon_core/task/python/colcon_distutils_commands:/home/ambroise/hunav_ws/install/hunav_evaluator/lib/python3.10/site-packages:${PYTHONPATH} /usr/bin/python3 -W ignore:setup.py install is deprecated -W ignore:easy_install command is deprecated setup.py develop --editable --build-directory /home/ambroise/hunav_ws/build/hunav_evaluator/build --no-deps symlink_data
[2.469s] Level 1:colcon.colcon_core.shell:create_environment_hook('hunav_evaluator', 'pythonpath_develop')
[2.469s] INFO:colcon.colcon_core.shell:Creating environment hook '/home/ambroise/hunav_ws/build/hunav_evaluator/share/hunav_evaluator/hook/pythonpath_develop.ps1'
[2.470s] DEBUG:colcon.colcon_core.event_handler.log_command:Invoked command in '/home/ambroise/hunav_ws/build/hunav_evaluator' returned '0': CMAKE_PREFIX_PATH=/home/ambroise/hunav_ws/install/hunav_msgs:/home/ambroise/hunav_ws/install/hunav_sim:/home/ambroise/hunav_ws/install/hunav_agent_manager:/home/ambroise/hunav_ws/install/people_msgs:/home/ambroise/hunav_ws/install/hunav_rviz2_panel:/home/ambroise/hunav_ws/install/hunav_gazebo_wrapper LD_LIBRARY_PATH=/home/ambroise/hunav_ws/install/hunav_msgs/lib:/home/ambroise/hunav_ws/install/people_msgs/lib:/home/ambroise/hunav_ws/install/hunav_rviz2_panel/lib:/home/ambroise/hunav_ws/install/hunav_gazebo_wrapper/lib:/usr/lib/x86_64-linux-gnu/gazebo-11/plugins:/opt/ros/humble/opt/rviz_ogre_vendor/lib:/opt/ros/humble/lib/x86_64-linux-gnu:/opt/ros/humble/lib PYTHONPATH=/home/ambroise/hunav_ws/build/hunav_evaluator/prefix_override:/usr/lib/python3/dist-packages/colcon_core/task/python/colcon_distutils_commands:/home/ambroise/hunav_ws/install/hunav_evaluator/lib/python3.10/site-packages:${PYTHONPATH} /usr/bin/python3 -W ignore:setup.py install is deprecated -W ignore:easy_install command is deprecated setup.py develop --editable --build-directory /home/ambroise/hunav_ws/build/hunav_evaluator/build --no-deps symlink_data
[2.470s] INFO:colcon.colcon_core.shell:Creating environment descriptor '/home/ambroise/hunav_ws/build/hunav_evaluator/share/hunav_evaluator/hook/pythonpath_develop.dsv'
[2.471s] INFO:colcon.colcon_core.shell:Creating environment hook '/home/ambroise/hunav_ws/build/hunav_evaluator/share/hunav_evaluator/hook/pythonpath_develop.sh'
[2.471s] Level 1:colcon.colcon_core.environment:checking '/home/ambroise/hunav_ws/install/hunav_evaluator' for CMake module files
[2.471s] Level 1:colcon.colcon_core.environment:checking '/home/ambroise/hunav_ws/install/hunav_evaluator' for CMake config files
[2.472s] Level 1:colcon.colcon_core.environment:checking '/home/ambroise/hunav_ws/install/hunav_evaluator/lib'
[2.472s] Level 1:colcon.colcon_core.environment:checking '/home/ambroise/hunav_ws/install/hunav_evaluator/bin'
[2.472s] Level 1:colcon.colcon_core.environment:checking '/home/ambroise/hunav_ws/install/hunav_evaluator/lib/pkgconfig/hunav_evaluator.pc'
[2.472s] Level 1:colcon.colcon_core.environment:checking '/home/ambroise/hunav_ws/install/hunav_evaluator/lib/python3.10/site-packages'
[2.472s] Level 1:colcon.colcon_core.shell:create_environment_hook('hunav_evaluator', 'pythonpath')
[2.472s] INFO:colcon.colcon_core.shell:Creating environment hook '/home/ambroise/hunav_ws/install/hunav_evaluator/share/hunav_evaluator/hook/pythonpath.ps1'
[2.473s] INFO:colcon.colcon_core.shell:Creating environment descriptor '/home/ambroise/hunav_ws/install/hunav_evaluator/share/hunav_evaluator/hook/pythonpath.dsv'
[2.473s] INFO:colcon.colcon_core.shell:Creating environment hook '/home/ambroise/hunav_ws/install/hunav_evaluator/share/hunav_evaluator/hook/pythonpath.sh'
[2.473s] Level 1:colcon.colcon_core.environment:checking '/home/ambroise/hunav_ws/install/hunav_evaluator/bin'
[2.473s] Level 1:colcon.colcon_core.environment:create_environment_scripts_only(hunav_evaluator)
[2.474s] INFO:colcon.colcon_core.shell:Creating package script '/home/ambroise/hunav_ws/install/hunav_evaluator/share/hunav_evaluator/package.ps1'
[2.474s] INFO:colcon.colcon_core.shell:Creating package descriptor '/home/ambroise/hunav_ws/install/hunav_evaluator/share/hunav_evaluator/package.dsv'
[2.474s] INFO:colcon.colcon_core.shell:Creating package script '/home/ambroise/hunav_ws/install/hunav_evaluator/share/hunav_evaluator/package.sh'
[2.475s] INFO:colcon.colcon_core.shell:Creating package script '/home/ambroise/hunav_ws/install/hunav_evaluator/share/hunav_evaluator/package.bash'
[2.475s] INFO:colcon.colcon_core.shell:Creating package script '/home/ambroise/hunav_ws/install/hunav_evaluator/share/hunav_evaluator/package.zsh'
[2.475s] Level 1:colcon.colcon_core.environment:create_file_with_runtime_dependencies(/home/ambroise/hunav_ws/install/hunav_evaluator/share/colcon-core/packages/hunav_evaluator)
[2.475s] INFO:colcon.colcon_ros.task.ament_cmake.build:Building ROS package in '/home/ambroise/hunav_ws/src/hunav_sim/hunav_sim' with build type 'ament_cmake'
[2.476s] INFO:colcon.colcon_cmake.task.cmake.build:Building CMake package in '/home/ambroise/hunav_ws/src/hunav_sim/hunav_sim'
[2.476s] INFO:colcon.colcon_core.shell:Skip shell extension 'powershell' for command environment: Not usable outside of PowerShell
[2.476s] DEBUG:colcon.colcon_core.shell:Skip shell extension 'dsv' for command environment
[2.494s] DEBUG:colcon.colcon_core.event_handler.log_command:Invoking command in '/home/ambroise/hunav_ws/build/hunav_sim': AMENT_PREFIX_PATH=/home/ambroise/hunav_ws/install/hunav_evaluator:/home/ambroise/hunav_ws/install/hunav_sim:/home/ambroise/hunav_ws/install/hunav_agent_manager:/home/ambroise/hunav_ws/install/people_msgs:/home/ambroise/hunav_ws/install/hunav_rviz2_panel:/home/ambroise/hunav_ws/install/hunav_behavior_tree_generator:/home/ambroise/hunav_ws/install/hunav_gazebo_wrapper:/home/ambroise/hunav_ws/install/hunav_msgs:/opt/ros/humble CMAKE_PREFIX_PATH=/home/ambroise/hunav_ws/install/hunav_rviz2_panel:/home/ambroise/hunav_ws/install/hunav_agent_manager:/home/ambroise/hunav_ws/install/people_msgs:/home/ambroise/hunav_ws/install/hunav_msgs:/home/ambroise/hunav_ws/install/hunav_sim:/home/ambroise/hunav_ws/install/hunav_gazebo_wrapper:/home/ambroise/hunav_ws/install/hunav_behavior_tree_generator:/home/ambroise/hunav_ws/install/hunav_evaluator:/opt/ros/humble LD_LIBRARY_PATH=/home/ambroise/hunav_ws/install/hunav_rviz2_panel/lib:/home/ambroise/hunav_ws/install/people_msgs/lib:/home/ambroise/hunav_ws/install/hunav_msgs/lib:/home/ambroise/hunav_ws/install/hunav_gazebo_wrapper/lib:/usr/lib/x86_64-linux-gnu/gazebo-11/plugins:/opt/ros/humble/opt/rviz_ogre_vendor/lib:/opt/ros/humble/lib/x86_64-linux-gnu:/opt/ros/humble/lib PYTHONPATH=/home/ambroise/hunav_ws/build/hunav_evaluator:/home/ambroise/hunav_ws/install/hunav_evaluator/lib/python3.10/site-packages:/home/ambroise/hunav_ws/install/people_msgs/local/lib/python3.10/dist-packages:/home/ambroise/hunav_ws/build/hunav_behavior_tree_generator:/home/ambroise/hunav_ws/install/hunav_behavior_tree_generator/lib/python3.10/site-packages:/home/ambroise/hunav_ws/install/hunav_msgs/local/lib/python3.10/dist-packages:/opt/ros/humble/lib/python3.10/site-packages:/opt/ros/humble/local/lib/python3.10/dist-packages /usr/bin/cmake --build /home/ambroise/hunav_ws/build/hunav_sim -- -j16 -l16
[2.543s] DEBUG:colcon.colcon_core.event_handler.log_command:Invoked command in '/home/ambroise/hunav_ws/build/hunav_sim' returned '0': AMENT_PREFIX_PATH=/home/ambroise/hunav_ws/install/hunav_evaluator:/home/ambroise/hunav_ws/install/hunav_sim:/home/ambroise/hunav_ws/install/hunav_agent_manager:/home/ambroise/hunav_ws/install/people_msgs:/home/ambroise/hunav_ws/install/hunav_rviz2_panel:/home/ambroise/hunav_ws/install/hunav_behavior_tree_generator:/home/ambroise/hunav_ws/install/hunav_gazebo_wrapper:/home/ambroise/hunav_ws/install/hunav_msgs:/opt/ros/humble CMAKE_PREFIX_PATH=/home/ambroise/hunav_ws/install/hunav_rviz2_panel:/home/ambroise/hunav_ws/install/hunav_agent_manager:/home/ambroise/hunav_ws/install/people_msgs:/home/ambroise/hunav_ws/install/hunav_msgs:/home/ambroise/hunav_ws/install/hunav_sim:/home/ambroise/hunav_ws/install/hunav_gazebo_wrapper:/home/ambroise/hunav_ws/install/hunav_behavior_tree_generator:/home/ambroise/hunav_ws/install/hunav_evaluator:/opt/ros/humble LD_LIBRARY_PATH=/home/ambroise/hunav_ws/install/hunav_rviz2_panel/lib:/home/ambroise/hunav_ws/install/people_msgs/lib:/home/ambroise/hunav_ws/install/hunav_msgs/lib:/home/ambroise/hunav_ws/install/hunav_gazebo_wrapper/lib:/usr/lib/x86_64-linux-gnu/gazebo-11/plugins:/opt/ros/humble/opt/rviz_ogre_vendor/lib:/opt/ros/humble/lib/x86_64-linux-gnu:/opt/ros/humble/lib PYTHONPATH=/home/ambroise/hunav_ws/build/hunav_evaluator:/home/ambroise/hunav_ws/install/hunav_evaluator/lib/python3.10/site-packages:/home/ambroise/hunav_ws/install/people_msgs/local/lib/python3.10/dist-packages:/home/ambroise/hunav_ws/build/hunav_behavior_tree_generator:/home/ambroise/hunav_ws/install/hunav_behavior_tree_generator/lib/python3.10/site-packages:/home/ambroise/hunav_ws/install/hunav_msgs/local/lib/python3.10/dist-packages:/opt/ros/humble/lib/python3.10/site-packages:/opt/ros/humble/local/lib/python3.10/dist-packages /usr/bin/cmake --build /home/ambroise/hunav_ws/build/hunav_sim -- -j16 -l16
[2.545s] DEBUG:colcon.colcon_core.event_handler.log_command:Invoking command in '/home/ambroise/hunav_ws/build/hunav_sim': AMENT_PREFIX_PATH=/home/ambroise/hunav_ws/install/hunav_evaluator:/home/ambroise/hunav_ws/install/hunav_sim:/home/ambroise/hunav_ws/install/hunav_agent_manager:/home/ambroise/hunav_ws/install/people_msgs:/home/ambroise/hunav_ws/install/hunav_rviz2_panel:/home/ambroise/hunav_ws/install/hunav_behavior_tree_generator:/home/ambroise/hunav_ws/install/hunav_gazebo_wrapper:/home/ambroise/hunav_ws/install/hunav_msgs:/opt/ros/humble CMAKE_PREFIX_PATH=/home/ambroise/hunav_ws/install/hunav_rviz2_panel:/home/ambroise/hunav_ws/install/hunav_agent_manager:/home/ambroise/hunav_ws/install/people_msgs:/home/ambroise/hunav_ws/install/hunav_msgs:/home/ambroise/hunav_ws/install/hunav_sim:/home/ambroise/hunav_ws/install/hunav_gazebo_wrapper:/home/ambroise/hunav_ws/install/hunav_behavior_tree_generator:/home/ambroise/hunav_ws/install/hunav_evaluator:/opt/ros/humble LD_LIBRARY_PATH=/home/ambroise/hunav_ws/install/hunav_rviz2_panel/lib:/home/ambroise/hunav_ws/install/people_msgs/lib:/home/ambroise/hunav_ws/install/hunav_msgs/lib:/home/ambroise/hunav_ws/install/hunav_gazebo_wrapper/lib:/usr/lib/x86_64-linux-gnu/gazebo-11/plugins:/opt/ros/humble/opt/rviz_ogre_vendor/lib:/opt/ros/humble/lib/x86_64-linux-gnu:/opt/ros/humble/lib PYTHONPATH=/home/ambroise/hunav_ws/build/hunav_evaluator:/home/ambroise/hunav_ws/install/hunav_evaluator/lib/python3.10/site-packages:/home/ambroise/hunav_ws/install/people_msgs/local/lib/python3.10/dist-packages:/home/ambroise/hunav_ws/build/hunav_behavior_tree_generator:/home/ambroise/hunav_ws/install/hunav_behavior_tree_generator/lib/python3.10/site-packages:/home/ambroise/hunav_ws/install/hunav_msgs/local/lib/python3.10/dist-packages:/opt/ros/humble/lib/python3.10/site-packages:/opt/ros/humble/local/lib/python3.10/dist-packages /usr/bin/cmake --install /home/ambroise/hunav_ws/build/hunav_sim
[2.567s] Level 1:colcon.colcon_core.environment:create_environment_scripts_only(hunav_sim)
[2.567s] Level 1:colcon.colcon_core.environment:checking '/home/ambroise/hunav_ws/install/hunav_sim' for CMake module files
[2.568s] DEBUG:colcon.colcon_core.event_handler.log_command:Invoked command in '/home/ambroise/hunav_ws/build/hunav_sim' returned '0': AMENT_PREFIX_PATH=/home/ambroise/hunav_ws/install/hunav_evaluator:/home/ambroise/hunav_ws/install/hunav_sim:/home/ambroise/hunav_ws/install/hunav_agent_manager:/home/ambroise/hunav_ws/install/people_msgs:/home/ambroise/hunav_ws/install/hunav_rviz2_panel:/home/ambroise/hunav_ws/install/hunav_behavior_tree_generator:/home/ambroise/hunav_ws/install/hunav_gazebo_wrapper:/home/ambroise/hunav_ws/install/hunav_msgs:/opt/ros/humble CMAKE_PREFIX_PATH=/home/ambroise/hunav_ws/install/hunav_rviz2_panel:/home/ambroise/hunav_ws/install/hunav_agent_manager:/home/ambroise/hunav_ws/install/people_msgs:/home/ambroise/hunav_ws/install/hunav_msgs:/home/ambroise/hunav_ws/install/hunav_sim:/home/ambroise/hunav_ws/install/hunav_gazebo_wrapper:/home/ambroise/hunav_ws/install/hunav_behavior_tree_generator:/home/ambroise/hunav_ws/install/hunav_evaluator:/opt/ros/humble LD_LIBRARY_PATH=/home/ambroise/hunav_ws/install/hunav_rviz2_panel/lib:/home/ambroise/hunav_ws/install/people_msgs/lib:/home/ambroise/hunav_ws/install/hunav_msgs/lib:/home/ambroise/hunav_ws/install/hunav_gazebo_wrapper/lib:/usr/lib/x86_64-linux-gnu/gazebo-11/plugins:/opt/ros/humble/opt/rviz_ogre_vendor/lib:/opt/ros/humble/lib/x86_64-linux-gnu:/opt/ros/humble/lib PYTHONPATH=/home/ambroise/hunav_ws/build/hunav_evaluator:/home/ambroise/hunav_ws/install/hunav_evaluator/lib/python3.10/site-packages:/home/ambroise/hunav_ws/install/people_msgs/local/lib/python3.10/dist-packages:/home/ambroise/hunav_ws/build/hunav_behavior_tree_generator:/home/ambroise/hunav_ws/install/hunav_behavior_tree_generator/lib/python3.10/site-packages:/home/ambroise/hunav_ws/install/hunav_msgs/local/lib/python3.10/dist-packages:/opt/ros/humble/lib/python3.10/site-packages:/opt/ros/humble/local/lib/python3.10/dist-packages /usr/bin/cmake --install /home/ambroise/hunav_ws/build/hunav_sim
[2.568s] Level 1:colcon.colcon_core.environment:checking '/home/ambroise/hunav_ws/install/hunav_sim' for CMake config files
[2.568s] Level 1:colcon.colcon_core.shell:create_environment_hook('hunav_sim', 'cmake_prefix_path')
[2.568s] INFO:colcon.colcon_core.shell:Creating environment hook '/home/ambroise/hunav_ws/install/hunav_sim/share/hunav_sim/hook/cmake_prefix_path.ps1'
[2.569s] INFO:colcon.colcon_core.shell:Creating environment descriptor '/home/ambroise/hunav_ws/install/hunav_sim/share/hunav_sim/hook/cmake_prefix_path.dsv'
[2.569s] INFO:colcon.colcon_core.shell:Creating environment hook '/home/ambroise/hunav_ws/install/hunav_sim/share/hunav_sim/hook/cmake_prefix_path.sh'
[2.569s] Level 1:colcon.colcon_core.environment:checking '/home/ambroise/hunav_ws/install/hunav_sim/bin'
[2.569s] Level 1:colcon.colcon_core.environment:checking '/home/ambroise/hunav_ws/install/hunav_sim/lib/pkgconfig/hunav_sim.pc'
[2.570s] Level 1:colcon.colcon_core.environment:checking '/home/ambroise/hunav_ws/install/hunav_sim/lib/python3.10/site-packages'
[2.570s] Level 1:colcon.colcon_core.environment:checking '/home/ambroise/hunav_ws/install/hunav_sim/bin'
[2.570s] INFO:colcon.colcon_core.shell:Creating package script '/home/ambroise/hunav_ws/install/hunav_sim/share/hunav_sim/package.ps1'
[2.570s] INFO:colcon.colcon_core.shell:Creating package descriptor '/home/ambroise/hunav_ws/install/hunav_sim/share/hunav_sim/package.dsv'
[2.571s] INFO:colcon.colcon_core.shell:Creating package script '/home/ambroise/hunav_ws/install/hunav_sim/share/hunav_sim/package.sh'
[2.571s] INFO:colcon.colcon_core.shell:Creating package script '/home/ambroise/hunav_ws/install/hunav_sim/share/hunav_sim/package.bash'
[2.572s] INFO:colcon.colcon_core.shell:Creating package script '/home/ambroise/hunav_ws/install/hunav_sim/share/hunav_sim/package.zsh'
[2.572s] Level 1:colcon.colcon_core.environment:create_file_with_runtime_dependencies(/home/ambroise/hunav_ws/install/hunav_sim/share/colcon-core/packages/hunav_sim)
[2.572s] Level 1:colcon.colcon_core.environment:create_environment_scripts_only(hunav_sim)
[2.572s] Level 1:colcon.colcon_core.environment:checking '/home/ambroise/hunav_ws/install/hunav_sim' for CMake module files
[2.573s] Level 1:colcon.colcon_core.environment:checking '/home/ambroise/hunav_ws/install/hunav_sim' for CMake config files
[2.573s] Level 1:colcon.colcon_core.shell:create_environment_hook('hunav_sim', 'cmake_prefix_path')
[2.573s] INFO:colcon.colcon_core.shell:Creating environment hook '/home/ambroise/hunav_ws/install/hunav_sim/share/hunav_sim/hook/cmake_prefix_path.ps1'
[2.573s] INFO:colcon.colcon_core.shell:Creating environment descriptor '/home/ambroise/hunav_ws/install/hunav_sim/share/hunav_sim/hook/cmake_prefix_path.dsv'
[2.573s] INFO:colcon.colcon_core.shell:Creating environment hook '/home/ambroise/hunav_ws/install/hunav_sim/share/hunav_sim/hook/cmake_prefix_path.sh'
[2.574s] Level 1:colcon.colcon_core.environment:checking '/home/ambroise/hunav_ws/install/hunav_sim/bin'
[2.574s] Level 1:colcon.colcon_core.environment:checking '/home/ambroise/hunav_ws/install/hunav_sim/lib/pkgconfig/hunav_sim.pc'
[2.574s] Level 1:colcon.colcon_core.environment:checking '/home/ambroise/hunav_ws/install/hunav_sim/lib/python3.10/site-packages'
[2.574s] Level 1:colcon.colcon_core.environment:checking '/home/ambroise/hunav_ws/install/hunav_sim/bin'
[2.574s] INFO:colcon.colcon_core.shell:Creating package script '/home/ambroise/hunav_ws/install/hunav_sim/share/hunav_sim/package.ps1'
[2.575s] INFO:colcon.colcon_core.shell:Creating package descriptor '/home/ambroise/hunav_ws/install/hunav_sim/share/hunav_sim/package.dsv'
[2.575s] INFO:colcon.colcon_core.shell:Creating package script '/home/ambroise/hunav_ws/install/hunav_sim/share/hunav_sim/package.sh'
[2.576s] INFO:colcon.colcon_core.shell:Creating package script '/home/ambroise/hunav_ws/install/hunav_sim/share/hunav_sim/package.bash'
[2.576s] INFO:colcon.colcon_core.shell:Creating package script '/home/ambroise/hunav_ws/install/hunav_sim/share/hunav_sim/package.zsh'
[2.576s] Level 1:colcon.colcon_core.environment:create_file_with_runtime_dependencies(/home/ambroise/hunav_ws/install/hunav_sim/share/colcon-core/packages/hunav_sim)
[2.931s] DEBUG:colcon.colcon_core.event_handler.log_command:Invoked command in '/home/ambroise/hunav_ws/build/hunav_gazebo_wrapper' returned '0': CMAKE_PREFIX_PATH=/home/ambroise/hunav_ws/install/hunav_msgs:/home/ambroise/hunav_ws/install/hunav_sim:/home/ambroise/hunav_ws/install/hunav_agent_manager:/home/ambroise/hunav_ws/install/people_msgs:/home/ambroise/hunav_ws/install/hunav_rviz2_panel:/home/ambroise/hunav_ws/install/hunav_gazebo_wrapper:/home/ambroise/hunav_ws/install/hunav_behavior_tree_generator:/home/ambroise/hunav_ws/install/hunav_evaluator:/opt/ros/humble LD_LIBRARY_PATH=/home/ambroise/hunav_ws/install/hunav_msgs/lib:/home/ambroise/hunav_ws/install/people_msgs/lib:/home/ambroise/hunav_ws/install/hunav_rviz2_panel/lib:/home/ambroise/hunav_ws/install/hunav_gazebo_wrapper/lib:/usr/lib/x86_64-linux-gnu/gazebo-11/plugins:/opt/ros/humble/opt/rviz_ogre_vendor/lib:/opt/ros/humble/lib/x86_64-linux-gnu:/opt/ros/humble/lib /usr/bin/cmake /home/ambroise/hunav_ws/src/hunav_gazebo_wrapper -DAMENT_CMAKE_SYMLINK_INSTALL=1 -DCMAKE_INSTALL_PREFIX=/home/ambroise/hunav_ws/install/hunav_gazebo_wrapper
[2.935s] DEBUG:colcon.colcon_core.event_handler.log_command:Invoking command in '/home/ambroise/hunav_ws/build/hunav_gazebo_wrapper': CMAKE_PREFIX_PATH=/home/ambroise/hunav_ws/install/hunav_msgs:/home/ambroise/hunav_ws/install/hunav_sim:/home/ambroise/hunav_ws/install/hunav_agent_manager:/home/ambroise/hunav_ws/install/people_msgs:/home/ambroise/hunav_ws/install/hunav_rviz2_panel:/home/ambroise/hunav_ws/install/hunav_gazebo_wrapper:/home/ambroise/hunav_ws/install/hunav_behavior_tree_generator:/home/ambroise/hunav_ws/install/hunav_evaluator:/opt/ros/humble LD_LIBRARY_PATH=/home/ambroise/hunav_ws/install/hunav_msgs/lib:/home/ambroise/hunav_ws/install/people_msgs/lib:/home/ambroise/hunav_ws/install/hunav_rviz2_panel/lib:/home/ambroise/hunav_ws/install/hunav_gazebo_wrapper/lib:/usr/lib/x86_64-linux-gnu/gazebo-11/plugins:/opt/ros/humble/opt/rviz_ogre_vendor/lib:/opt/ros/humble/lib/x86_64-linux-gnu:/opt/ros/humble/lib /usr/bin/cmake --build /home/ambroise/hunav_ws/build/hunav_gazebo_wrapper -- -j16 -l16
[3.110s] DEBUG:colcon.colcon_core.event_handler.log_command:Invoked command in '/home/ambroise/hunav_ws/build/hunav_gazebo_wrapper' returned '0': CMAKE_PREFIX_PATH=/home/ambroise/hunav_ws/install/hunav_msgs:/home/ambroise/hunav_ws/install/hunav_sim:/home/ambroise/hunav_ws/install/hunav_agent_manager:/home/ambroise/hunav_ws/install/people_msgs:/home/ambroise/hunav_ws/install/hunav_rviz2_panel:/home/ambroise/hunav_ws/install/hunav_gazebo_wrapper:/home/ambroise/hunav_ws/install/hunav_behavior_tree_generator:/home/ambroise/hunav_ws/install/hunav_evaluator:/opt/ros/humble LD_LIBRARY_PATH=/home/ambroise/hunav_ws/install/hunav_msgs/lib:/home/ambroise/hunav_ws/install/people_msgs/lib:/home/ambroise/hunav_ws/install/hunav_rviz2_panel/lib:/home/ambroise/hunav_ws/install/hunav_gazebo_wrapper/lib:/usr/lib/x86_64-linux-gnu/gazebo-11/plugins:/opt/ros/humble/opt/rviz_ogre_vendor/lib:/opt/ros/humble/lib/x86_64-linux-gnu:/opt/ros/humble/lib /usr/bin/cmake --build /home/ambroise/hunav_ws/build/hunav_gazebo_wrapper -- -j16 -l16
[3.114s] DEBUG:colcon.colcon_core.event_handler.log_command:Invoking command in '/home/ambroise/hunav_ws/build/hunav_gazebo_wrapper': CMAKE_PREFIX_PATH=/home/ambroise/hunav_ws/install/hunav_msgs:/home/ambroise/hunav_ws/install/hunav_sim:/home/ambroise/hunav_ws/install/hunav_agent_manager:/home/ambroise/hunav_ws/install/people_msgs:/home/ambroise/hunav_ws/install/hunav_rviz2_panel:/home/ambroise/hunav_ws/install/hunav_gazebo_wrapper:/home/ambroise/hunav_ws/install/hunav_behavior_tree_generator:/home/ambroise/hunav_ws/install/hunav_evaluator:/opt/ros/humble LD_LIBRARY_PATH=/home/ambroise/hunav_ws/install/hunav_msgs/lib:/home/ambroise/hunav_ws/install/people_msgs/lib:/home/ambroise/hunav_ws/install/hunav_rviz2_panel/lib:/home/ambroise/hunav_ws/install/hunav_gazebo_wrapper/lib:/usr/lib/x86_64-linux-gnu/gazebo-11/plugins:/opt/ros/humble/opt/rviz_ogre_vendor/lib:/opt/ros/humble/lib/x86_64-linux-gnu:/opt/ros/humble/lib /usr/bin/cmake --install /home/ambroise/hunav_ws/build/hunav_gazebo_wrapper
[3.236s] Level 1:colcon.colcon_core.environment:create_environment_scripts_only(hunav_gazebo_wrapper)
[3.237s] Level 1:colcon.colcon_core.environment:checking '/home/ambroise/hunav_ws/install/hunav_gazebo_wrapper' for CMake module files
[3.238s] DEBUG:colcon.colcon_core.event_handler.log_command:Invoked command in '/home/ambroise/hunav_ws/build/hunav_gazebo_wrapper' returned '0': CMAKE_PREFIX_PATH=/home/ambroise/hunav_ws/install/hunav_msgs:/home/ambroise/hunav_ws/install/hunav_sim:/home/ambroise/hunav_ws/install/hunav_agent_manager:/home/ambroise/hunav_ws/install/people_msgs:/home/ambroise/hunav_ws/install/hunav_rviz2_panel:/home/ambroise/hunav_ws/install/hunav_gazebo_wrapper:/home/ambroise/hunav_ws/install/hunav_behavior_tree_generator:/home/ambroise/hunav_ws/install/hunav_evaluator:/opt/ros/humble LD_LIBRARY_PATH=/home/ambroise/hunav_ws/install/hunav_msgs/lib:/home/ambroise/hunav_ws/install/people_msgs/lib:/home/ambroise/hunav_ws/install/hunav_rviz2_panel/lib:/home/ambroise/hunav_ws/install/hunav_gazebo_wrapper/lib:/usr/lib/x86_64-linux-gnu/gazebo-11/plugins:/opt/ros/humble/opt/rviz_ogre_vendor/lib:/opt/ros/humble/lib/x86_64-linux-gnu:/opt/ros/humble/lib /usr/bin/cmake --install /home/ambroise/hunav_ws/build/hunav_gazebo_wrapper
[3.239s] Level 1:colcon.colcon_core.environment:checking '/home/ambroise/hunav_ws/install/hunav_gazebo_wrapper' for CMake config files
[3.240s] Level 1:colcon.colcon_core.shell:create_environment_hook('hunav_gazebo_wrapper', 'cmake_prefix_path')
[3.240s] INFO:colcon.colcon_core.shell:Creating environment hook '/home/ambroise/hunav_ws/install/hunav_gazebo_wrapper/share/hunav_gazebo_wrapper/hook/cmake_prefix_path.ps1'
[3.241s] INFO:colcon.colcon_core.shell:Creating environment descriptor '/home/ambroise/hunav_ws/install/hunav_gazebo_wrapper/share/hunav_gazebo_wrapper/hook/cmake_prefix_path.dsv'
[3.241s] INFO:colcon.colcon_core.shell:Creating environment hook '/home/ambroise/hunav_ws/install/hunav_gazebo_wrapper/share/hunav_gazebo_wrapper/hook/cmake_prefix_path.sh'
[3.242s] Level 1:colcon.colcon_core.environment:checking '/home/ambroise/hunav_ws/install/hunav_gazebo_wrapper/lib'
[3.242s] Level 1:colcon.colcon_core.shell:create_environment_hook('hunav_gazebo_wrapper', 'ld_library_path_lib')
[3.242s] INFO:colcon.colcon_core.shell:Creating environment hook '/home/ambroise/hunav_ws/install/hunav_gazebo_wrapper/share/hunav_gazebo_wrapper/hook/ld_library_path_lib.ps1'
[3.242s] INFO:colcon.colcon_core.shell:Creating environment descriptor '/home/ambroise/hunav_ws/install/hunav_gazebo_wrapper/share/hunav_gazebo_wrapper/hook/ld_library_path_lib.dsv'
[3.243s] INFO:colcon.colcon_core.shell:Creating environment hook '/home/ambroise/hunav_ws/install/hunav_gazebo_wrapper/share/hunav_gazebo_wrapper/hook/ld_library_path_lib.sh'
[3.243s] Level 1:colcon.colcon_core.environment:checking '/home/ambroise/hunav_ws/install/hunav_gazebo_wrapper/bin'
[3.243s] Level 1:colcon.colcon_core.environment:checking '/home/ambroise/hunav_ws/install/hunav_gazebo_wrapper/lib/pkgconfig/hunav_gazebo_wrapper.pc'
[3.244s] Level 1:colcon.colcon_core.environment:checking '/home/ambroise/hunav_ws/install/hunav_gazebo_wrapper/lib/python3.10/site-packages'
[3.244s] Level 1:colcon.colcon_core.environment:checking '/home/ambroise/hunav_ws/install/hunav_gazebo_wrapper/bin'
[3.244s] INFO:colcon.colcon_core.shell:Creating package script '/home/ambroise/hunav_ws/install/hunav_gazebo_wrapper/share/hunav_gazebo_wrapper/package.ps1'
[3.245s] INFO:colcon.colcon_core.shell:Creating package descriptor '/home/ambroise/hunav_ws/install/hunav_gazebo_wrapper/share/hunav_gazebo_wrapper/package.dsv'
[3.246s] INFO:colcon.colcon_core.shell:Creating package script '/home/ambroise/hunav_ws/install/hunav_gazebo_wrapper/share/hunav_gazebo_wrapper/package.sh'
[3.246s] INFO:colcon.colcon_core.shell:Creating package script '/home/ambroise/hunav_ws/install/hunav_gazebo_wrapper/share/hunav_gazebo_wrapper/package.bash'
[3.246s] INFO:colcon.colcon_core.shell:Creating package script '/home/ambroise/hunav_ws/install/hunav_gazebo_wrapper/share/hunav_gazebo_wrapper/package.zsh'
[3.247s] Level 1:colcon.colcon_core.environment:create_file_with_runtime_dependencies(/home/ambroise/hunav_ws/install/hunav_gazebo_wrapper/share/colcon-core/packages/hunav_gazebo_wrapper)
[3.247s] Level 1:colcon.colcon_core.environment:create_environment_scripts_only(hunav_gazebo_wrapper)
[3.248s] Level 1:colcon.colcon_core.environment:checking '/home/ambroise/hunav_ws/install/hunav_gazebo_wrapper' for CMake module files
[3.248s] Level 1:colcon.colcon_core.environment:checking '/home/ambroise/hunav_ws/install/hunav_gazebo_wrapper' for CMake config files
[3.249s] Level 1:colcon.colcon_core.shell:create_environment_hook('hunav_gazebo_wrapper', 'cmake_prefix_path')
[3.249s] INFO:colcon.colcon_core.shell:Creating environment hook '/home/ambroise/hunav_ws/install/hunav_gazebo_wrapper/share/hunav_gazebo_wrapper/hook/cmake_prefix_path.ps1'
[3.249s] INFO:colcon.colcon_core.shell:Creating environment descriptor '/home/ambroise/hunav_ws/install/hunav_gazebo_wrapper/share/hunav_gazebo_wrapper/hook/cmake_prefix_path.dsv'
[3.249s] INFO:colcon.colcon_core.shell:Creating environment hook '/home/ambroise/hunav_ws/install/hunav_gazebo_wrapper/share/hunav_gazebo_wrapper/hook/cmake_prefix_path.sh'
[3.250s] Level 1:colcon.colcon_core.environment:checking '/home/ambroise/hunav_ws/install/hunav_gazebo_wrapper/lib'
[3.250s] Level 1:colcon.colcon_core.shell:create_environment_hook('hunav_gazebo_wrapper', 'ld_library_path_lib')
[3.250s] INFO:colcon.colcon_core.shell:Creating environment hook '/home/ambroise/hunav_ws/install/hunav_gazebo_wrapper/share/hunav_gazebo_wrapper/hook/ld_library_path_lib.ps1'
[3.251s] INFO:colcon.colcon_core.shell:Creating environment descriptor '/home/ambroise/hunav_ws/install/hunav_gazebo_wrapper/share/hunav_gazebo_wrapper/hook/ld_library_path_lib.dsv'
[3.251s] INFO:colcon.colcon_core.shell:Creating environment hook '/home/ambroise/hunav_ws/install/hunav_gazebo_wrapper/share/hunav_gazebo_wrapper/hook/ld_library_path_lib.sh'
[3.251s] Level 1:colcon.colcon_core.environment:checking '/home/ambroise/hunav_ws/install/hunav_gazebo_wrapper/bin'
[3.251s] Level 1:colcon.colcon_core.environment:checking '/home/ambroise/hunav_ws/install/hunav_gazebo_wrapper/lib/pkgconfig/hunav_gazebo_wrapper.pc'
[3.252s] Level 1:colcon.colcon_core.environment:checking '/home/ambroise/hunav_ws/install/hunav_gazebo_wrapper/lib/python3.10/site-packages'
[3.252s] Level 1:colcon.colcon_core.environment:checking '/home/ambroise/hunav_ws/install/hunav_gazebo_wrapper/bin'
[3.253s] INFO:colcon.colcon_core.shell:Creating package script '/home/ambroise/hunav_ws/install/hunav_gazebo_wrapper/share/hunav_gazebo_wrapper/package.ps1'
[3.253s] INFO:colcon.colcon_core.shell:Creating package descriptor '/home/ambroise/hunav_ws/install/hunav_gazebo_wrapper/share/hunav_gazebo_wrapper/package.dsv'
[3.254s] INFO:colcon.colcon_core.shell:Creating package script '/home/ambroise/hunav_ws/install/hunav_gazebo_wrapper/share/hunav_gazebo_wrapper/package.sh'
[3.254s] INFO:colcon.colcon_core.shell:Creating package script '/home/ambroise/hunav_ws/install/hunav_gazebo_wrapper/share/hunav_gazebo_wrapper/package.bash'
[3.255s] INFO:colcon.colcon_core.shell:Creating package script '/home/ambroise/hunav_ws/install/hunav_gazebo_wrapper/share/hunav_gazebo_wrapper/package.zsh'
[3.255s] Level 1:colcon.colcon_core.environment:create_file_with_runtime_dependencies(/home/ambroise/hunav_ws/install/hunav_gazebo_wrapper/share/colcon-core/packages/hunav_gazebo_wrapper)
[3.255s] INFO:colcon.colcon_ros.task.ament_python.build:Building ROS package in '/home/ambroise/hunav_ws/src/hunav_sim/hunav_behavior_tree_generator' with build type 'ament_python'
[3.256s] Level 1:colcon.colcon_core.shell:create_environment_hook('hunav_behavior_tree_generator', 'ament_prefix_path')
[3.256s] INFO:colcon.colcon_core.shell:Creating environment hook '/home/ambroise/hunav_ws/install/hunav_behavior_tree_generator/share/hunav_behavior_tree_generator/hook/ament_prefix_path.ps1'
[3.257s] INFO:colcon.colcon_core.shell:Creating environment descriptor '/home/ambroise/hunav_ws/install/hunav_behavior_tree_generator/share/hunav_behavior_tree_generator/hook/ament_prefix_path.dsv'
[3.257s] INFO:colcon.colcon_core.shell:Creating environment hook '/home/ambroise/hunav_ws/install/hunav_behavior_tree_generator/share/hunav_behavior_tree_generator/hook/ament_prefix_path.sh'
[3.257s] INFO:colcon.colcon_core.shell:Skip shell extension 'powershell' for command environment: Not usable outside of PowerShell
[3.257s] DEBUG:colcon.colcon_core.shell:Skip shell extension 'dsv' for command environment
[3.514s] INFO:colcon.colcon_core.task.python.build:Building Python package in '/home/ambroise/hunav_ws/src/hunav_sim/hunav_behavior_tree_generator'
[3.514s] INFO:colcon.colcon_core.shell:Skip shell extension 'powershell' for command environment: Not usable outside of PowerShell
[3.514s] DEBUG:colcon.colcon_core.shell:Skip shell extension 'dsv' for command environment
[3.823s] DEBUG:colcon.colcon_core.event_handler.log_command:Invoking command in '/home/ambroise/hunav_ws/build/hunav_behavior_tree_generator': CMAKE_PREFIX_PATH=/home/ambroise/hunav_ws/install/hunav_gazebo_wrapper:/home/ambroise/hunav_ws/install/hunav_msgs:/home/ambroise/hunav_ws/install/hunav_sim:/home/ambroise/hunav_ws/install/hunav_agent_manager:/home/ambroise/hunav_ws/install/people_msgs:/home/ambroise/hunav_ws/install/hunav_rviz2_panel LD_LIBRARY_PATH=/home/ambroise/hunav_ws/install/hunav_gazebo_wrapper/lib:/home/ambroise/hunav_ws/install/hunav_msgs/lib:/home/ambroise/hunav_ws/install/people_msgs/lib:/home/ambroise/hunav_ws/install/hunav_rviz2_panel/lib:/usr/lib/x86_64-linux-gnu/gazebo-11/plugins:/opt/ros/humble/opt/rviz_ogre_vendor/lib:/opt/ros/humble/lib/x86_64-linux-gnu:/opt/ros/humble/lib PYTHONPATH=/home/ambroise/hunav_ws/build/hunav_behavior_tree_generator/prefix_override:/usr/lib/python3/dist-packages/colcon_core/task/python/colcon_distutils_commands:/home/ambroise/hunav_ws/install/hunav_behavior_tree_generator/lib/python3.10/site-packages:${PYTHONPATH} /usr/bin/python3 -W ignore:setup.py install is deprecated -W ignore:easy_install command is deprecated setup.py develop --editable --build-directory /home/ambroise/hunav_ws/build/hunav_behavior_tree_generator/build --no-deps symlink_data
[4.186s] Level 1:colcon.colcon_core.shell:create_environment_hook('hunav_behavior_tree_generator', 'pythonpath_develop')
[4.187s] INFO:colcon.colcon_core.shell:Creating environment hook '/home/ambroise/hunav_ws/build/hunav_behavior_tree_generator/share/hunav_behavior_tree_generator/hook/pythonpath_develop.ps1'
[4.187s] DEBUG:colcon.colcon_core.event_handler.log_command:Invoked command in '/home/ambroise/hunav_ws/build/hunav_behavior_tree_generator' returned '0': CMAKE_PREFIX_PATH=/home/ambroise/hunav_ws/install/hunav_gazebo_wrapper:/home/ambroise/hunav_ws/install/hunav_msgs:/home/ambroise/hunav_ws/install/hunav_sim:/home/ambroise/hunav_ws/install/hunav_agent_manager:/home/ambroise/hunav_ws/install/people_msgs:/home/ambroise/hunav_ws/install/hunav_rviz2_panel LD_LIBRARY_PATH=/home/ambroise/hunav_ws/install/hunav_gazebo_wrapper/lib:/home/ambroise/hunav_ws/install/hunav_msgs/lib:/home/ambroise/hunav_ws/install/people_msgs/lib:/home/ambroise/hunav_ws/install/hunav_rviz2_panel/lib:/usr/lib/x86_64-linux-gnu/gazebo-11/plugins:/opt/ros/humble/opt/rviz_ogre_vendor/lib:/opt/ros/humble/lib/x86_64-linux-gnu:/opt/ros/humble/lib PYTHONPATH=/home/ambroise/hunav_ws/build/hunav_behavior_tree_generator/prefix_override:/usr/lib/python3/dist-packages/colcon_core/task/python/colcon_distutils_commands:/home/ambroise/hunav_ws/install/hunav_behavior_tree_generator/lib/python3.10/site-packages:${PYTHONPATH} /usr/bin/python3 -W ignore:setup.py install is deprecated -W ignore:easy_install command is deprecated setup.py develop --editable --build-directory /home/ambroise/hunav_ws/build/hunav_behavior_tree_generator/build --no-deps symlink_data
[4.188s] INFO:colcon.colcon_core.shell:Creating environment descriptor '/home/ambroise/hunav_ws/build/hunav_behavior_tree_generator/share/hunav_behavior_tree_generator/hook/pythonpath_develop.dsv'
[4.189s] INFO:colcon.colcon_core.shell:Creating environment hook '/home/ambroise/hunav_ws/build/hunav_behavior_tree_generator/share/hunav_behavior_tree_generator/hook/pythonpath_develop.sh'
[4.189s] Level 1:colcon.colcon_core.environment:checking '/home/ambroise/hunav_ws/install/hunav_behavior_tree_generator' for CMake module files
[4.189s] Level 1:colcon.colcon_core.environment:checking '/home/ambroise/hunav_ws/install/hunav_behavior_tree_generator' for CMake config files
[4.190s] Level 1:colcon.colcon_core.environment:checking '/home/ambroise/hunav_ws/install/hunav_behavior_tree_generator/lib'
[4.190s] Level 1:colcon.colcon_core.environment:checking '/home/ambroise/hunav_ws/install/hunav_behavior_tree_generator/bin'
[4.190s] Level 1:colcon.colcon_core.environment:checking '/home/ambroise/hunav_ws/install/hunav_behavior_tree_generator/lib/pkgconfig/hunav_behavior_tree_generator.pc'
[4.190s] Level 1:colcon.colcon_core.environment:checking '/home/ambroise/hunav_ws/install/hunav_behavior_tree_generator/lib/python3.10/site-packages'
[4.190s] Level 1:colcon.colcon_core.shell:create_environment_hook('hunav_behavior_tree_generator', 'pythonpath')
[4.190s] INFO:colcon.colcon_core.shell:Creating environment hook '/home/ambroise/hunav_ws/install/hunav_behavior_tree_generator/share/hunav_behavior_tree_generator/hook/pythonpath.ps1'
[4.191s] INFO:colcon.colcon_core.shell:Creating environment descriptor '/home/ambroise/hunav_ws/install/hunav_behavior_tree_generator/share/hunav_behavior_tree_generator/hook/pythonpath.dsv'
[4.191s] INFO:colcon.colcon_core.shell:Creating environment hook '/home/ambroise/hunav_ws/install/hunav_behavior_tree_generator/share/hunav_behavior_tree_generator/hook/pythonpath.sh'
[4.191s] Level 1:colcon.colcon_core.environment:checking '/home/ambroise/hunav_ws/install/hunav_behavior_tree_generator/bin'
[4.191s] Level 1:colcon.colcon_core.environment:create_environment_scripts_only(hunav_behavior_tree_generator)
[4.192s] INFO:colcon.colcon_core.shell:Creating package script '/home/ambroise/hunav_ws/install/hunav_behavior_tree_generator/share/hunav_behavior_tree_generator/package.ps1'
[4.192s] INFO:colcon.colcon_core.shell:Creating package descriptor '/home/ambroise/hunav_ws/install/hunav_behavior_tree_generator/share/hunav_behavior_tree_generator/package.dsv'
[4.192s] INFO:colcon.colcon_core.shell:Creating package script '/home/ambroise/hunav_ws/install/hunav_behavior_tree_generator/share/hunav_behavior_tree_generator/package.sh'
[4.193s] INFO:colcon.colcon_core.shell:Creating package script '/home/ambroise/hunav_ws/install/hunav_behavior_tree_generator/share/hunav_behavior_tree_generator/package.bash'
[4.193s] INFO:colcon.colcon_core.shell:Creating package script '/home/ambroise/hunav_ws/install/hunav_behavior_tree_generator/share/hunav_behavior_tree_generator/package.zsh'
[4.193s] Level 1:colcon.colcon_core.environment:create_file_with_runtime_dependencies(/home/ambroise/hunav_ws/install/hunav_behavior_tree_generator/share/colcon-core/packages/hunav_behavior_tree_generator)
[4.194s] DEBUG:colcon.colcon_parallel_executor.executor.parallel:closing loop
[4.194s] DEBUG:colcon.colcon_parallel_executor.executor.parallel:loop closed
[4.194s] DEBUG:colcon.colcon_parallel_executor.executor.parallel:run_until_complete finished with '0'
[4.194s] DEBUG:colcon.colcon_core.event_reactor:joining thread
[4.200s] INFO:colcon.colcon_core.plugin_system:Skipping extension 'colcon_notification.desktop_notification.terminal_notifier': Not used on non-Darwin systems
[4.200s] INFO:colcon.colcon_core.plugin_system:Skipping extension 'colcon_notification.desktop_notification.win32': Not used on non-Windows systems
[4.200s] INFO:colcon.colcon_notification.desktop_notification:Sending desktop notification using 'notify2'
[4.212s] DEBUG:colcon.colcon_core.event_reactor:joined thread
[4.213s] INFO:colcon.colcon_core.shell:Creating prefix script '/home/ambroise/hunav_ws/install/local_setup.ps1'
[4.214s] INFO:colcon.colcon_core.shell:Creating prefix util module '/home/ambroise/hunav_ws/install/_local_setup_util_ps1.py'
[4.216s] INFO:colcon.colcon_core.shell:Creating prefix chain script '/home/ambroise/hunav_ws/install/setup.ps1'
[4.217s] INFO:colcon.colcon_core.shell:Creating prefix script '/home/ambroise/hunav_ws/install/local_setup.sh'
[4.218s] INFO:colcon.colcon_core.shell:Creating prefix util module '/home/ambroise/hunav_ws/install/_local_setup_util_sh.py'
[4.218s] INFO:colcon.colcon_core.shell:Creating prefix chain script '/home/ambroise/hunav_ws/install/setup.sh'
[4.219s] INFO:colcon.colcon_core.shell:Creating prefix script '/home/ambroise/hunav_ws/install/local_setup.bash'
[4.220s] INFO:colcon.colcon_core.shell:Creating prefix chain script '/home/ambroise/hunav_ws/install/setup.bash'
[4.221s] INFO:colcon.colcon_core.shell:Creating prefix script '/home/ambroise/hunav_ws/install/local_setup.zsh'
[4.222s] INFO:colcon.colcon_core.shell:Creating prefix chain script '/home/ambroise/hunav_ws/install/setup.zsh'
