[0.161s] DEBUG:colcon:Command line arguments: ['/usr/bin/colcon', 'build', '--symlink-install']
[0.161s] DEBUG:colcon:Parsed command line arguments: Namespace(log_base=None, log_level=None, verb_name='build', build_base='build', install_base='install', merge_install=False, symlink_install=True, test_result_base=None, continue_on_error=False, executor='parallel', parallel_workers=16, event_handlers=None, ignore_user_meta=False, metas=['./colcon.meta'], base_paths=['.'], packages_ignore=None, packages_ignore_regex=None, paths=None, packages_up_to=None, packages_up_to_regex=None, packages_above=None, packages_above_and_dependencies=None, packages_above_depth=None, packages_select_by_dep=None, packages_skip_by_dep=None, packages_skip_up_to=None, packages_select_build_failed=False, packages_skip_build_finished=False, packages_select_test_failures=False, packages_skip_test_passed=False, packages_select=None, packages_skip=None, packages_select_regex=None, packages_skip_regex=None, packages_start=None, packages_end=None, allow_overriding=[], cmake_args=None, cmake_target=None, cmake_target_skip_unavailable=False, cmake_clean_cache=False, cmake_clean_first=False, cmake_force_configure=False, ament_cmake_args=None, catkin_cmake_args=None, catkin_skip_building_tests=False, verb_parser=<colcon_defaults.argument_parser.defaults.DefaultArgumentsDecorator object at 0x7c45e4265c60>, verb_extension=<colcon_core.verb.build.BuildVerb object at 0x7c45e4265690>, main=<bound method BuildVerb.main of <colcon_core.verb.build.BuildVerb object at 0x7c45e4265690>>)
[0.384s] Level 1:colcon.colcon_core.package_discovery:discover_packages(colcon_meta) check parameters
[0.385s] Level 1:colcon.colcon_core.package_discovery:discover_packages(recursive) check parameters
[0.385s] Level 1:colcon.colcon_core.package_discovery:discover_packages(ignore) check parameters
[0.385s] Level 1:colcon.colcon_core.package_discovery:discover_packages(path) check parameters
[0.385s] Level 1:colcon.colcon_core.package_discovery:discover_packages(colcon_meta) discover
[0.385s] Level 1:colcon.colcon_core.package_discovery:discover_packages(recursive) discover
[0.385s] INFO:colcon.colcon_core.package_discovery:Crawling recursively for packages in '/home/ambroise/hunav_ws'
[0.385s] Level 1:colcon.colcon_core.package_identification:_identify(.) by extensions ['ignore', 'ignore_ament_install']
[0.385s] Level 1:colcon.colcon_core.package_identification:_identify(.) by extension 'ignore'
[0.385s] Level 1:colcon.colcon_core.package_identification:_identify(.) by extension 'ignore_ament_install'
[0.385s] Level 1:colcon.colcon_core.package_identification:_identify(.) by extensions ['colcon_pkg']
[0.385s] Level 1:colcon.colcon_core.package_identification:_identify(.) by extension 'colcon_pkg'
[0.385s] Level 1:colcon.colcon_core.package_identification:_identify(.) by extensions ['colcon_meta']
[0.385s] Level 1:colcon.colcon_core.package_identification:_identify(.) by extension 'colcon_meta'
[0.385s] Level 1:colcon.colcon_core.package_identification:_identify(.) by extensions ['ros']
[0.385s] Level 1:colcon.colcon_core.package_identification:_identify(.) by extension 'ros'
[0.394s] Level 1:colcon.colcon_core.package_identification:_identify(.) by extensions ['cmake', 'python']
[0.394s] Level 1:colcon.colcon_core.package_identification:_identify(.) by extension 'cmake'
[0.394s] Level 1:colcon.colcon_core.package_identification:_identify(.) by extension 'python'
[0.394s] Level 1:colcon.colcon_core.package_identification:_identify(.) by extensions ['python_setup_py']
[0.394s] Level 1:colcon.colcon_core.package_identification:_identify(.) by extension 'python_setup_py'
[0.394s] Level 1:colcon.colcon_core.package_identification:_identify(build) by extensions ['ignore', 'ignore_ament_install']
[0.394s] Level 1:colcon.colcon_core.package_identification:_identify(build) by extension 'ignore'
[0.394s] Level 1:colcon.colcon_core.package_identification:_identify(build) ignored
[0.394s] Level 1:colcon.colcon_core.package_identification:_identify(install) by extensions ['ignore', 'ignore_ament_install']
[0.394s] Level 1:colcon.colcon_core.package_identification:_identify(install) by extension 'ignore'
[0.394s] Level 1:colcon.colcon_core.package_identification:_identify(install) ignored
[0.395s] Level 1:colcon.colcon_core.package_identification:_identify(log) by extensions ['ignore', 'ignore_ament_install']
[0.395s] Level 1:colcon.colcon_core.package_identification:_identify(log) by extension 'ignore'
[0.395s] Level 1:colcon.colcon_core.package_identification:_identify(log) ignored
[0.395s] Level 1:colcon.colcon_core.package_identification:_identify(src) by extensions ['ignore', 'ignore_ament_install']
[0.395s] Level 1:colcon.colcon_core.package_identification:_identify(src) by extension 'ignore'
[0.395s] Level 1:colcon.colcon_core.package_identification:_identify(src) by extension 'ignore_ament_install'
[0.395s] Level 1:colcon.colcon_core.package_identification:_identify(src) by extensions ['colcon_pkg']
[0.395s] Level 1:colcon.colcon_core.package_identification:_identify(src) by extension 'colcon_pkg'
[0.395s] Level 1:colcon.colcon_core.package_identification:_identify(src) by extensions ['colcon_meta']
[0.395s] Level 1:colcon.colcon_core.package_identification:_identify(src) by extension 'colcon_meta'
[0.395s] Level 1:colcon.colcon_core.package_identification:_identify(src) by extensions ['ros']
[0.395s] Level 1:colcon.colcon_core.package_identification:_identify(src) by extension 'ros'
[0.395s] Level 1:colcon.colcon_core.package_identification:_identify(src) by extensions ['cmake', 'python']
[0.395s] Level 1:colcon.colcon_core.package_identification:_identify(src) by extension 'cmake'
[0.395s] Level 1:colcon.colcon_core.package_identification:_identify(src) by extension 'python'
[0.395s] Level 1:colcon.colcon_core.package_identification:_identify(src) by extensions ['python_setup_py']
[0.395s] Level 1:colcon.colcon_core.package_identification:_identify(src) by extension 'python_setup_py'
[0.395s] Level 1:colcon.colcon_core.package_identification:_identify(src/hunav_gazebo_wrapper) by extensions ['ignore', 'ignore_ament_install']
[0.395s] Level 1:colcon.colcon_core.package_identification:_identify(src/hunav_gazebo_wrapper) by extension 'ignore'
[0.395s] Level 1:colcon.colcon_core.package_identification:_identify(src/hunav_gazebo_wrapper) by extension 'ignore_ament_install'
[0.395s] Level 1:colcon.colcon_core.package_identification:_identify(src/hunav_gazebo_wrapper) by extensions ['colcon_pkg']
[0.396s] Level 1:colcon.colcon_core.package_identification:_identify(src/hunav_gazebo_wrapper) by extension 'colcon_pkg'
[0.396s] Level 1:colcon.colcon_core.package_identification:_identify(src/hunav_gazebo_wrapper) by extensions ['colcon_meta']
[0.396s] Level 1:colcon.colcon_core.package_identification:_identify(src/hunav_gazebo_wrapper) by extension 'colcon_meta'
[0.396s] Level 1:colcon.colcon_core.package_identification:_identify(src/hunav_gazebo_wrapper) by extensions ['ros']
[0.396s] Level 1:colcon.colcon_core.package_identification:_identify(src/hunav_gazebo_wrapper) by extension 'ros'
[0.398s] DEBUG:colcon.colcon_core.package_identification:Package 'src/hunav_gazebo_wrapper' with type 'ros.ament_cmake' and name 'hunav_gazebo_wrapper'
[0.398s] Level 1:colcon.colcon_core.package_identification:_identify(src/hunav_sim) by extensions ['ignore', 'ignore_ament_install']
[0.398s] Level 1:colcon.colcon_core.package_identification:_identify(src/hunav_sim) by extension 'ignore'
[0.398s] Level 1:colcon.colcon_core.package_identification:_identify(src/hunav_sim) by extension 'ignore_ament_install'
[0.398s] Level 1:colcon.colcon_core.package_identification:_identify(src/hunav_sim) by extensions ['colcon_pkg']
[0.398s] Level 1:colcon.colcon_core.package_identification:_identify(src/hunav_sim) by extension 'colcon_pkg'
[0.398s] Level 1:colcon.colcon_core.package_identification:_identify(src/hunav_sim) by extensions ['colcon_meta']
[0.398s] Level 1:colcon.colcon_core.package_identification:_identify(src/hunav_sim) by extension 'colcon_meta'
[0.398s] Level 1:colcon.colcon_core.package_identification:_identify(src/hunav_sim) by extensions ['ros']
[0.398s] Level 1:colcon.colcon_core.package_identification:_identify(src/hunav_sim) by extension 'ros'
[0.399s] Level 1:colcon.colcon_core.package_identification:_identify(src/hunav_sim) by extensions ['cmake', 'python']
[0.399s] Level 1:colcon.colcon_core.package_identification:_identify(src/hunav_sim) by extension 'cmake'
[0.399s] Level 1:colcon.colcon_core.package_identification:_identify(src/hunav_sim) by extension 'python'
[0.399s] Level 1:colcon.colcon_core.package_identification:_identify(src/hunav_sim) by extensions ['python_setup_py']
[0.399s] Level 1:colcon.colcon_core.package_identification:_identify(src/hunav_sim) by extension 'python_setup_py'
[0.399s] Level 1:colcon.colcon_core.package_identification:_identify(src/hunav_sim/hunav_agent_manager) by extensions ['ignore', 'ignore_ament_install']
[0.399s] Level 1:colcon.colcon_core.package_identification:_identify(src/hunav_sim/hunav_agent_manager) by extension 'ignore'
[0.399s] Level 1:colcon.colcon_core.package_identification:_identify(src/hunav_sim/hunav_agent_manager) by extension 'ignore_ament_install'
[0.399s] Level 1:colcon.colcon_core.package_identification:_identify(src/hunav_sim/hunav_agent_manager) by extensions ['colcon_pkg']
[0.399s] Level 1:colcon.colcon_core.package_identification:_identify(src/hunav_sim/hunav_agent_manager) by extension 'colcon_pkg'
[0.399s] Level 1:colcon.colcon_core.package_identification:_identify(src/hunav_sim/hunav_agent_manager) by extensions ['colcon_meta']
[0.399s] Level 1:colcon.colcon_core.package_identification:_identify(src/hunav_sim/hunav_agent_manager) by extension 'colcon_meta'
[0.399s] Level 1:colcon.colcon_core.package_identification:_identify(src/hunav_sim/hunav_agent_manager) by extensions ['ros']
[0.399s] Level 1:colcon.colcon_core.package_identification:_identify(src/hunav_sim/hunav_agent_manager) by extension 'ros'
[0.400s] DEBUG:colcon.colcon_core.package_identification:Package 'src/hunav_sim/hunav_agent_manager' with type 'ros.ament_cmake' and name 'hunav_agent_manager'
[0.400s] Level 1:colcon.colcon_core.package_identification:_identify(src/hunav_sim/hunav_behavior_tree_generator) by extensions ['ignore', 'ignore_ament_install']
[0.400s] Level 1:colcon.colcon_core.package_identification:_identify(src/hunav_sim/hunav_behavior_tree_generator) by extension 'ignore'
[0.400s] Level 1:colcon.colcon_core.package_identification:_identify(src/hunav_sim/hunav_behavior_tree_generator) by extension 'ignore_ament_install'
[0.400s] Level 1:colcon.colcon_core.package_identification:_identify(src/hunav_sim/hunav_behavior_tree_generator) by extensions ['colcon_pkg']
[0.400s] Level 1:colcon.colcon_core.package_identification:_identify(src/hunav_sim/hunav_behavior_tree_generator) by extension 'colcon_pkg'
[0.400s] Level 1:colcon.colcon_core.package_identification:_identify(src/hunav_sim/hunav_behavior_tree_generator) by extensions ['colcon_meta']
[0.400s] Level 1:colcon.colcon_core.package_identification:_identify(src/hunav_sim/hunav_behavior_tree_generator) by extension 'colcon_meta'
[0.401s] Level 1:colcon.colcon_core.package_identification:_identify(src/hunav_sim/hunav_behavior_tree_generator) by extensions ['ros']
[0.401s] Level 1:colcon.colcon_core.package_identification:_identify(src/hunav_sim/hunav_behavior_tree_generator) by extension 'ros'
[0.401s] DEBUG:colcon.colcon_core.package_identification:Package 'src/hunav_sim/hunav_behavior_tree_generator' with type 'ros.ament_python' and name 'hunav_behavior_tree_generator'
[0.401s] Level 1:colcon.colcon_core.package_identification:_identify(src/hunav_sim/hunav_evaluator) by extensions ['ignore', 'ignore_ament_install']
[0.401s] Level 1:colcon.colcon_core.package_identification:_identify(src/hunav_sim/hunav_evaluator) by extension 'ignore'
[0.401s] Level 1:colcon.colcon_core.package_identification:_identify(src/hunav_sim/hunav_evaluator) by extension 'ignore_ament_install'
[0.402s] Level 1:colcon.colcon_core.package_identification:_identify(src/hunav_sim/hunav_evaluator) by extensions ['colcon_pkg']
[0.402s] Level 1:colcon.colcon_core.package_identification:_identify(src/hunav_sim/hunav_evaluator) by extension 'colcon_pkg'
[0.402s] Level 1:colcon.colcon_core.package_identification:_identify(src/hunav_sim/hunav_evaluator) by extensions ['colcon_meta']
[0.402s] Level 1:colcon.colcon_core.package_identification:_identify(src/hunav_sim/hunav_evaluator) by extension 'colcon_meta'
[0.402s] Level 1:colcon.colcon_core.package_identification:_identify(src/hunav_sim/hunav_evaluator) by extensions ['ros']
[0.402s] Level 1:colcon.colcon_core.package_identification:_identify(src/hunav_sim/hunav_evaluator) by extension 'ros'
[0.402s] DEBUG:colcon.colcon_core.package_identification:Package 'src/hunav_sim/hunav_evaluator' with type 'ros.ament_python' and name 'hunav_evaluator'
[0.402s] Level 1:colcon.colcon_core.package_identification:_identify(src/hunav_sim/hunav_msgs) by extensions ['ignore', 'ignore_ament_install']
[0.402s] Level 1:colcon.colcon_core.package_identification:_identify(src/hunav_sim/hunav_msgs) by extension 'ignore'
[0.402s] Level 1:colcon.colcon_core.package_identification:_identify(src/hunav_sim/hunav_msgs) by extension 'ignore_ament_install'
[0.402s] Level 1:colcon.colcon_core.package_identification:_identify(src/hunav_sim/hunav_msgs) by extensions ['colcon_pkg']
[0.403s] Level 1:colcon.colcon_core.package_identification:_identify(src/hunav_sim/hunav_msgs) by extension 'colcon_pkg'
[0.403s] Level 1:colcon.colcon_core.package_identification:_identify(src/hunav_sim/hunav_msgs) by extensions ['colcon_meta']
[0.403s] Level 1:colcon.colcon_core.package_identification:_identify(src/hunav_sim/hunav_msgs) by extension 'colcon_meta'
[0.403s] Level 1:colcon.colcon_core.package_identification:_identify(src/hunav_sim/hunav_msgs) by extensions ['ros']
[0.403s] Level 1:colcon.colcon_core.package_identification:_identify(src/hunav_sim/hunav_msgs) by extension 'ros'
[0.403s] DEBUG:colcon.colcon_core.package_identification:Package 'src/hunav_sim/hunav_msgs' with type 'ros.ament_cmake' and name 'hunav_msgs'
[0.403s] Level 1:colcon.colcon_core.package_identification:_identify(src/hunav_sim/hunav_rviz2_panel) by extensions ['ignore', 'ignore_ament_install']
[0.403s] Level 1:colcon.colcon_core.package_identification:_identify(src/hunav_sim/hunav_rviz2_panel) by extension 'ignore'
[0.403s] Level 1:colcon.colcon_core.package_identification:_identify(src/hunav_sim/hunav_rviz2_panel) by extension 'ignore_ament_install'
[0.403s] Level 1:colcon.colcon_core.package_identification:_identify(src/hunav_sim/hunav_rviz2_panel) by extensions ['colcon_pkg']
[0.403s] Level 1:colcon.colcon_core.package_identification:_identify(src/hunav_sim/hunav_rviz2_panel) by extension 'colcon_pkg'
[0.403s] Level 1:colcon.colcon_core.package_identification:_identify(src/hunav_sim/hunav_rviz2_panel) by extensions ['colcon_meta']
[0.403s] Level 1:colcon.colcon_core.package_identification:_identify(src/hunav_sim/hunav_rviz2_panel) by extension 'colcon_meta'
[0.404s] Level 1:colcon.colcon_core.package_identification:_identify(src/hunav_sim/hunav_rviz2_panel) by extensions ['ros']
[0.404s] Level 1:colcon.colcon_core.package_identification:_identify(src/hunav_sim/hunav_rviz2_panel) by extension 'ros'
[0.405s] DEBUG:colcon.colcon_core.package_identification:Package 'src/hunav_sim/hunav_rviz2_panel' with type 'ros.ament_cmake' and name 'hunav_rviz2_panel'
[0.405s] Level 1:colcon.colcon_core.package_identification:_identify(src/hunav_sim/hunav_sim) by extensions ['ignore', 'ignore_ament_install']
[0.405s] Level 1:colcon.colcon_core.package_identification:_identify(src/hunav_sim/hunav_sim) by extension 'ignore'
[0.405s] Level 1:colcon.colcon_core.package_identification:_identify(src/hunav_sim/hunav_sim) by extension 'ignore_ament_install'
[0.405s] Level 1:colcon.colcon_core.package_identification:_identify(src/hunav_sim/hunav_sim) by extensions ['colcon_pkg']
[0.405s] Level 1:colcon.colcon_core.package_identification:_identify(src/hunav_sim/hunav_sim) by extension 'colcon_pkg'
[0.405s] Level 1:colcon.colcon_core.package_identification:_identify(src/hunav_sim/hunav_sim) by extensions ['colcon_meta']
[0.405s] Level 1:colcon.colcon_core.package_identification:_identify(src/hunav_sim/hunav_sim) by extension 'colcon_meta'
[0.405s] Level 1:colcon.colcon_core.package_identification:_identify(src/hunav_sim/hunav_sim) by extensions ['ros']
[0.405s] Level 1:colcon.colcon_core.package_identification:_identify(src/hunav_sim/hunav_sim) by extension 'ros'
[0.406s] DEBUG:colcon.colcon_core.package_identification:Package 'src/hunav_sim/hunav_sim' with type 'ros.ament_cmake' and name 'hunav_sim'
[0.406s] Level 1:colcon.colcon_core.package_identification:_identify(src/hunav_sim/images) by extensions ['ignore', 'ignore_ament_install']
[0.406s] Level 1:colcon.colcon_core.package_identification:_identify(src/hunav_sim/images) by extension 'ignore'
[0.406s] Level 1:colcon.colcon_core.package_identification:_identify(src/hunav_sim/images) by extension 'ignore_ament_install'
[0.406s] Level 1:colcon.colcon_core.package_identification:_identify(src/hunav_sim/images) by extensions ['colcon_pkg']
[0.406s] Level 1:colcon.colcon_core.package_identification:_identify(src/hunav_sim/images) by extension 'colcon_pkg'
[0.406s] Level 1:colcon.colcon_core.package_identification:_identify(src/hunav_sim/images) by extensions ['colcon_meta']
[0.406s] Level 1:colcon.colcon_core.package_identification:_identify(src/hunav_sim/images) by extension 'colcon_meta'
[0.406s] Level 1:colcon.colcon_core.package_identification:_identify(src/hunav_sim/images) by extensions ['ros']
[0.406s] Level 1:colcon.colcon_core.package_identification:_identify(src/hunav_sim/images) by extension 'ros'
[0.406s] Level 1:colcon.colcon_core.package_identification:_identify(src/hunav_sim/images) by extensions ['cmake', 'python']
[0.406s] Level 1:colcon.colcon_core.package_identification:_identify(src/hunav_sim/images) by extension 'cmake'
[0.406s] Level 1:colcon.colcon_core.package_identification:_identify(src/hunav_sim/images) by extension 'python'
[0.406s] Level 1:colcon.colcon_core.package_identification:_identify(src/hunav_sim/images) by extensions ['python_setup_py']
[0.406s] Level 1:colcon.colcon_core.package_identification:_identify(src/hunav_sim/images) by extension 'python_setup_py'
[0.406s] Level 1:colcon.colcon_core.package_identification:_identify(src/lightsfm) by extensions ['ignore', 'ignore_ament_install']
[0.406s] Level 1:colcon.colcon_core.package_identification:_identify(src/lightsfm) by extension 'ignore'
[0.406s] Level 1:colcon.colcon_core.package_identification:_identify(src/lightsfm) by extension 'ignore_ament_install'
[0.407s] Level 1:colcon.colcon_core.package_identification:_identify(src/lightsfm) by extensions ['colcon_pkg']
[0.407s] Level 1:colcon.colcon_core.package_identification:_identify(src/lightsfm) by extension 'colcon_pkg'
[0.407s] Level 1:colcon.colcon_core.package_identification:_identify(src/lightsfm) by extensions ['colcon_meta']
[0.407s] Level 1:colcon.colcon_core.package_identification:_identify(src/lightsfm) by extension 'colcon_meta'
[0.407s] Level 1:colcon.colcon_core.package_identification:_identify(src/lightsfm) by extensions ['ros']
[0.407s] Level 1:colcon.colcon_core.package_identification:_identify(src/lightsfm) by extension 'ros'
[0.407s] Level 1:colcon.colcon_core.package_identification:_identify(src/lightsfm) by extensions ['cmake', 'python']
[0.407s] Level 1:colcon.colcon_core.package_identification:_identify(src/lightsfm) by extension 'cmake'
[0.407s] Level 1:colcon.colcon_core.package_identification:_identify(src/lightsfm) by extension 'python'
[0.407s] Level 1:colcon.colcon_core.package_identification:_identify(src/lightsfm) by extensions ['python_setup_py']
[0.407s] Level 1:colcon.colcon_core.package_identification:_identify(src/lightsfm) by extension 'python_setup_py'
[0.407s] Level 1:colcon.colcon_core.package_identification:_identify(src/lightsfm/include) by extensions ['ignore', 'ignore_ament_install']
[0.407s] Level 1:colcon.colcon_core.package_identification:_identify(src/lightsfm/include) by extension 'ignore'
[0.407s] Level 1:colcon.colcon_core.package_identification:_identify(src/lightsfm/include) by extension 'ignore_ament_install'
[0.407s] Level 1:colcon.colcon_core.package_identification:_identify(src/lightsfm/include) by extensions ['colcon_pkg']
[0.407s] Level 1:colcon.colcon_core.package_identification:_identify(src/lightsfm/include) by extension 'colcon_pkg'
[0.407s] Level 1:colcon.colcon_core.package_identification:_identify(src/lightsfm/include) by extensions ['colcon_meta']
[0.407s] Level 1:colcon.colcon_core.package_identification:_identify(src/lightsfm/include) by extension 'colcon_meta'
[0.407s] Level 1:colcon.colcon_core.package_identification:_identify(src/lightsfm/include) by extensions ['ros']
[0.407s] Level 1:colcon.colcon_core.package_identification:_identify(src/lightsfm/include) by extension 'ros'
[0.408s] Level 1:colcon.colcon_core.package_identification:_identify(src/lightsfm/include) by extensions ['cmake', 'python']
[0.408s] Level 1:colcon.colcon_core.package_identification:_identify(src/lightsfm/include) by extension 'cmake'
[0.408s] Level 1:colcon.colcon_core.package_identification:_identify(src/lightsfm/include) by extension 'python'
[0.408s] Level 1:colcon.colcon_core.package_identification:_identify(src/lightsfm/include) by extensions ['python_setup_py']
[0.408s] Level 1:colcon.colcon_core.package_identification:_identify(src/lightsfm/include) by extension 'python_setup_py'
[0.408s] Level 1:colcon.colcon_core.package_identification:_identify(src/lightsfm/media) by extensions ['ignore', 'ignore_ament_install']
[0.408s] Level 1:colcon.colcon_core.package_identification:_identify(src/lightsfm/media) by extension 'ignore'
[0.408s] Level 1:colcon.colcon_core.package_identification:_identify(src/lightsfm/media) by extension 'ignore_ament_install'
[0.408s] Level 1:colcon.colcon_core.package_identification:_identify(src/lightsfm/media) by extensions ['colcon_pkg']
[0.408s] Level 1:colcon.colcon_core.package_identification:_identify(src/lightsfm/media) by extension 'colcon_pkg'
[0.408s] Level 1:colcon.colcon_core.package_identification:_identify(src/lightsfm/media) by extensions ['colcon_meta']
[0.408s] Level 1:colcon.colcon_core.package_identification:_identify(src/lightsfm/media) by extension 'colcon_meta'
[0.408s] Level 1:colcon.colcon_core.package_identification:_identify(src/lightsfm/media) by extensions ['ros']
[0.408s] Level 1:colcon.colcon_core.package_identification:_identify(src/lightsfm/media) by extension 'ros'
[0.408s] Level 1:colcon.colcon_core.package_identification:_identify(src/lightsfm/media) by extensions ['cmake', 'python']
[0.408s] Level 1:colcon.colcon_core.package_identification:_identify(src/lightsfm/media) by extension 'cmake'
[0.408s] Level 1:colcon.colcon_core.package_identification:_identify(src/lightsfm/media) by extension 'python'
[0.408s] Level 1:colcon.colcon_core.package_identification:_identify(src/lightsfm/media) by extensions ['python_setup_py']
[0.408s] Level 1:colcon.colcon_core.package_identification:_identify(src/lightsfm/media) by extension 'python_setup_py'
[0.408s] Level 1:colcon.colcon_core.package_identification:_identify(src/lightsfm/src) by extensions ['ignore', 'ignore_ament_install']
[0.408s] Level 1:colcon.colcon_core.package_identification:_identify(src/lightsfm/src) by extension 'ignore'
[0.408s] Level 1:colcon.colcon_core.package_identification:_identify(src/lightsfm/src) by extension 'ignore_ament_install'
[0.408s] Level 1:colcon.colcon_core.package_identification:_identify(src/lightsfm/src) by extensions ['colcon_pkg']
[0.408s] Level 1:colcon.colcon_core.package_identification:_identify(src/lightsfm/src) by extension 'colcon_pkg'
[0.409s] Level 1:colcon.colcon_core.package_identification:_identify(src/lightsfm/src) by extensions ['colcon_meta']
[0.409s] Level 1:colcon.colcon_core.package_identification:_identify(src/lightsfm/src) by extension 'colcon_meta'
[0.409s] Level 1:colcon.colcon_core.package_identification:_identify(src/lightsfm/src) by extensions ['ros']
[0.409s] Level 1:colcon.colcon_core.package_identification:_identify(src/lightsfm/src) by extension 'ros'
[0.409s] Level 1:colcon.colcon_core.package_identification:_identify(src/lightsfm/src) by extensions ['cmake', 'python']
[0.409s] Level 1:colcon.colcon_core.package_identification:_identify(src/lightsfm/src) by extension 'cmake'
[0.409s] Level 1:colcon.colcon_core.package_identification:_identify(src/lightsfm/src) by extension 'python'
[0.409s] Level 1:colcon.colcon_core.package_identification:_identify(src/lightsfm/src) by extensions ['python_setup_py']
[0.409s] Level 1:colcon.colcon_core.package_identification:_identify(src/lightsfm/src) by extension 'python_setup_py'
[0.409s] Level 1:colcon.colcon_core.package_identification:_identify(src/nav2_social_costmap_plugin) by extensions ['ignore', 'ignore_ament_install']
[0.409s] Level 1:colcon.colcon_core.package_identification:_identify(src/nav2_social_costmap_plugin) by extension 'ignore'
[0.409s] Level 1:colcon.colcon_core.package_identification:_identify(src/nav2_social_costmap_plugin) by extension 'ignore_ament_install'
[0.409s] Level 1:colcon.colcon_core.package_identification:_identify(src/nav2_social_costmap_plugin) by extensions ['colcon_pkg']
[0.409s] Level 1:colcon.colcon_core.package_identification:_identify(src/nav2_social_costmap_plugin) by extension 'colcon_pkg'
[0.409s] Level 1:colcon.colcon_core.package_identification:_identify(src/nav2_social_costmap_plugin) by extensions ['colcon_meta']
[0.409s] Level 1:colcon.colcon_core.package_identification:_identify(src/nav2_social_costmap_plugin) by extension 'colcon_meta'
[0.409s] Level 1:colcon.colcon_core.package_identification:_identify(src/nav2_social_costmap_plugin) by extensions ['ros']
[0.409s] Level 1:colcon.colcon_core.package_identification:_identify(src/nav2_social_costmap_plugin) by extension 'ros'
[0.410s] DEBUG:colcon.colcon_core.package_identification:Package 'src/nav2_social_costmap_plugin' with type 'ros.ament_cmake' and name 'nav2_social_costmap_plugin'
[0.410s] Level 1:colcon.colcon_core.package_identification:_identify(src/people) by extensions ['ignore', 'ignore_ament_install']
[0.410s] Level 1:colcon.colcon_core.package_identification:_identify(src/people) by extension 'ignore'
[0.410s] Level 1:colcon.colcon_core.package_identification:_identify(src/people) by extension 'ignore_ament_install'
[0.410s] Level 1:colcon.colcon_core.package_identification:_identify(src/people) by extensions ['colcon_pkg']
[0.410s] Level 1:colcon.colcon_core.package_identification:_identify(src/people) by extension 'colcon_pkg'
[0.410s] Level 1:colcon.colcon_core.package_identification:_identify(src/people) by extensions ['colcon_meta']
[0.410s] Level 1:colcon.colcon_core.package_identification:_identify(src/people) by extension 'colcon_meta'
[0.410s] Level 1:colcon.colcon_core.package_identification:_identify(src/people) by extensions ['ros']
[0.410s] Level 1:colcon.colcon_core.package_identification:_identify(src/people) by extension 'ros'
[0.411s] Level 1:colcon.colcon_core.package_identification:_identify(src/people) by extensions ['cmake', 'python']
[0.411s] Level 1:colcon.colcon_core.package_identification:_identify(src/people) by extension 'cmake'
[0.411s] Level 1:colcon.colcon_core.package_identification:_identify(src/people) by extension 'python'
[0.411s] Level 1:colcon.colcon_core.package_identification:_identify(src/people) by extensions ['python_setup_py']
[0.411s] Level 1:colcon.colcon_core.package_identification:_identify(src/people) by extension 'python_setup_py'
[0.411s] Level 1:colcon.colcon_core.package_identification:_identify(src/people/face_detector) by extensions ['ignore', 'ignore_ament_install']
[0.411s] Level 1:colcon.colcon_core.package_identification:_identify(src/people/face_detector) by extension 'ignore'
[0.411s] Level 1:colcon.colcon_core.package_identification:_identify(src/people/face_detector) ignored
[0.411s] Level 1:colcon.colcon_core.package_identification:_identify(src/people/leg_detector) by extensions ['ignore', 'ignore_ament_install']
[0.411s] Level 1:colcon.colcon_core.package_identification:_identify(src/people/leg_detector) by extension 'ignore'
[0.411s] Level 1:colcon.colcon_core.package_identification:_identify(src/people/leg_detector) ignored
[0.411s] Level 1:colcon.colcon_core.package_identification:_identify(src/people/people) by extensions ['ignore', 'ignore_ament_install']
[0.411s] Level 1:colcon.colcon_core.package_identification:_identify(src/people/people) by extension 'ignore'
[0.411s] Level 1:colcon.colcon_core.package_identification:_identify(src/people/people) ignored
[0.411s] Level 1:colcon.colcon_core.package_identification:_identify(src/people/people_msgs) by extensions ['ignore', 'ignore_ament_install']
[0.411s] Level 1:colcon.colcon_core.package_identification:_identify(src/people/people_msgs) by extension 'ignore'
[0.411s] Level 1:colcon.colcon_core.package_identification:_identify(src/people/people_msgs) by extension 'ignore_ament_install'
[0.411s] Level 1:colcon.colcon_core.package_identification:_identify(src/people/people_msgs) by extensions ['colcon_pkg']
[0.411s] Level 1:colcon.colcon_core.package_identification:_identify(src/people/people_msgs) by extension 'colcon_pkg'
[0.412s] Level 1:colcon.colcon_core.package_identification:_identify(src/people/people_msgs) by extensions ['colcon_meta']
[0.412s] Level 1:colcon.colcon_core.package_identification:_identify(src/people/people_msgs) by extension 'colcon_meta'
[0.412s] Level 1:colcon.colcon_core.package_identification:_identify(src/people/people_msgs) by extensions ['ros']
[0.412s] Level 1:colcon.colcon_core.package_identification:_identify(src/people/people_msgs) by extension 'ros'
[0.412s] DEBUG:colcon.colcon_core.package_identification:Package 'src/people/people_msgs' with type 'ros.ament_cmake' and name 'people_msgs'
[0.412s] Level 1:colcon.colcon_core.package_identification:_identify(src/people/people_tracking_filter) by extensions ['ignore', 'ignore_ament_install']
[0.412s] Level 1:colcon.colcon_core.package_identification:_identify(src/people/people_tracking_filter) by extension 'ignore'
[0.412s] Level 1:colcon.colcon_core.package_identification:_identify(src/people/people_tracking_filter) ignored
[0.412s] Level 1:colcon.colcon_core.package_identification:_identify(src/people/people_velocity_tracker) by extensions ['ignore', 'ignore_ament_install']
[0.413s] Level 1:colcon.colcon_core.package_identification:_identify(src/people/people_velocity_tracker) by extension 'ignore'
[0.413s] Level 1:colcon.colcon_core.package_identification:_identify(src/people/people_velocity_tracker) ignored
[0.413s] Level 1:colcon.colcon_core.package_discovery:discover_packages(recursive) using defaults
[0.413s] Level 1:colcon.colcon_core.package_discovery:discover_packages(ignore) discover
[0.413s] Level 1:colcon.colcon_core.package_discovery:discover_packages(ignore) using defaults
[0.413s] Level 1:colcon.colcon_core.package_discovery:discover_packages(path) discover
[0.413s] Level 1:colcon.colcon_core.package_discovery:discover_packages(path) using defaults
[0.470s] Level 1:colcon.colcon_core.package_discovery:discover_packages(prefix_path) check parameters
[0.470s] Level 1:colcon.colcon_core.package_discovery:discover_packages(prefix_path) discover
[0.473s] DEBUG:colcon.colcon_installed_package_information.package_discovery:Found 8 installed packages in /home/ambroise/hunav_ws/install
[0.476s] DEBUG:colcon.colcon_installed_package_information.package_discovery:Found 403 installed packages in /opt/ros/humble
[0.478s] Level 1:colcon.colcon_core.package_discovery:discover_packages(prefix_path) using defaults
[0.528s] Level 5:colcon.colcon_core.verb:set package 'hunav_msgs' build argument 'cmake_args' from command line to 'None'
[0.528s] Level 5:colcon.colcon_core.verb:set package 'hunav_msgs' build argument 'cmake_target' from command line to 'None'
[0.528s] Level 5:colcon.colcon_core.verb:set package 'hunav_msgs' build argument 'cmake_target_skip_unavailable' from command line to 'False'
[0.528s] Level 5:colcon.colcon_core.verb:set package 'hunav_msgs' build argument 'cmake_clean_cache' from command line to 'False'
[0.528s] Level 5:colcon.colcon_core.verb:set package 'hunav_msgs' build argument 'cmake_clean_first' from command line to 'False'
[0.528s] Level 5:colcon.colcon_core.verb:set package 'hunav_msgs' build argument 'cmake_force_configure' from command line to 'False'
[0.528s] Level 5:colcon.colcon_core.verb:set package 'hunav_msgs' build argument 'ament_cmake_args' from command line to 'None'
[0.528s] Level 5:colcon.colcon_core.verb:set package 'hunav_msgs' build argument 'catkin_cmake_args' from command line to 'None'
[0.528s] Level 5:colcon.colcon_core.verb:set package 'hunav_msgs' build argument 'catkin_skip_building_tests' from command line to 'False'
[0.528s] DEBUG:colcon.colcon_core.verb:Building package 'hunav_msgs' with the following arguments: {'ament_cmake_args': None, 'build_base': '/home/ambroise/hunav_ws/build/hunav_msgs', 'catkin_cmake_args': None, 'catkin_skip_building_tests': False, 'cmake_args': None, 'cmake_clean_cache': False, 'cmake_clean_first': False, 'cmake_force_configure': False, 'cmake_target': None, 'cmake_target_skip_unavailable': False, 'install_base': '/home/ambroise/hunav_ws/install/hunav_msgs', 'merge_install': False, 'path': '/home/ambroise/hunav_ws/src/hunav_sim/hunav_msgs', 'symlink_install': True, 'test_result_base': None}
[0.529s] Level 5:colcon.colcon_core.verb:set package 'people_msgs' build argument 'cmake_args' from command line to 'None'
[0.529s] Level 5:colcon.colcon_core.verb:set package 'people_msgs' build argument 'cmake_target' from command line to 'None'
[0.529s] Level 5:colcon.colcon_core.verb:set package 'people_msgs' build argument 'cmake_target_skip_unavailable' from command line to 'False'
[0.529s] Level 5:colcon.colcon_core.verb:set package 'people_msgs' build argument 'cmake_clean_cache' from command line to 'False'
[0.529s] Level 5:colcon.colcon_core.verb:set package 'people_msgs' build argument 'cmake_clean_first' from command line to 'False'
[0.529s] Level 5:colcon.colcon_core.verb:set package 'people_msgs' build argument 'cmake_force_configure' from command line to 'False'
[0.529s] Level 5:colcon.colcon_core.verb:set package 'people_msgs' build argument 'ament_cmake_args' from command line to 'None'
[0.529s] Level 5:colcon.colcon_core.verb:set package 'people_msgs' build argument 'catkin_cmake_args' from command line to 'None'
[0.529s] Level 5:colcon.colcon_core.verb:set package 'people_msgs' build argument 'catkin_skip_building_tests' from command line to 'False'
[0.529s] DEBUG:colcon.colcon_core.verb:Building package 'people_msgs' with the following arguments: {'ament_cmake_args': None, 'build_base': '/home/ambroise/hunav_ws/build/people_msgs', 'catkin_cmake_args': None, 'catkin_skip_building_tests': False, 'cmake_args': None, 'cmake_clean_cache': False, 'cmake_clean_first': False, 'cmake_force_configure': False, 'cmake_target': None, 'cmake_target_skip_unavailable': False, 'install_base': '/home/ambroise/hunav_ws/install/people_msgs', 'merge_install': False, 'path': '/home/ambroise/hunav_ws/src/people/people_msgs', 'symlink_install': True, 'test_result_base': None}
[0.529s] Level 5:colcon.colcon_core.verb:set package 'hunav_agent_manager' build argument 'cmake_args' from command line to 'None'
[0.530s] Level 5:colcon.colcon_core.verb:set package 'hunav_agent_manager' build argument 'cmake_target' from command line to 'None'
[0.530s] Level 5:colcon.colcon_core.verb:set package 'hunav_agent_manager' build argument 'cmake_target_skip_unavailable' from command line to 'False'
[0.530s] Level 5:colcon.colcon_core.verb:set package 'hunav_agent_manager' build argument 'cmake_clean_cache' from command line to 'False'
[0.530s] Level 5:colcon.colcon_core.verb:set package 'hunav_agent_manager' build argument 'cmake_clean_first' from command line to 'False'
[0.530s] Level 5:colcon.colcon_core.verb:set package 'hunav_agent_manager' build argument 'cmake_force_configure' from command line to 'False'
[0.530s] Level 5:colcon.colcon_core.verb:set package 'hunav_agent_manager' build argument 'ament_cmake_args' from command line to 'None'
[0.530s] Level 5:colcon.colcon_core.verb:set package 'hunav_agent_manager' build argument 'catkin_cmake_args' from command line to 'None'
[0.530s] Level 5:colcon.colcon_core.verb:set package 'hunav_agent_manager' build argument 'catkin_skip_building_tests' from command line to 'False'
[0.530s] DEBUG:colcon.colcon_core.verb:Building package 'hunav_agent_manager' with the following arguments: {'ament_cmake_args': None, 'build_base': '/home/ambroise/hunav_ws/build/hunav_agent_manager', 'catkin_cmake_args': None, 'catkin_skip_building_tests': False, 'cmake_args': None, 'cmake_clean_cache': False, 'cmake_clean_first': False, 'cmake_force_configure': False, 'cmake_target': None, 'cmake_target_skip_unavailable': False, 'install_base': '/home/ambroise/hunav_ws/install/hunav_agent_manager', 'merge_install': False, 'path': '/home/ambroise/hunav_ws/src/hunav_sim/hunav_agent_manager', 'symlink_install': True, 'test_result_base': None}
[0.530s] Level 5:colcon.colcon_core.verb:set package 'hunav_evaluator' build argument 'cmake_args' from command line to 'None'
[0.530s] Level 5:colcon.colcon_core.verb:set package 'hunav_evaluator' build argument 'cmake_target' from command line to 'None'
[0.530s] Level 5:colcon.colcon_core.verb:set package 'hunav_evaluator' build argument 'cmake_target_skip_unavailable' from command line to 'False'
[0.530s] Level 5:colcon.colcon_core.verb:set package 'hunav_evaluator' build argument 'cmake_clean_cache' from command line to 'False'
[0.530s] Level 5:colcon.colcon_core.verb:set package 'hunav_evaluator' build argument 'cmake_clean_first' from command line to 'False'
[0.530s] Level 5:colcon.colcon_core.verb:set package 'hunav_evaluator' build argument 'cmake_force_configure' from command line to 'False'
[0.530s] Level 5:colcon.colcon_core.verb:set package 'hunav_evaluator' build argument 'ament_cmake_args' from command line to 'None'
[0.530s] Level 5:colcon.colcon_core.verb:set package 'hunav_evaluator' build argument 'catkin_cmake_args' from command line to 'None'
[0.530s] Level 5:colcon.colcon_core.verb:set package 'hunav_evaluator' build argument 'catkin_skip_building_tests' from command line to 'False'
[0.530s] DEBUG:colcon.colcon_core.verb:Building package 'hunav_evaluator' with the following arguments: {'ament_cmake_args': None, 'build_base': '/home/ambroise/hunav_ws/build/hunav_evaluator', 'catkin_cmake_args': None, 'catkin_skip_building_tests': False, 'cmake_args': None, 'cmake_clean_cache': False, 'cmake_clean_first': False, 'cmake_force_configure': False, 'cmake_target': None, 'cmake_target_skip_unavailable': False, 'install_base': '/home/ambroise/hunav_ws/install/hunav_evaluator', 'merge_install': False, 'path': '/home/ambroise/hunav_ws/src/hunav_sim/hunav_evaluator', 'symlink_install': True, 'test_result_base': None}
[0.530s] Level 5:colcon.colcon_core.verb:set package 'hunav_gazebo_wrapper' build argument 'cmake_args' from command line to 'None'
[0.531s] Level 5:colcon.colcon_core.verb:set package 'hunav_gazebo_wrapper' build argument 'cmake_target' from command line to 'None'
[0.531s] Level 5:colcon.colcon_core.verb:set package 'hunav_gazebo_wrapper' build argument 'cmake_target_skip_unavailable' from command line to 'False'
[0.531s] Level 5:colcon.colcon_core.verb:set package 'hunav_gazebo_wrapper' build argument 'cmake_clean_cache' from command line to 'False'
[0.531s] Level 5:colcon.colcon_core.verb:set package 'hunav_gazebo_wrapper' build argument 'cmake_clean_first' from command line to 'False'
[0.531s] Level 5:colcon.colcon_core.verb:set package 'hunav_gazebo_wrapper' build argument 'cmake_force_configure' from command line to 'False'
[0.531s] Level 5:colcon.colcon_core.verb:set package 'hunav_gazebo_wrapper' build argument 'ament_cmake_args' from command line to 'None'
[0.531s] Level 5:colcon.colcon_core.verb:set package 'hunav_gazebo_wrapper' build argument 'catkin_cmake_args' from command line to 'None'
[0.531s] Level 5:colcon.colcon_core.verb:set package 'hunav_gazebo_wrapper' build argument 'catkin_skip_building_tests' from command line to 'False'
[0.531s] DEBUG:colcon.colcon_core.verb:Building package 'hunav_gazebo_wrapper' with the following arguments: {'ament_cmake_args': None, 'build_base': '/home/ambroise/hunav_ws/build/hunav_gazebo_wrapper', 'catkin_cmake_args': None, 'catkin_skip_building_tests': False, 'cmake_args': None, 'cmake_clean_cache': False, 'cmake_clean_first': False, 'cmake_force_configure': False, 'cmake_target': None, 'cmake_target_skip_unavailable': False, 'install_base': '/home/ambroise/hunav_ws/install/hunav_gazebo_wrapper', 'merge_install': False, 'path': '/home/ambroise/hunav_ws/src/hunav_gazebo_wrapper', 'symlink_install': True, 'test_result_base': None}
[0.531s] Level 5:colcon.colcon_core.verb:set package 'hunav_rviz2_panel' build argument 'cmake_args' from command line to 'None'
[0.531s] Level 5:colcon.colcon_core.verb:set package 'hunav_rviz2_panel' build argument 'cmake_target' from command line to 'None'
[0.531s] Level 5:colcon.colcon_core.verb:set package 'hunav_rviz2_panel' build argument 'cmake_target_skip_unavailable' from command line to 'False'
[0.531s] Level 5:colcon.colcon_core.verb:set package 'hunav_rviz2_panel' build argument 'cmake_clean_cache' from command line to 'False'
[0.531s] Level 5:colcon.colcon_core.verb:set package 'hunav_rviz2_panel' build argument 'cmake_clean_first' from command line to 'False'
[0.531s] Level 5:colcon.colcon_core.verb:set package 'hunav_rviz2_panel' build argument 'cmake_force_configure' from command line to 'False'
[0.531s] Level 5:colcon.colcon_core.verb:set package 'hunav_rviz2_panel' build argument 'ament_cmake_args' from command line to 'None'
[0.531s] Level 5:colcon.colcon_core.verb:set package 'hunav_rviz2_panel' build argument 'catkin_cmake_args' from command line to 'None'
[0.531s] Level 5:colcon.colcon_core.verb:set package 'hunav_rviz2_panel' build argument 'catkin_skip_building_tests' from command line to 'False'
[0.531s] DEBUG:colcon.colcon_core.verb:Building package 'hunav_rviz2_panel' with the following arguments: {'ament_cmake_args': None, 'build_base': '/home/ambroise/hunav_ws/build/hunav_rviz2_panel', 'catkin_cmake_args': None, 'catkin_skip_building_tests': False, 'cmake_args': None, 'cmake_clean_cache': False, 'cmake_clean_first': False, 'cmake_force_configure': False, 'cmake_target': None, 'cmake_target_skip_unavailable': False, 'install_base': '/home/ambroise/hunav_ws/install/hunav_rviz2_panel', 'merge_install': False, 'path': '/home/ambroise/hunav_ws/src/hunav_sim/hunav_rviz2_panel', 'symlink_install': True, 'test_result_base': None}
[0.531s] Level 5:colcon.colcon_core.verb:set package 'nav2_social_costmap_plugin' build argument 'cmake_args' from command line to 'None'
[0.532s] Level 5:colcon.colcon_core.verb:set package 'nav2_social_costmap_plugin' build argument 'cmake_target' from command line to 'None'
[0.532s] Level 5:colcon.colcon_core.verb:set package 'nav2_social_costmap_plugin' build argument 'cmake_target_skip_unavailable' from command line to 'False'
[0.532s] Level 5:colcon.colcon_core.verb:set package 'nav2_social_costmap_plugin' build argument 'cmake_clean_cache' from command line to 'False'
[0.532s] Level 5:colcon.colcon_core.verb:set package 'nav2_social_costmap_plugin' build argument 'cmake_clean_first' from command line to 'False'
[0.532s] Level 5:colcon.colcon_core.verb:set package 'nav2_social_costmap_plugin' build argument 'cmake_force_configure' from command line to 'False'
[0.532s] Level 5:colcon.colcon_core.verb:set package 'nav2_social_costmap_plugin' build argument 'ament_cmake_args' from command line to 'None'
[0.532s] Level 5:colcon.colcon_core.verb:set package 'nav2_social_costmap_plugin' build argument 'catkin_cmake_args' from command line to 'None'
[0.532s] Level 5:colcon.colcon_core.verb:set package 'nav2_social_costmap_plugin' build argument 'catkin_skip_building_tests' from command line to 'False'
[0.532s] DEBUG:colcon.colcon_core.verb:Building package 'nav2_social_costmap_plugin' with the following arguments: {'ament_cmake_args': None, 'build_base': '/home/ambroise/hunav_ws/build/nav2_social_costmap_plugin', 'catkin_cmake_args': None, 'catkin_skip_building_tests': False, 'cmake_args': None, 'cmake_clean_cache': False, 'cmake_clean_first': False, 'cmake_force_configure': False, 'cmake_target': None, 'cmake_target_skip_unavailable': False, 'install_base': '/home/ambroise/hunav_ws/install/nav2_social_costmap_plugin', 'merge_install': False, 'path': '/home/ambroise/hunav_ws/src/nav2_social_costmap_plugin', 'symlink_install': True, 'test_result_base': None}
[0.532s] Level 5:colcon.colcon_core.verb:set package 'hunav_behavior_tree_generator' build argument 'cmake_args' from command line to 'None'
[0.532s] Level 5:colcon.colcon_core.verb:set package 'hunav_behavior_tree_generator' build argument 'cmake_target' from command line to 'None'
[0.532s] Level 5:colcon.colcon_core.verb:set package 'hunav_behavior_tree_generator' build argument 'cmake_target_skip_unavailable' from command line to 'False'
[0.532s] Level 5:colcon.colcon_core.verb:set package 'hunav_behavior_tree_generator' build argument 'cmake_clean_cache' from command line to 'False'
[0.532s] Level 5:colcon.colcon_core.verb:set package 'hunav_behavior_tree_generator' build argument 'cmake_clean_first' from command line to 'False'
[0.532s] Level 5:colcon.colcon_core.verb:set package 'hunav_behavior_tree_generator' build argument 'cmake_force_configure' from command line to 'False'
[0.532s] Level 5:colcon.colcon_core.verb:set package 'hunav_behavior_tree_generator' build argument 'ament_cmake_args' from command line to 'None'
[0.532s] Level 5:colcon.colcon_core.verb:set package 'hunav_behavior_tree_generator' build argument 'catkin_cmake_args' from command line to 'None'
[0.532s] Level 5:colcon.colcon_core.verb:set package 'hunav_behavior_tree_generator' build argument 'catkin_skip_building_tests' from command line to 'False'
[0.532s] DEBUG:colcon.colcon_core.verb:Building package 'hunav_behavior_tree_generator' with the following arguments: {'ament_cmake_args': None, 'build_base': '/home/ambroise/hunav_ws/build/hunav_behavior_tree_generator', 'catkin_cmake_args': None, 'catkin_skip_building_tests': False, 'cmake_args': None, 'cmake_clean_cache': False, 'cmake_clean_first': False, 'cmake_force_configure': False, 'cmake_target': None, 'cmake_target_skip_unavailable': False, 'install_base': '/home/ambroise/hunav_ws/install/hunav_behavior_tree_generator', 'merge_install': False, 'path': '/home/ambroise/hunav_ws/src/hunav_sim/hunav_behavior_tree_generator', 'symlink_install': True, 'test_result_base': None}
[0.532s] Level 5:colcon.colcon_core.verb:set package 'hunav_sim' build argument 'cmake_args' from command line to 'None'
[0.532s] Level 5:colcon.colcon_core.verb:set package 'hunav_sim' build argument 'cmake_target' from command line to 'None'
[0.532s] Level 5:colcon.colcon_core.verb:set package 'hunav_sim' build argument 'cmake_target_skip_unavailable' from command line to 'False'
[0.532s] Level 5:colcon.colcon_core.verb:set package 'hunav_sim' build argument 'cmake_clean_cache' from command line to 'False'
[0.532s] Level 5:colcon.colcon_core.verb:set package 'hunav_sim' build argument 'cmake_clean_first' from command line to 'False'
[0.533s] Level 5:colcon.colcon_core.verb:set package 'hunav_sim' build argument 'cmake_force_configure' from command line to 'False'
[0.533s] Level 5:colcon.colcon_core.verb:set package 'hunav_sim' build argument 'ament_cmake_args' from command line to 'None'
[0.533s] Level 5:colcon.colcon_core.verb:set package 'hunav_sim' build argument 'catkin_cmake_args' from command line to 'None'
[0.533s] Level 5:colcon.colcon_core.verb:set package 'hunav_sim' build argument 'catkin_skip_building_tests' from command line to 'False'
[0.533s] DEBUG:colcon.colcon_core.verb:Building package 'hunav_sim' with the following arguments: {'ament_cmake_args': None, 'build_base': '/home/ambroise/hunav_ws/build/hunav_sim', 'catkin_cmake_args': None, 'catkin_skip_building_tests': False, 'cmake_args': None, 'cmake_clean_cache': False, 'cmake_clean_first': False, 'cmake_force_configure': False, 'cmake_target': None, 'cmake_target_skip_unavailable': False, 'install_base': '/home/ambroise/hunav_ws/install/hunav_sim', 'merge_install': False, 'path': '/home/ambroise/hunav_ws/src/hunav_sim/hunav_sim', 'symlink_install': True, 'test_result_base': None}
[0.533s] INFO:colcon.colcon_core.executor:Executing jobs using 'parallel' executor
[0.535s] DEBUG:colcon.colcon_parallel_executor.executor.parallel:run_until_complete
[0.535s] INFO:colcon.colcon_ros.task.ament_cmake.build:Building ROS package in '/home/ambroise/hunav_ws/src/hunav_sim/hunav_msgs' with build type 'ament_cmake'
[0.535s] INFO:colcon.colcon_cmake.task.cmake.build:Building CMake package in '/home/ambroise/hunav_ws/src/hunav_sim/hunav_msgs'
[0.540s] INFO:colcon.colcon_core.plugin_system:Skipping extension 'colcon_core.shell.bat': Not used on non-Windows systems
[0.540s] INFO:colcon.colcon_core.shell:Skip shell extension 'powershell' for command environment: Not usable outside of PowerShell
[0.540s] DEBUG:colcon.colcon_core.shell:Skip shell extension 'dsv' for command environment
[0.545s] INFO:colcon.colcon_ros.task.ament_cmake.build:Building ROS package in '/home/ambroise/hunav_ws/src/people/people_msgs' with build type 'ament_cmake'
[0.545s] INFO:colcon.colcon_cmake.task.cmake.build:Building CMake package in '/home/ambroise/hunav_ws/src/people/people_msgs'
[0.545s] INFO:colcon.colcon_core.shell:Skip shell extension 'powershell' for command environment: Not usable outside of PowerShell
[0.545s] DEBUG:colcon.colcon_core.shell:Skip shell extension 'dsv' for command environment
[0.553s] DEBUG:colcon.colcon_core.event_handler.log_command:Invoking command in '/home/ambroise/hunav_ws/build/hunav_msgs': CMAKE_PREFIX_PATH=${CMAKE_PREFIX_PATH}:/home/ambroise/hunav_ws/install/hunav_behavior_tree_generator:/home/ambroise/hunav_ws/install/hunav_evaluator:/opt/ros/humble /usr/bin/cmake --build /home/ambroise/hunav_ws/build/hunav_msgs -- -j16 -l16
[0.558s] DEBUG:colcon.colcon_core.event_handler.log_command:Invoking command in '/home/ambroise/hunav_ws/build/people_msgs': CMAKE_PREFIX_PATH=${CMAKE_PREFIX_PATH}:/home/ambroise/hunav_ws/install/hunav_behavior_tree_generator:/home/ambroise/hunav_ws/install/hunav_evaluator:/opt/ros/humble /usr/bin/cmake --build /home/ambroise/hunav_ws/build/people_msgs -- -j16 -l16
[0.950s] DEBUG:colcon.colcon_core.event_handler.log_command:Invoked command in '/home/ambroise/hunav_ws/build/people_msgs' returned '0': CMAKE_PREFIX_PATH=${CMAKE_PREFIX_PATH}:/home/ambroise/hunav_ws/install/hunav_behavior_tree_generator:/home/ambroise/hunav_ws/install/hunav_evaluator:/opt/ros/humble /usr/bin/cmake --build /home/ambroise/hunav_ws/build/people_msgs -- -j16 -l16
[0.961s] DEBUG:colcon.colcon_core.event_handler.log_command:Invoking command in '/home/ambroise/hunav_ws/build/people_msgs': CMAKE_PREFIX_PATH=${CMAKE_PREFIX_PATH}:/home/ambroise/hunav_ws/install/hunav_behavior_tree_generator:/home/ambroise/hunav_ws/install/hunav_evaluator:/opt/ros/humble /usr/bin/cmake --install /home/ambroise/hunav_ws/build/people_msgs
[0.961s] DEBUG:colcon.colcon_core.event_handler.log_command:Invoked command in '/home/ambroise/hunav_ws/build/hunav_msgs' returned '0': CMAKE_PREFIX_PATH=${CMAKE_PREFIX_PATH}:/home/ambroise/hunav_ws/install/hunav_behavior_tree_generator:/home/ambroise/hunav_ws/install/hunav_evaluator:/opt/ros/humble /usr/bin/cmake --build /home/ambroise/hunav_ws/build/hunav_msgs -- -j16 -l16
[0.963s] DEBUG:colcon.colcon_core.event_handler.log_command:Invoking command in '/home/ambroise/hunav_ws/build/hunav_msgs': CMAKE_PREFIX_PATH=${CMAKE_PREFIX_PATH}:/home/ambroise/hunav_ws/install/hunav_behavior_tree_generator:/home/ambroise/hunav_ws/install/hunav_evaluator:/opt/ros/humble /usr/bin/cmake --install /home/ambroise/hunav_ws/build/hunav_msgs
[1.034s] Level 1:colcon.colcon_core.environment:create_environment_scripts_only(people_msgs)
[1.034s] DEBUG:colcon.colcon_core.event_handler.log_command:Invoked command in '/home/ambroise/hunav_ws/build/people_msgs' returned '0': CMAKE_PREFIX_PATH=${CMAKE_PREFIX_PATH}:/home/ambroise/hunav_ws/install/hunav_behavior_tree_generator:/home/ambroise/hunav_ws/install/hunav_evaluator:/opt/ros/humble /usr/bin/cmake --install /home/ambroise/hunav_ws/build/people_msgs
[1.040s] Level 1:colcon.colcon_core.environment:checking '/home/ambroise/hunav_ws/install/people_msgs' for CMake module files
[1.041s] Level 1:colcon.colcon_core.environment:checking '/home/ambroise/hunav_ws/install/people_msgs' for CMake config files
[1.042s] Level 1:colcon.colcon_core.shell:create_environment_hook('people_msgs', 'cmake_prefix_path')
[1.042s] INFO:colcon.colcon_core.shell:Creating environment hook '/home/ambroise/hunav_ws/install/people_msgs/share/people_msgs/hook/cmake_prefix_path.ps1'
[1.044s] INFO:colcon.colcon_core.shell:Creating environment descriptor '/home/ambroise/hunav_ws/install/people_msgs/share/people_msgs/hook/cmake_prefix_path.dsv'
[1.044s] INFO:colcon.colcon_core.shell:Creating environment hook '/home/ambroise/hunav_ws/install/people_msgs/share/people_msgs/hook/cmake_prefix_path.sh'
[1.045s] Level 1:colcon.colcon_core.environment:checking '/home/ambroise/hunav_ws/install/people_msgs/lib'
[1.045s] Level 1:colcon.colcon_core.shell:create_environment_hook('people_msgs', 'ld_library_path_lib')
[1.045s] INFO:colcon.colcon_core.shell:Creating environment hook '/home/ambroise/hunav_ws/install/people_msgs/share/people_msgs/hook/ld_library_path_lib.ps1'
[1.046s] INFO:colcon.colcon_core.shell:Creating environment descriptor '/home/ambroise/hunav_ws/install/people_msgs/share/people_msgs/hook/ld_library_path_lib.dsv'
[1.046s] INFO:colcon.colcon_core.shell:Creating environment hook '/home/ambroise/hunav_ws/install/people_msgs/share/people_msgs/hook/ld_library_path_lib.sh'
[1.046s] Level 1:colcon.colcon_core.environment:checking '/home/ambroise/hunav_ws/install/people_msgs/bin'
[1.046s] Level 1:colcon.colcon_core.environment:checking '/home/ambroise/hunav_ws/install/people_msgs/lib/pkgconfig/people_msgs.pc'
[1.046s] Level 1:colcon.colcon_core.environment:checking '/home/ambroise/hunav_ws/install/people_msgs/lib/python3.10/site-packages'
[1.047s] Level 1:colcon.colcon_core.environment:checking '/home/ambroise/hunav_ws/install/people_msgs/bin'
[1.047s] INFO:colcon.colcon_core.shell:Creating package script '/home/ambroise/hunav_ws/install/people_msgs/share/people_msgs/package.ps1'
[1.048s] INFO:colcon.colcon_core.shell:Creating package descriptor '/home/ambroise/hunav_ws/install/people_msgs/share/people_msgs/package.dsv'
[1.049s] INFO:colcon.colcon_core.shell:Creating package script '/home/ambroise/hunav_ws/install/people_msgs/share/people_msgs/package.sh'
[1.049s] INFO:colcon.colcon_core.shell:Creating package script '/home/ambroise/hunav_ws/install/people_msgs/share/people_msgs/package.bash'
[1.050s] INFO:colcon.colcon_core.shell:Creating package script '/home/ambroise/hunav_ws/install/people_msgs/share/people_msgs/package.zsh'
[1.050s] Level 1:colcon.colcon_core.environment:create_file_with_runtime_dependencies(/home/ambroise/hunav_ws/install/people_msgs/share/colcon-core/packages/people_msgs)
[1.051s] Level 1:colcon.colcon_core.environment:create_environment_scripts_only(people_msgs)
[1.051s] Level 1:colcon.colcon_core.environment:checking '/home/ambroise/hunav_ws/install/people_msgs' for CMake module files
[1.051s] Level 1:colcon.colcon_core.environment:checking '/home/ambroise/hunav_ws/install/people_msgs' for CMake config files
[1.052s] Level 1:colcon.colcon_core.shell:create_environment_hook('people_msgs', 'cmake_prefix_path')
[1.052s] INFO:colcon.colcon_core.shell:Creating environment hook '/home/ambroise/hunav_ws/install/people_msgs/share/people_msgs/hook/cmake_prefix_path.ps1'
[1.052s] INFO:colcon.colcon_core.shell:Creating environment descriptor '/home/ambroise/hunav_ws/install/people_msgs/share/people_msgs/hook/cmake_prefix_path.dsv'
[1.052s] INFO:colcon.colcon_core.shell:Creating environment hook '/home/ambroise/hunav_ws/install/people_msgs/share/people_msgs/hook/cmake_prefix_path.sh'
[1.053s] Level 1:colcon.colcon_core.environment:checking '/home/ambroise/hunav_ws/install/people_msgs/lib'
[1.053s] Level 1:colcon.colcon_core.shell:create_environment_hook('people_msgs', 'ld_library_path_lib')
[1.053s] INFO:colcon.colcon_core.shell:Creating environment hook '/home/ambroise/hunav_ws/install/people_msgs/share/people_msgs/hook/ld_library_path_lib.ps1'
[1.053s] INFO:colcon.colcon_core.shell:Creating environment descriptor '/home/ambroise/hunav_ws/install/people_msgs/share/people_msgs/hook/ld_library_path_lib.dsv'
[1.053s] INFO:colcon.colcon_core.shell:Creating environment hook '/home/ambroise/hunav_ws/install/people_msgs/share/people_msgs/hook/ld_library_path_lib.sh'
[1.054s] Level 1:colcon.colcon_core.environment:checking '/home/ambroise/hunav_ws/install/people_msgs/bin'
[1.054s] Level 1:colcon.colcon_core.environment:checking '/home/ambroise/hunav_ws/install/people_msgs/lib/pkgconfig/people_msgs.pc'
[1.054s] Level 1:colcon.colcon_core.environment:checking '/home/ambroise/hunav_ws/install/people_msgs/lib/python3.10/site-packages'
[1.054s] Level 1:colcon.colcon_core.environment:checking '/home/ambroise/hunav_ws/install/people_msgs/bin'
[1.054s] INFO:colcon.colcon_core.shell:Creating package script '/home/ambroise/hunav_ws/install/people_msgs/share/people_msgs/package.ps1'
[1.055s] INFO:colcon.colcon_core.shell:Creating package descriptor '/home/ambroise/hunav_ws/install/people_msgs/share/people_msgs/package.dsv'
[1.055s] INFO:colcon.colcon_core.shell:Creating package script '/home/ambroise/hunav_ws/install/people_msgs/share/people_msgs/package.sh'
[1.056s] INFO:colcon.colcon_core.shell:Creating package script '/home/ambroise/hunav_ws/install/people_msgs/share/people_msgs/package.bash'
[1.056s] INFO:colcon.colcon_core.shell:Creating package script '/home/ambroise/hunav_ws/install/people_msgs/share/people_msgs/package.zsh'
[1.056s] Level 1:colcon.colcon_core.environment:create_file_with_runtime_dependencies(/home/ambroise/hunav_ws/install/people_msgs/share/colcon-core/packages/people_msgs)
[1.056s] INFO:colcon.colcon_ros.task.ament_cmake.build:Building ROS package in '/home/ambroise/hunav_ws/src/nav2_social_costmap_plugin' with build type 'ament_cmake'
[1.056s] INFO:colcon.colcon_cmake.task.cmake.build:Building CMake package in '/home/ambroise/hunav_ws/src/nav2_social_costmap_plugin'
[1.057s] INFO:colcon.colcon_core.shell:Skip shell extension 'powershell' for command environment: Not usable outside of PowerShell
[1.057s] DEBUG:colcon.colcon_core.shell:Skip shell extension 'dsv' for command environment
[1.061s] Level 1:colcon.colcon_core.environment:create_environment_scripts_only(hunav_msgs)
[1.061s] Level 1:colcon.colcon_core.environment:checking '/home/ambroise/hunav_ws/install/hunav_msgs' for CMake module files
[1.061s] DEBUG:colcon.colcon_core.event_handler.log_command:Invoked command in '/home/ambroise/hunav_ws/build/hunav_msgs' returned '0': CMAKE_PREFIX_PATH=${CMAKE_PREFIX_PATH}:/home/ambroise/hunav_ws/install/hunav_behavior_tree_generator:/home/ambroise/hunav_ws/install/hunav_evaluator:/opt/ros/humble /usr/bin/cmake --install /home/ambroise/hunav_ws/build/hunav_msgs
[1.062s] Level 1:colcon.colcon_core.environment:checking '/home/ambroise/hunav_ws/install/hunav_msgs' for CMake config files
[1.062s] Level 1:colcon.colcon_core.shell:create_environment_hook('hunav_msgs', 'cmake_prefix_path')
[1.063s] INFO:colcon.colcon_core.shell:Creating environment hook '/home/ambroise/hunav_ws/install/hunav_msgs/share/hunav_msgs/hook/cmake_prefix_path.ps1'
[1.063s] INFO:colcon.colcon_core.shell:Creating environment descriptor '/home/ambroise/hunav_ws/install/hunav_msgs/share/hunav_msgs/hook/cmake_prefix_path.dsv'
[1.064s] INFO:colcon.colcon_core.shell:Creating environment hook '/home/ambroise/hunav_ws/install/hunav_msgs/share/hunav_msgs/hook/cmake_prefix_path.sh'
[1.064s] Level 1:colcon.colcon_core.environment:checking '/home/ambroise/hunav_ws/install/hunav_msgs/lib'
[1.064s] Level 1:colcon.colcon_core.shell:create_environment_hook('hunav_msgs', 'ld_library_path_lib')
[1.064s] INFO:colcon.colcon_core.shell:Creating environment hook '/home/ambroise/hunav_ws/install/hunav_msgs/share/hunav_msgs/hook/ld_library_path_lib.ps1'
[1.065s] INFO:colcon.colcon_core.shell:Creating environment descriptor '/home/ambroise/hunav_ws/install/hunav_msgs/share/hunav_msgs/hook/ld_library_path_lib.dsv'
[1.065s] INFO:colcon.colcon_core.shell:Creating environment hook '/home/ambroise/hunav_ws/install/hunav_msgs/share/hunav_msgs/hook/ld_library_path_lib.sh'
[1.065s] Level 1:colcon.colcon_core.environment:checking '/home/ambroise/hunav_ws/install/hunav_msgs/bin'
[1.065s] Level 1:colcon.colcon_core.environment:checking '/home/ambroise/hunav_ws/install/hunav_msgs/lib/pkgconfig/hunav_msgs.pc'
[1.066s] Level 1:colcon.colcon_core.environment:checking '/home/ambroise/hunav_ws/install/hunav_msgs/lib/python3.10/site-packages'
[1.066s] Level 1:colcon.colcon_core.environment:checking '/home/ambroise/hunav_ws/install/hunav_msgs/bin'
[1.066s] INFO:colcon.colcon_core.shell:Creating package script '/home/ambroise/hunav_ws/install/hunav_msgs/share/hunav_msgs/package.ps1'
[1.067s] INFO:colcon.colcon_core.shell:Creating package descriptor '/home/ambroise/hunav_ws/install/hunav_msgs/share/hunav_msgs/package.dsv'
[1.067s] INFO:colcon.colcon_core.shell:Creating package script '/home/ambroise/hunav_ws/install/hunav_msgs/share/hunav_msgs/package.sh'
[1.067s] INFO:colcon.colcon_core.shell:Creating package script '/home/ambroise/hunav_ws/install/hunav_msgs/share/hunav_msgs/package.bash'
[1.068s] INFO:colcon.colcon_core.shell:Creating package script '/home/ambroise/hunav_ws/install/hunav_msgs/share/hunav_msgs/package.zsh'
[1.068s] Level 1:colcon.colcon_core.environment:create_file_with_runtime_dependencies(/home/ambroise/hunav_ws/install/hunav_msgs/share/colcon-core/packages/hunav_msgs)
[1.068s] Level 1:colcon.colcon_core.environment:create_environment_scripts_only(hunav_msgs)
[1.069s] Level 1:colcon.colcon_core.environment:checking '/home/ambroise/hunav_ws/install/hunav_msgs' for CMake module files
[1.069s] Level 1:colcon.colcon_core.environment:checking '/home/ambroise/hunav_ws/install/hunav_msgs' for CMake config files
[1.070s] Level 1:colcon.colcon_core.shell:create_environment_hook('hunav_msgs', 'cmake_prefix_path')
[1.070s] INFO:colcon.colcon_core.shell:Creating environment hook '/home/ambroise/hunav_ws/install/hunav_msgs/share/hunav_msgs/hook/cmake_prefix_path.ps1'
[1.070s] INFO:colcon.colcon_core.shell:Creating environment descriptor '/home/ambroise/hunav_ws/install/hunav_msgs/share/hunav_msgs/hook/cmake_prefix_path.dsv'
[1.070s] INFO:colcon.colcon_core.shell:Creating environment hook '/home/ambroise/hunav_ws/install/hunav_msgs/share/hunav_msgs/hook/cmake_prefix_path.sh'
[1.071s] Level 1:colcon.colcon_core.environment:checking '/home/ambroise/hunav_ws/install/hunav_msgs/lib'
[1.071s] Level 1:colcon.colcon_core.shell:create_environment_hook('hunav_msgs', 'ld_library_path_lib')
[1.071s] INFO:colcon.colcon_core.shell:Creating environment hook '/home/ambroise/hunav_ws/install/hunav_msgs/share/hunav_msgs/hook/ld_library_path_lib.ps1'
[1.071s] INFO:colcon.colcon_core.shell:Creating environment descriptor '/home/ambroise/hunav_ws/install/hunav_msgs/share/hunav_msgs/hook/ld_library_path_lib.dsv'
[1.072s] INFO:colcon.colcon_core.shell:Creating environment hook '/home/ambroise/hunav_ws/install/hunav_msgs/share/hunav_msgs/hook/ld_library_path_lib.sh'
[1.072s] Level 1:colcon.colcon_core.environment:checking '/home/ambroise/hunav_ws/install/hunav_msgs/bin'
[1.072s] Level 1:colcon.colcon_core.environment:checking '/home/ambroise/hunav_ws/install/hunav_msgs/lib/pkgconfig/hunav_msgs.pc'
[1.072s] Level 1:colcon.colcon_core.environment:checking '/home/ambroise/hunav_ws/install/hunav_msgs/lib/python3.10/site-packages'
[1.072s] Level 1:colcon.colcon_core.environment:checking '/home/ambroise/hunav_ws/install/hunav_msgs/bin'
[1.072s] INFO:colcon.colcon_core.shell:Creating package script '/home/ambroise/hunav_ws/install/hunav_msgs/share/hunav_msgs/package.ps1'
[1.073s] INFO:colcon.colcon_core.shell:Creating package descriptor '/home/ambroise/hunav_ws/install/hunav_msgs/share/hunav_msgs/package.dsv'
[1.073s] INFO:colcon.colcon_core.shell:Creating package script '/home/ambroise/hunav_ws/install/hunav_msgs/share/hunav_msgs/package.sh'
[1.073s] INFO:colcon.colcon_core.shell:Creating package script '/home/ambroise/hunav_ws/install/hunav_msgs/share/hunav_msgs/package.bash'
[1.074s] INFO:colcon.colcon_core.shell:Creating package script '/home/ambroise/hunav_ws/install/hunav_msgs/share/hunav_msgs/package.zsh'
[1.074s] Level 1:colcon.colcon_core.environment:create_file_with_runtime_dependencies(/home/ambroise/hunav_ws/install/hunav_msgs/share/colcon-core/packages/hunav_msgs)
[1.075s] INFO:colcon.colcon_ros.task.ament_cmake.build:Building ROS package in '/home/ambroise/hunav_ws/src/hunav_sim/hunav_agent_manager' with build type 'ament_cmake'
[1.075s] INFO:colcon.colcon_cmake.task.cmake.build:Building CMake package in '/home/ambroise/hunav_ws/src/hunav_sim/hunav_agent_manager'
[1.075s] INFO:colcon.colcon_core.shell:Skip shell extension 'powershell' for command environment: Not usable outside of PowerShell
[1.075s] DEBUG:colcon.colcon_core.shell:Skip shell extension 'dsv' for command environment
[1.078s] INFO:colcon.colcon_ros.task.ament_python.build:Building ROS package in '/home/ambroise/hunav_ws/src/hunav_sim/hunav_evaluator' with build type 'ament_python'
[1.078s] Level 1:colcon.colcon_core.shell:create_environment_hook('hunav_evaluator', 'ament_prefix_path')
[1.079s] INFO:colcon.colcon_core.shell:Creating environment hook '/home/ambroise/hunav_ws/install/hunav_evaluator/share/hunav_evaluator/hook/ament_prefix_path.ps1'
[1.079s] INFO:colcon.colcon_core.shell:Creating environment descriptor '/home/ambroise/hunav_ws/install/hunav_evaluator/share/hunav_evaluator/hook/ament_prefix_path.dsv'
[1.079s] INFO:colcon.colcon_core.shell:Creating environment hook '/home/ambroise/hunav_ws/install/hunav_evaluator/share/hunav_evaluator/hook/ament_prefix_path.sh'
[1.079s] INFO:colcon.colcon_core.shell:Skip shell extension 'powershell' for command environment: Not usable outside of PowerShell
[1.080s] DEBUG:colcon.colcon_core.shell:Skip shell extension 'dsv' for command environment
[1.082s] INFO:colcon.colcon_ros.task.ament_cmake.build:Building ROS package in '/home/ambroise/hunav_ws/src/hunav_gazebo_wrapper' with build type 'ament_cmake'
[1.082s] INFO:colcon.colcon_cmake.task.cmake.build:Building CMake package in '/home/ambroise/hunav_ws/src/hunav_gazebo_wrapper'
[1.083s] INFO:colcon.colcon_core.shell:Skip shell extension 'powershell' for command environment: Not usable outside of PowerShell
[1.083s] DEBUG:colcon.colcon_core.shell:Skip shell extension 'dsv' for command environment
[1.085s] INFO:colcon.colcon_ros.task.ament_cmake.build:Building ROS package in '/home/ambroise/hunav_ws/src/hunav_sim/hunav_rviz2_panel' with build type 'ament_cmake'
[1.086s] INFO:colcon.colcon_cmake.task.cmake.build:Building CMake package in '/home/ambroise/hunav_ws/src/hunav_sim/hunav_rviz2_panel'
[1.086s] INFO:colcon.colcon_core.shell:Skip shell extension 'powershell' for command environment: Not usable outside of PowerShell
[1.086s] DEBUG:colcon.colcon_core.shell:Skip shell extension 'dsv' for command environment
[1.092s] DEBUG:colcon.colcon_core.event_handler.log_command:Invoking command in '/home/ambroise/hunav_ws/build/nav2_social_costmap_plugin': CMAKE_PREFIX_PATH=/home/ambroise/hunav_ws/install/people_msgs:/home/ambroise/hunav_ws/install/hunav_sim:/home/ambroise/hunav_ws/install/hunav_agent_manager:/home/ambroise/hunav_ws/install/hunav_rviz2_panel:/home/ambroise/hunav_ws/install/hunav_gazebo_wrapper:/home/ambroise/hunav_ws/install/hunav_msgs:/home/ambroise/hunav_ws/install/hunav_behavior_tree_generator:/home/ambroise/hunav_ws/install/hunav_evaluator:/opt/ros/humble /usr/bin/cmake /home/ambroise/hunav_ws/src/nav2_social_costmap_plugin -DAMENT_CMAKE_SYMLINK_INSTALL=1 -DCMAKE_INSTALL_PREFIX=/home/ambroise/hunav_ws/install/nav2_social_costmap_plugin
[1.094s] DEBUG:colcon.colcon_core.event_handler.log_command:Invoking command in '/home/ambroise/hunav_ws/build/hunav_agent_manager': CMAKE_PREFIX_PATH=/home/ambroise/hunav_ws/install/people_msgs:/home/ambroise/hunav_ws/install/hunav_msgs:/home/ambroise/hunav_ws/install/hunav_sim:/home/ambroise/hunav_ws/install/hunav_agent_manager:/home/ambroise/hunav_ws/install/hunav_rviz2_panel:/home/ambroise/hunav_ws/install/hunav_gazebo_wrapper:/home/ambroise/hunav_ws/install/hunav_behavior_tree_generator:/home/ambroise/hunav_ws/install/hunav_evaluator:/opt/ros/humble LD_LIBRARY_PATH=/home/ambroise/hunav_ws/install/people_msgs/lib:/home/ambroise/hunav_ws/install/hunav_msgs/lib:/home/ambroise/hunav_ws/install/hunav_rviz2_panel/lib:/home/ambroise/hunav_ws/install/hunav_gazebo_wrapper/lib:/usr/lib/x86_64-linux-gnu/gazebo-11/plugins:/opt/ros/humble/opt/rviz_ogre_vendor/lib:/opt/ros/humble/lib/x86_64-linux-gnu:/opt/ros/humble/lib:/usr/lib/x86_64-linux-gnu/gazebo-11/plugins:/home/ambroise/hunav_ws/install/hunav_gazebo_wrapper/lib /usr/bin/cmake --build /home/ambroise/hunav_ws/build/hunav_agent_manager -- -j16 -l16
[1.303s] INFO:colcon.colcon_core.task.python.build:Building Python package in '/home/ambroise/hunav_ws/src/hunav_sim/hunav_evaluator'
[1.303s] INFO:colcon.colcon_core.shell:Skip shell extension 'powershell' for command environment: Not usable outside of PowerShell
[1.303s] DEBUG:colcon.colcon_core.shell:Skip shell extension 'dsv' for command environment
[1.311s] DEBUG:colcon.colcon_core.event_handler.log_command:Invoking command in '/home/ambroise/hunav_ws/build/hunav_gazebo_wrapper': CMAKE_PREFIX_PATH=/home/ambroise/hunav_ws/install/hunav_msgs:/home/ambroise/hunav_ws/install/hunav_sim:/home/ambroise/hunav_ws/install/hunav_agent_manager:/home/ambroise/hunav_ws/install/people_msgs:/home/ambroise/hunav_ws/install/hunav_rviz2_panel:/home/ambroise/hunav_ws/install/hunav_gazebo_wrapper:/home/ambroise/hunav_ws/install/hunav_behavior_tree_generator:/home/ambroise/hunav_ws/install/hunav_evaluator:/opt/ros/humble LD_LIBRARY_PATH=/home/ambroise/hunav_ws/install/hunav_msgs/lib:/home/ambroise/hunav_ws/install/people_msgs/lib:/home/ambroise/hunav_ws/install/hunav_rviz2_panel/lib:/home/ambroise/hunav_ws/install/hunav_gazebo_wrapper/lib:/usr/lib/x86_64-linux-gnu/gazebo-11/plugins:/opt/ros/humble/opt/rviz_ogre_vendor/lib:/opt/ros/humble/lib/x86_64-linux-gnu:/opt/ros/humble/lib:/usr/lib/x86_64-linux-gnu/gazebo-11/plugins:/home/ambroise/hunav_ws/install/hunav_gazebo_wrapper/lib /usr/bin/cmake --build /home/ambroise/hunav_ws/build/hunav_gazebo_wrapper -- -j16 -l16
[1.313s] DEBUG:colcon.colcon_core.event_handler.log_command:Invoking command in '/home/ambroise/hunav_ws/build/hunav_rviz2_panel': CMAKE_PREFIX_PATH=/home/ambroise/hunav_ws/install/hunav_msgs:/home/ambroise/hunav_ws/install/hunav_sim:/home/ambroise/hunav_ws/install/hunav_agent_manager:/home/ambroise/hunav_ws/install/people_msgs:/home/ambroise/hunav_ws/install/hunav_rviz2_panel:/home/ambroise/hunav_ws/install/hunav_gazebo_wrapper:/home/ambroise/hunav_ws/install/hunav_behavior_tree_generator:/home/ambroise/hunav_ws/install/hunav_evaluator:/opt/ros/humble LD_LIBRARY_PATH=/home/ambroise/hunav_ws/install/hunav_msgs/lib:/home/ambroise/hunav_ws/install/people_msgs/lib:/home/ambroise/hunav_ws/install/hunav_rviz2_panel/lib:/home/ambroise/hunav_ws/install/hunav_gazebo_wrapper/lib:/usr/lib/x86_64-linux-gnu/gazebo-11/plugins:/opt/ros/humble/opt/rviz_ogre_vendor/lib:/opt/ros/humble/lib/x86_64-linux-gnu:/opt/ros/humble/lib:/usr/lib/x86_64-linux-gnu/gazebo-11/plugins:/home/ambroise/hunav_ws/install/hunav_gazebo_wrapper/lib /usr/bin/cmake --build /home/ambroise/hunav_ws/build/hunav_rviz2_panel -- -j16 -l16
[1.314s] DEBUG:colcon.colcon_core.event_handler.log_command:Invoked command in '/home/ambroise/hunav_ws/build/hunav_agent_manager' returned '0': CMAKE_PREFIX_PATH=/home/ambroise/hunav_ws/install/people_msgs:/home/ambroise/hunav_ws/install/hunav_msgs:/home/ambroise/hunav_ws/install/hunav_sim:/home/ambroise/hunav_ws/install/hunav_agent_manager:/home/ambroise/hunav_ws/install/hunav_rviz2_panel:/home/ambroise/hunav_ws/install/hunav_gazebo_wrapper:/home/ambroise/hunav_ws/install/hunav_behavior_tree_generator:/home/ambroise/hunav_ws/install/hunav_evaluator:/opt/ros/humble LD_LIBRARY_PATH=/home/ambroise/hunav_ws/install/people_msgs/lib:/home/ambroise/hunav_ws/install/hunav_msgs/lib:/home/ambroise/hunav_ws/install/hunav_rviz2_panel/lib:/home/ambroise/hunav_ws/install/hunav_gazebo_wrapper/lib:/usr/lib/x86_64-linux-gnu/gazebo-11/plugins:/opt/ros/humble/opt/rviz_ogre_vendor/lib:/opt/ros/humble/lib/x86_64-linux-gnu:/opt/ros/humble/lib:/usr/lib/x86_64-linux-gnu/gazebo-11/plugins:/home/ambroise/hunav_ws/install/hunav_gazebo_wrapper/lib /usr/bin/cmake --build /home/ambroise/hunav_ws/build/hunav_agent_manager -- -j16 -l16
[1.315s] DEBUG:colcon.colcon_core.event_handler.log_command:Invoking command in '/home/ambroise/hunav_ws/build/hunav_agent_manager': CMAKE_PREFIX_PATH=/home/ambroise/hunav_ws/install/people_msgs:/home/ambroise/hunav_ws/install/hunav_msgs:/home/ambroise/hunav_ws/install/hunav_sim:/home/ambroise/hunav_ws/install/hunav_agent_manager:/home/ambroise/hunav_ws/install/hunav_rviz2_panel:/home/ambroise/hunav_ws/install/hunav_gazebo_wrapper:/home/ambroise/hunav_ws/install/hunav_behavior_tree_generator:/home/ambroise/hunav_ws/install/hunav_evaluator:/opt/ros/humble LD_LIBRARY_PATH=/home/ambroise/hunav_ws/install/people_msgs/lib:/home/ambroise/hunav_ws/install/hunav_msgs/lib:/home/ambroise/hunav_ws/install/hunav_rviz2_panel/lib:/home/ambroise/hunav_ws/install/hunav_gazebo_wrapper/lib:/usr/lib/x86_64-linux-gnu/gazebo-11/plugins:/opt/ros/humble/opt/rviz_ogre_vendor/lib:/opt/ros/humble/lib/x86_64-linux-gnu:/opt/ros/humble/lib:/usr/lib/x86_64-linux-gnu/gazebo-11/plugins:/home/ambroise/hunav_ws/install/hunav_gazebo_wrapper/lib /usr/bin/cmake --install /home/ambroise/hunav_ws/build/hunav_agent_manager
[1.332s] Level 1:colcon.colcon_core.environment:create_environment_scripts_only(hunav_agent_manager)
[1.333s] Level 1:colcon.colcon_core.environment:checking '/home/ambroise/hunav_ws/install/hunav_agent_manager' for CMake module files
[1.333s] DEBUG:colcon.colcon_core.event_handler.log_command:Invoked command in '/home/ambroise/hunav_ws/build/hunav_agent_manager' returned '0': CMAKE_PREFIX_PATH=/home/ambroise/hunav_ws/install/people_msgs:/home/ambroise/hunav_ws/install/hunav_msgs:/home/ambroise/hunav_ws/install/hunav_sim:/home/ambroise/hunav_ws/install/hunav_agent_manager:/home/ambroise/hunav_ws/install/hunav_rviz2_panel:/home/ambroise/hunav_ws/install/hunav_gazebo_wrapper:/home/ambroise/hunav_ws/install/hunav_behavior_tree_generator:/home/ambroise/hunav_ws/install/hunav_evaluator:/opt/ros/humble LD_LIBRARY_PATH=/home/ambroise/hunav_ws/install/people_msgs/lib:/home/ambroise/hunav_ws/install/hunav_msgs/lib:/home/ambroise/hunav_ws/install/hunav_rviz2_panel/lib:/home/ambroise/hunav_ws/install/hunav_gazebo_wrapper/lib:/usr/lib/x86_64-linux-gnu/gazebo-11/plugins:/opt/ros/humble/opt/rviz_ogre_vendor/lib:/opt/ros/humble/lib/x86_64-linux-gnu:/opt/ros/humble/lib:/usr/lib/x86_64-linux-gnu/gazebo-11/plugins:/home/ambroise/hunav_ws/install/hunav_gazebo_wrapper/lib /usr/bin/cmake --install /home/ambroise/hunav_ws/build/hunav_agent_manager
[1.334s] Level 1:colcon.colcon_core.environment:checking '/home/ambroise/hunav_ws/install/hunav_agent_manager' for CMake config files
[1.334s] Level 1:colcon.colcon_core.shell:create_environment_hook('hunav_agent_manager', 'cmake_prefix_path')
[1.334s] INFO:colcon.colcon_core.shell:Creating environment hook '/home/ambroise/hunav_ws/install/hunav_agent_manager/share/hunav_agent_manager/hook/cmake_prefix_path.ps1'
[1.335s] INFO:colcon.colcon_core.shell:Creating environment descriptor '/home/ambroise/hunav_ws/install/hunav_agent_manager/share/hunav_agent_manager/hook/cmake_prefix_path.dsv'
[1.335s] INFO:colcon.colcon_core.shell:Creating environment hook '/home/ambroise/hunav_ws/install/hunav_agent_manager/share/hunav_agent_manager/hook/cmake_prefix_path.sh'
[1.335s] Level 1:colcon.colcon_core.environment:checking '/home/ambroise/hunav_ws/install/hunav_agent_manager/lib'
[1.335s] Level 1:colcon.colcon_core.environment:checking '/home/ambroise/hunav_ws/install/hunav_agent_manager/bin'
[1.336s] Level 1:colcon.colcon_core.environment:checking '/home/ambroise/hunav_ws/install/hunav_agent_manager/lib/pkgconfig/hunav_agent_manager.pc'
[1.336s] Level 1:colcon.colcon_core.environment:checking '/home/ambroise/hunav_ws/install/hunav_agent_manager/lib/python3.10/site-packages'
[1.336s] Level 1:colcon.colcon_core.environment:checking '/home/ambroise/hunav_ws/install/hunav_agent_manager/bin'
[1.336s] INFO:colcon.colcon_core.shell:Creating package script '/home/ambroise/hunav_ws/install/hunav_agent_manager/share/hunav_agent_manager/package.ps1'
[1.337s] INFO:colcon.colcon_core.shell:Creating package descriptor '/home/ambroise/hunav_ws/install/hunav_agent_manager/share/hunav_agent_manager/package.dsv'
[1.337s] INFO:colcon.colcon_core.shell:Creating package script '/home/ambroise/hunav_ws/install/hunav_agent_manager/share/hunav_agent_manager/package.sh'
[1.337s] INFO:colcon.colcon_core.shell:Creating package script '/home/ambroise/hunav_ws/install/hunav_agent_manager/share/hunav_agent_manager/package.bash'
[1.338s] INFO:colcon.colcon_core.shell:Creating package script '/home/ambroise/hunav_ws/install/hunav_agent_manager/share/hunav_agent_manager/package.zsh'
[1.338s] Level 1:colcon.colcon_core.environment:create_file_with_runtime_dependencies(/home/ambroise/hunav_ws/install/hunav_agent_manager/share/colcon-core/packages/hunav_agent_manager)
[1.338s] Level 1:colcon.colcon_core.environment:create_environment_scripts_only(hunav_agent_manager)
[1.339s] Level 1:colcon.colcon_core.environment:checking '/home/ambroise/hunav_ws/install/hunav_agent_manager' for CMake module files
[1.339s] Level 1:colcon.colcon_core.environment:checking '/home/ambroise/hunav_ws/install/hunav_agent_manager' for CMake config files
[1.339s] Level 1:colcon.colcon_core.shell:create_environment_hook('hunav_agent_manager', 'cmake_prefix_path')
[1.340s] INFO:colcon.colcon_core.shell:Creating environment hook '/home/ambroise/hunav_ws/install/hunav_agent_manager/share/hunav_agent_manager/hook/cmake_prefix_path.ps1'
[1.340s] INFO:colcon.colcon_core.shell:Creating environment descriptor '/home/ambroise/hunav_ws/install/hunav_agent_manager/share/hunav_agent_manager/hook/cmake_prefix_path.dsv'
[1.340s] INFO:colcon.colcon_core.shell:Creating environment hook '/home/ambroise/hunav_ws/install/hunav_agent_manager/share/hunav_agent_manager/hook/cmake_prefix_path.sh'
[1.341s] Level 1:colcon.colcon_core.environment:checking '/home/ambroise/hunav_ws/install/hunav_agent_manager/lib'
[1.341s] Level 1:colcon.colcon_core.environment:checking '/home/ambroise/hunav_ws/install/hunav_agent_manager/bin'
[1.341s] Level 1:colcon.colcon_core.environment:checking '/home/ambroise/hunav_ws/install/hunav_agent_manager/lib/pkgconfig/hunav_agent_manager.pc'
[1.341s] Level 1:colcon.colcon_core.environment:checking '/home/ambroise/hunav_ws/install/hunav_agent_manager/lib/python3.10/site-packages'
[1.341s] Level 1:colcon.colcon_core.environment:checking '/home/ambroise/hunav_ws/install/hunav_agent_manager/bin'
[1.341s] INFO:colcon.colcon_core.shell:Creating package script '/home/ambroise/hunav_ws/install/hunav_agent_manager/share/hunav_agent_manager/package.ps1'
[1.342s] INFO:colcon.colcon_core.shell:Creating package descriptor '/home/ambroise/hunav_ws/install/hunav_agent_manager/share/hunav_agent_manager/package.dsv'
[1.342s] INFO:colcon.colcon_core.shell:Creating package script '/home/ambroise/hunav_ws/install/hunav_agent_manager/share/hunav_agent_manager/package.sh'
[1.343s] INFO:colcon.colcon_core.shell:Creating package script '/home/ambroise/hunav_ws/install/hunav_agent_manager/share/hunav_agent_manager/package.bash'
[1.343s] INFO:colcon.colcon_core.shell:Creating package script '/home/ambroise/hunav_ws/install/hunav_agent_manager/share/hunav_agent_manager/package.zsh'
[1.343s] Level 1:colcon.colcon_core.environment:create_file_with_runtime_dependencies(/home/ambroise/hunav_ws/install/hunav_agent_manager/share/colcon-core/packages/hunav_agent_manager)
[1.437s] DEBUG:colcon.colcon_core.event_handler.log_command:Invoked command in '/home/ambroise/hunav_ws/build/hunav_gazebo_wrapper' returned '0': CMAKE_PREFIX_PATH=/home/ambroise/hunav_ws/install/hunav_msgs:/home/ambroise/hunav_ws/install/hunav_sim:/home/ambroise/hunav_ws/install/hunav_agent_manager:/home/ambroise/hunav_ws/install/people_msgs:/home/ambroise/hunav_ws/install/hunav_rviz2_panel:/home/ambroise/hunav_ws/install/hunav_gazebo_wrapper:/home/ambroise/hunav_ws/install/hunav_behavior_tree_generator:/home/ambroise/hunav_ws/install/hunav_evaluator:/opt/ros/humble LD_LIBRARY_PATH=/home/ambroise/hunav_ws/install/hunav_msgs/lib:/home/ambroise/hunav_ws/install/people_msgs/lib:/home/ambroise/hunav_ws/install/hunav_rviz2_panel/lib:/home/ambroise/hunav_ws/install/hunav_gazebo_wrapper/lib:/usr/lib/x86_64-linux-gnu/gazebo-11/plugins:/opt/ros/humble/opt/rviz_ogre_vendor/lib:/opt/ros/humble/lib/x86_64-linux-gnu:/opt/ros/humble/lib:/usr/lib/x86_64-linux-gnu/gazebo-11/plugins:/home/ambroise/hunav_ws/install/hunav_gazebo_wrapper/lib /usr/bin/cmake --build /home/ambroise/hunav_ws/build/hunav_gazebo_wrapper -- -j16 -l16
[1.439s] DEBUG:colcon.colcon_core.event_handler.log_command:Invoking command in '/home/ambroise/hunav_ws/build/hunav_gazebo_wrapper': CMAKE_PREFIX_PATH=/home/ambroise/hunav_ws/install/hunav_msgs:/home/ambroise/hunav_ws/install/hunav_sim:/home/ambroise/hunav_ws/install/hunav_agent_manager:/home/ambroise/hunav_ws/install/people_msgs:/home/ambroise/hunav_ws/install/hunav_rviz2_panel:/home/ambroise/hunav_ws/install/hunav_gazebo_wrapper:/home/ambroise/hunav_ws/install/hunav_behavior_tree_generator:/home/ambroise/hunav_ws/install/hunav_evaluator:/opt/ros/humble LD_LIBRARY_PATH=/home/ambroise/hunav_ws/install/hunav_msgs/lib:/home/ambroise/hunav_ws/install/people_msgs/lib:/home/ambroise/hunav_ws/install/hunav_rviz2_panel/lib:/home/ambroise/hunav_ws/install/hunav_gazebo_wrapper/lib:/usr/lib/x86_64-linux-gnu/gazebo-11/plugins:/opt/ros/humble/opt/rviz_ogre_vendor/lib:/opt/ros/humble/lib/x86_64-linux-gnu:/opt/ros/humble/lib:/usr/lib/x86_64-linux-gnu/gazebo-11/plugins:/home/ambroise/hunav_ws/install/hunav_gazebo_wrapper/lib /usr/bin/cmake --install /home/ambroise/hunav_ws/build/hunav_gazebo_wrapper
[1.489s] DEBUG:colcon.colcon_core.event_handler.log_command:Invoked command in '/home/ambroise/hunav_ws/build/hunav_rviz2_panel' returned '0': CMAKE_PREFIX_PATH=/home/ambroise/hunav_ws/install/hunav_msgs:/home/ambroise/hunav_ws/install/hunav_sim:/home/ambroise/hunav_ws/install/hunav_agent_manager:/home/ambroise/hunav_ws/install/people_msgs:/home/ambroise/hunav_ws/install/hunav_rviz2_panel:/home/ambroise/hunav_ws/install/hunav_gazebo_wrapper:/home/ambroise/hunav_ws/install/hunav_behavior_tree_generator:/home/ambroise/hunav_ws/install/hunav_evaluator:/opt/ros/humble LD_LIBRARY_PATH=/home/ambroise/hunav_ws/install/hunav_msgs/lib:/home/ambroise/hunav_ws/install/people_msgs/lib:/home/ambroise/hunav_ws/install/hunav_rviz2_panel/lib:/home/ambroise/hunav_ws/install/hunav_gazebo_wrapper/lib:/usr/lib/x86_64-linux-gnu/gazebo-11/plugins:/opt/ros/humble/opt/rviz_ogre_vendor/lib:/opt/ros/humble/lib/x86_64-linux-gnu:/opt/ros/humble/lib:/usr/lib/x86_64-linux-gnu/gazebo-11/plugins:/home/ambroise/hunav_ws/install/hunav_gazebo_wrapper/lib /usr/bin/cmake --build /home/ambroise/hunav_ws/build/hunav_rviz2_panel -- -j16 -l16
[1.492s] DEBUG:colcon.colcon_core.event_handler.log_command:Invoking command in '/home/ambroise/hunav_ws/build/hunav_rviz2_panel': CMAKE_PREFIX_PATH=/home/ambroise/hunav_ws/install/hunav_msgs:/home/ambroise/hunav_ws/install/hunav_sim:/home/ambroise/hunav_ws/install/hunav_agent_manager:/home/ambroise/hunav_ws/install/people_msgs:/home/ambroise/hunav_ws/install/hunav_rviz2_panel:/home/ambroise/hunav_ws/install/hunav_gazebo_wrapper:/home/ambroise/hunav_ws/install/hunav_behavior_tree_generator:/home/ambroise/hunav_ws/install/hunav_evaluator:/opt/ros/humble LD_LIBRARY_PATH=/home/ambroise/hunav_ws/install/hunav_msgs/lib:/home/ambroise/hunav_ws/install/people_msgs/lib:/home/ambroise/hunav_ws/install/hunav_rviz2_panel/lib:/home/ambroise/hunav_ws/install/hunav_gazebo_wrapper/lib:/usr/lib/x86_64-linux-gnu/gazebo-11/plugins:/opt/ros/humble/opt/rviz_ogre_vendor/lib:/opt/ros/humble/lib/x86_64-linux-gnu:/opt/ros/humble/lib:/usr/lib/x86_64-linux-gnu/gazebo-11/plugins:/home/ambroise/hunav_ws/install/hunav_gazebo_wrapper/lib /usr/bin/cmake --install /home/ambroise/hunav_ws/build/hunav_rviz2_panel
[1.526s] Level 1:colcon.colcon_core.environment:create_environment_scripts_only(hunav_rviz2_panel)
[1.527s] Level 1:colcon.colcon_core.environment:checking '/home/ambroise/hunav_ws/install/hunav_rviz2_panel' for CMake module files
[1.528s] DEBUG:colcon.colcon_core.event_handler.log_command:Invoked command in '/home/ambroise/hunav_ws/build/hunav_rviz2_panel' returned '0': CMAKE_PREFIX_PATH=/home/ambroise/hunav_ws/install/hunav_msgs:/home/ambroise/hunav_ws/install/hunav_sim:/home/ambroise/hunav_ws/install/hunav_agent_manager:/home/ambroise/hunav_ws/install/people_msgs:/home/ambroise/hunav_ws/install/hunav_rviz2_panel:/home/ambroise/hunav_ws/install/hunav_gazebo_wrapper:/home/ambroise/hunav_ws/install/hunav_behavior_tree_generator:/home/ambroise/hunav_ws/install/hunav_evaluator:/opt/ros/humble LD_LIBRARY_PATH=/home/ambroise/hunav_ws/install/hunav_msgs/lib:/home/ambroise/hunav_ws/install/people_msgs/lib:/home/ambroise/hunav_ws/install/hunav_rviz2_panel/lib:/home/ambroise/hunav_ws/install/hunav_gazebo_wrapper/lib:/usr/lib/x86_64-linux-gnu/gazebo-11/plugins:/opt/ros/humble/opt/rviz_ogre_vendor/lib:/opt/ros/humble/lib/x86_64-linux-gnu:/opt/ros/humble/lib:/usr/lib/x86_64-linux-gnu/gazebo-11/plugins:/home/ambroise/hunav_ws/install/hunav_gazebo_wrapper/lib /usr/bin/cmake --install /home/ambroise/hunav_ws/build/hunav_rviz2_panel
[1.529s] Level 1:colcon.colcon_core.environment:checking '/home/ambroise/hunav_ws/install/hunav_rviz2_panel' for CMake config files
[1.530s] Level 1:colcon.colcon_core.shell:create_environment_hook('hunav_rviz2_panel', 'cmake_prefix_path')
[1.530s] INFO:colcon.colcon_core.shell:Creating environment hook '/home/ambroise/hunav_ws/install/hunav_rviz2_panel/share/hunav_rviz2_panel/hook/cmake_prefix_path.ps1'
[1.531s] INFO:colcon.colcon_core.shell:Creating environment descriptor '/home/ambroise/hunav_ws/install/hunav_rviz2_panel/share/hunav_rviz2_panel/hook/cmake_prefix_path.dsv'
[1.531s] INFO:colcon.colcon_core.shell:Creating environment hook '/home/ambroise/hunav_ws/install/hunav_rviz2_panel/share/hunav_rviz2_panel/hook/cmake_prefix_path.sh'
[1.531s] Level 1:colcon.colcon_core.environment:checking '/home/ambroise/hunav_ws/install/hunav_rviz2_panel/lib'
[1.531s] Level 1:colcon.colcon_core.shell:create_environment_hook('hunav_rviz2_panel', 'ld_library_path_lib')
[1.532s] INFO:colcon.colcon_core.shell:Creating environment hook '/home/ambroise/hunav_ws/install/hunav_rviz2_panel/share/hunav_rviz2_panel/hook/ld_library_path_lib.ps1'
[1.532s] INFO:colcon.colcon_core.shell:Creating environment descriptor '/home/ambroise/hunav_ws/install/hunav_rviz2_panel/share/hunav_rviz2_panel/hook/ld_library_path_lib.dsv'
[1.532s] INFO:colcon.colcon_core.shell:Creating environment hook '/home/ambroise/hunav_ws/install/hunav_rviz2_panel/share/hunav_rviz2_panel/hook/ld_library_path_lib.sh'
[1.532s] Level 1:colcon.colcon_core.environment:checking '/home/ambroise/hunav_ws/install/hunav_rviz2_panel/bin'
[1.533s] Level 1:colcon.colcon_core.environment:checking '/home/ambroise/hunav_ws/install/hunav_rviz2_panel/lib/pkgconfig/hunav_rviz2_panel.pc'
[1.533s] Level 1:colcon.colcon_core.environment:checking '/home/ambroise/hunav_ws/install/hunav_rviz2_panel/lib/python3.10/site-packages'
[1.533s] Level 1:colcon.colcon_core.environment:checking '/home/ambroise/hunav_ws/install/hunav_rviz2_panel/bin'
[1.533s] INFO:colcon.colcon_core.shell:Creating package script '/home/ambroise/hunav_ws/install/hunav_rviz2_panel/share/hunav_rviz2_panel/package.ps1'
[1.534s] INFO:colcon.colcon_core.shell:Creating package descriptor '/home/ambroise/hunav_ws/install/hunav_rviz2_panel/share/hunav_rviz2_panel/package.dsv'
[1.534s] INFO:colcon.colcon_core.shell:Creating package script '/home/ambroise/hunav_ws/install/hunav_rviz2_panel/share/hunav_rviz2_panel/package.sh'
[1.534s] INFO:colcon.colcon_core.shell:Creating package script '/home/ambroise/hunav_ws/install/hunav_rviz2_panel/share/hunav_rviz2_panel/package.bash'
[1.535s] INFO:colcon.colcon_core.shell:Creating package script '/home/ambroise/hunav_ws/install/hunav_rviz2_panel/share/hunav_rviz2_panel/package.zsh'
[1.535s] Level 1:colcon.colcon_core.environment:create_file_with_runtime_dependencies(/home/ambroise/hunav_ws/install/hunav_rviz2_panel/share/colcon-core/packages/hunav_rviz2_panel)
[1.536s] Level 1:colcon.colcon_core.environment:create_environment_scripts_only(hunav_rviz2_panel)
[1.536s] Level 1:colcon.colcon_core.environment:checking '/home/ambroise/hunav_ws/install/hunav_rviz2_panel' for CMake module files
[1.536s] Level 1:colcon.colcon_core.environment:checking '/home/ambroise/hunav_ws/install/hunav_rviz2_panel' for CMake config files
[1.537s] Level 1:colcon.colcon_core.shell:create_environment_hook('hunav_rviz2_panel', 'cmake_prefix_path')
[1.537s] INFO:colcon.colcon_core.shell:Creating environment hook '/home/ambroise/hunav_ws/install/hunav_rviz2_panel/share/hunav_rviz2_panel/hook/cmake_prefix_path.ps1'
[1.537s] INFO:colcon.colcon_core.shell:Creating environment descriptor '/home/ambroise/hunav_ws/install/hunav_rviz2_panel/share/hunav_rviz2_panel/hook/cmake_prefix_path.dsv'
[1.537s] INFO:colcon.colcon_core.shell:Creating environment hook '/home/ambroise/hunav_ws/install/hunav_rviz2_panel/share/hunav_rviz2_panel/hook/cmake_prefix_path.sh'
[1.538s] Level 1:colcon.colcon_core.environment:checking '/home/ambroise/hunav_ws/install/hunav_rviz2_panel/lib'
[1.538s] Level 1:colcon.colcon_core.shell:create_environment_hook('hunav_rviz2_panel', 'ld_library_path_lib')
[1.538s] INFO:colcon.colcon_core.shell:Creating environment hook '/home/ambroise/hunav_ws/install/hunav_rviz2_panel/share/hunav_rviz2_panel/hook/ld_library_path_lib.ps1'
[1.539s] INFO:colcon.colcon_core.shell:Creating environment descriptor '/home/ambroise/hunav_ws/install/hunav_rviz2_panel/share/hunav_rviz2_panel/hook/ld_library_path_lib.dsv'
[1.539s] INFO:colcon.colcon_core.shell:Creating environment hook '/home/ambroise/hunav_ws/install/hunav_rviz2_panel/share/hunav_rviz2_panel/hook/ld_library_path_lib.sh'
[1.540s] Level 1:colcon.colcon_core.environment:checking '/home/ambroise/hunav_ws/install/hunav_rviz2_panel/bin'
[1.540s] Level 1:colcon.colcon_core.environment:checking '/home/ambroise/hunav_ws/install/hunav_rviz2_panel/lib/pkgconfig/hunav_rviz2_panel.pc'
[1.540s] Level 1:colcon.colcon_core.environment:checking '/home/ambroise/hunav_ws/install/hunav_rviz2_panel/lib/python3.10/site-packages'
[1.540s] Level 1:colcon.colcon_core.environment:checking '/home/ambroise/hunav_ws/install/hunav_rviz2_panel/bin'
[1.540s] INFO:colcon.colcon_core.shell:Creating package script '/home/ambroise/hunav_ws/install/hunav_rviz2_panel/share/hunav_rviz2_panel/package.ps1'
[1.541s] INFO:colcon.colcon_core.shell:Creating package descriptor '/home/ambroise/hunav_ws/install/hunav_rviz2_panel/share/hunav_rviz2_panel/package.dsv'
[1.541s] INFO:colcon.colcon_core.shell:Creating package script '/home/ambroise/hunav_ws/install/hunav_rviz2_panel/share/hunav_rviz2_panel/package.sh'
[1.542s] INFO:colcon.colcon_core.shell:Creating package script '/home/ambroise/hunav_ws/install/hunav_rviz2_panel/share/hunav_rviz2_panel/package.bash'
[1.542s] INFO:colcon.colcon_core.shell:Creating package script '/home/ambroise/hunav_ws/install/hunav_rviz2_panel/share/hunav_rviz2_panel/package.zsh'
[1.542s] Level 1:colcon.colcon_core.environment:create_file_with_runtime_dependencies(/home/ambroise/hunav_ws/install/hunav_rviz2_panel/share/colcon-core/packages/hunav_rviz2_panel)
[1.543s] Level 1:colcon.colcon_core.environment:create_environment_scripts_only(hunav_gazebo_wrapper)
[1.543s] Level 1:colcon.colcon_core.environment:checking '/home/ambroise/hunav_ws/install/hunav_gazebo_wrapper' for CMake module files
[1.544s] DEBUG:colcon.colcon_core.event_handler.log_command:Invoked command in '/home/ambroise/hunav_ws/build/hunav_gazebo_wrapper' returned '0': CMAKE_PREFIX_PATH=/home/ambroise/hunav_ws/install/hunav_msgs:/home/ambroise/hunav_ws/install/hunav_sim:/home/ambroise/hunav_ws/install/hunav_agent_manager:/home/ambroise/hunav_ws/install/people_msgs:/home/ambroise/hunav_ws/install/hunav_rviz2_panel:/home/ambroise/hunav_ws/install/hunav_gazebo_wrapper:/home/ambroise/hunav_ws/install/hunav_behavior_tree_generator:/home/ambroise/hunav_ws/install/hunav_evaluator:/opt/ros/humble LD_LIBRARY_PATH=/home/ambroise/hunav_ws/install/hunav_msgs/lib:/home/ambroise/hunav_ws/install/people_msgs/lib:/home/ambroise/hunav_ws/install/hunav_rviz2_panel/lib:/home/ambroise/hunav_ws/install/hunav_gazebo_wrapper/lib:/usr/lib/x86_64-linux-gnu/gazebo-11/plugins:/opt/ros/humble/opt/rviz_ogre_vendor/lib:/opt/ros/humble/lib/x86_64-linux-gnu:/opt/ros/humble/lib:/usr/lib/x86_64-linux-gnu/gazebo-11/plugins:/home/ambroise/hunav_ws/install/hunav_gazebo_wrapper/lib /usr/bin/cmake --install /home/ambroise/hunav_ws/build/hunav_gazebo_wrapper
[1.544s] Level 1:colcon.colcon_core.environment:checking '/home/ambroise/hunav_ws/install/hunav_gazebo_wrapper' for CMake config files
[1.545s] Level 1:colcon.colcon_core.shell:create_environment_hook('hunav_gazebo_wrapper', 'cmake_prefix_path')
[1.545s] INFO:colcon.colcon_core.shell:Creating environment hook '/home/ambroise/hunav_ws/install/hunav_gazebo_wrapper/share/hunav_gazebo_wrapper/hook/cmake_prefix_path.ps1'
[1.546s] INFO:colcon.colcon_core.shell:Creating environment descriptor '/home/ambroise/hunav_ws/install/hunav_gazebo_wrapper/share/hunav_gazebo_wrapper/hook/cmake_prefix_path.dsv'
[1.546s] INFO:colcon.colcon_core.shell:Creating environment hook '/home/ambroise/hunav_ws/install/hunav_gazebo_wrapper/share/hunav_gazebo_wrapper/hook/cmake_prefix_path.sh'
[1.546s] Level 1:colcon.colcon_core.environment:checking '/home/ambroise/hunav_ws/install/hunav_gazebo_wrapper/lib'
[1.546s] Level 1:colcon.colcon_core.shell:create_environment_hook('hunav_gazebo_wrapper', 'ld_library_path_lib')
[1.547s] INFO:colcon.colcon_core.shell:Creating environment hook '/home/ambroise/hunav_ws/install/hunav_gazebo_wrapper/share/hunav_gazebo_wrapper/hook/ld_library_path_lib.ps1'
[1.547s] INFO:colcon.colcon_core.shell:Creating environment descriptor '/home/ambroise/hunav_ws/install/hunav_gazebo_wrapper/share/hunav_gazebo_wrapper/hook/ld_library_path_lib.dsv'
[1.548s] INFO:colcon.colcon_core.shell:Creating environment hook '/home/ambroise/hunav_ws/install/hunav_gazebo_wrapper/share/hunav_gazebo_wrapper/hook/ld_library_path_lib.sh'
[1.548s] Level 1:colcon.colcon_core.environment:checking '/home/ambroise/hunav_ws/install/hunav_gazebo_wrapper/bin'
[1.548s] Level 1:colcon.colcon_core.environment:checking '/home/ambroise/hunav_ws/install/hunav_gazebo_wrapper/lib/pkgconfig/hunav_gazebo_wrapper.pc'
[1.548s] Level 1:colcon.colcon_core.environment:checking '/home/ambroise/hunav_ws/install/hunav_gazebo_wrapper/lib/python3.10/site-packages'
[1.548s] Level 1:colcon.colcon_core.environment:checking '/home/ambroise/hunav_ws/install/hunav_gazebo_wrapper/bin'
[1.549s] INFO:colcon.colcon_core.shell:Creating package script '/home/ambroise/hunav_ws/install/hunav_gazebo_wrapper/share/hunav_gazebo_wrapper/package.ps1'
[1.549s] INFO:colcon.colcon_core.shell:Creating package descriptor '/home/ambroise/hunav_ws/install/hunav_gazebo_wrapper/share/hunav_gazebo_wrapper/package.dsv'
[1.550s] INFO:colcon.colcon_core.shell:Creating package script '/home/ambroise/hunav_ws/install/hunav_gazebo_wrapper/share/hunav_gazebo_wrapper/package.sh'
[1.550s] INFO:colcon.colcon_core.shell:Creating package script '/home/ambroise/hunav_ws/install/hunav_gazebo_wrapper/share/hunav_gazebo_wrapper/package.bash'
[1.550s] INFO:colcon.colcon_core.shell:Creating package script '/home/ambroise/hunav_ws/install/hunav_gazebo_wrapper/share/hunav_gazebo_wrapper/package.zsh'
[1.550s] Level 1:colcon.colcon_core.environment:create_file_with_runtime_dependencies(/home/ambroise/hunav_ws/install/hunav_gazebo_wrapper/share/colcon-core/packages/hunav_gazebo_wrapper)
[1.551s] Level 1:colcon.colcon_core.environment:create_environment_scripts_only(hunav_gazebo_wrapper)
[1.551s] Level 1:colcon.colcon_core.environment:checking '/home/ambroise/hunav_ws/install/hunav_gazebo_wrapper' for CMake module files
[1.551s] Level 1:colcon.colcon_core.environment:checking '/home/ambroise/hunav_ws/install/hunav_gazebo_wrapper' for CMake config files
[1.552s] Level 1:colcon.colcon_core.shell:create_environment_hook('hunav_gazebo_wrapper', 'cmake_prefix_path')
[1.552s] INFO:colcon.colcon_core.shell:Creating environment hook '/home/ambroise/hunav_ws/install/hunav_gazebo_wrapper/share/hunav_gazebo_wrapper/hook/cmake_prefix_path.ps1'
[1.553s] INFO:colcon.colcon_core.shell:Creating environment descriptor '/home/ambroise/hunav_ws/install/hunav_gazebo_wrapper/share/hunav_gazebo_wrapper/hook/cmake_prefix_path.dsv'
[1.553s] INFO:colcon.colcon_core.shell:Creating environment hook '/home/ambroise/hunav_ws/install/hunav_gazebo_wrapper/share/hunav_gazebo_wrapper/hook/cmake_prefix_path.sh'
[1.553s] Level 1:colcon.colcon_core.environment:checking '/home/ambroise/hunav_ws/install/hunav_gazebo_wrapper/lib'
[1.553s] Level 1:colcon.colcon_core.shell:create_environment_hook('hunav_gazebo_wrapper', 'ld_library_path_lib')
[1.553s] INFO:colcon.colcon_core.shell:Creating environment hook '/home/ambroise/hunav_ws/install/hunav_gazebo_wrapper/share/hunav_gazebo_wrapper/hook/ld_library_path_lib.ps1'
[1.554s] INFO:colcon.colcon_core.shell:Creating environment descriptor '/home/ambroise/hunav_ws/install/hunav_gazebo_wrapper/share/hunav_gazebo_wrapper/hook/ld_library_path_lib.dsv'
[1.554s] INFO:colcon.colcon_core.shell:Creating environment hook '/home/ambroise/hunav_ws/install/hunav_gazebo_wrapper/share/hunav_gazebo_wrapper/hook/ld_library_path_lib.sh'
[1.554s] Level 1:colcon.colcon_core.environment:checking '/home/ambroise/hunav_ws/install/hunav_gazebo_wrapper/bin'
[1.554s] Level 1:colcon.colcon_core.environment:checking '/home/ambroise/hunav_ws/install/hunav_gazebo_wrapper/lib/pkgconfig/hunav_gazebo_wrapper.pc'
[1.554s] Level 1:colcon.colcon_core.environment:checking '/home/ambroise/hunav_ws/install/hunav_gazebo_wrapper/lib/python3.10/site-packages'
[1.555s] Level 1:colcon.colcon_core.environment:checking '/home/ambroise/hunav_ws/install/hunav_gazebo_wrapper/bin'
[1.555s] INFO:colcon.colcon_core.shell:Creating package script '/home/ambroise/hunav_ws/install/hunav_gazebo_wrapper/share/hunav_gazebo_wrapper/package.ps1'
[1.555s] INFO:colcon.colcon_core.shell:Creating package descriptor '/home/ambroise/hunav_ws/install/hunav_gazebo_wrapper/share/hunav_gazebo_wrapper/package.dsv'
[1.556s] INFO:colcon.colcon_core.shell:Creating package script '/home/ambroise/hunav_ws/install/hunav_gazebo_wrapper/share/hunav_gazebo_wrapper/package.sh'
[1.556s] INFO:colcon.colcon_core.shell:Creating package script '/home/ambroise/hunav_ws/install/hunav_gazebo_wrapper/share/hunav_gazebo_wrapper/package.bash'
[1.557s] INFO:colcon.colcon_core.shell:Creating package script '/home/ambroise/hunav_ws/install/hunav_gazebo_wrapper/share/hunav_gazebo_wrapper/package.zsh'
[1.557s] Level 1:colcon.colcon_core.environment:create_file_with_runtime_dependencies(/home/ambroise/hunav_ws/install/hunav_gazebo_wrapper/share/colcon-core/packages/hunav_gazebo_wrapper)
[1.557s] INFO:colcon.colcon_ros.task.ament_python.build:Building ROS package in '/home/ambroise/hunav_ws/src/hunav_sim/hunav_behavior_tree_generator' with build type 'ament_python'
[1.557s] Level 1:colcon.colcon_core.shell:create_environment_hook('hunav_behavior_tree_generator', 'ament_prefix_path')
[1.558s] INFO:colcon.colcon_core.shell:Creating environment hook '/home/ambroise/hunav_ws/install/hunav_behavior_tree_generator/share/hunav_behavior_tree_generator/hook/ament_prefix_path.ps1'
[1.558s] INFO:colcon.colcon_core.shell:Creating environment descriptor '/home/ambroise/hunav_ws/install/hunav_behavior_tree_generator/share/hunav_behavior_tree_generator/hook/ament_prefix_path.dsv'
[1.559s] INFO:colcon.colcon_core.shell:Creating environment hook '/home/ambroise/hunav_ws/install/hunav_behavior_tree_generator/share/hunav_behavior_tree_generator/hook/ament_prefix_path.sh'
[1.559s] INFO:colcon.colcon_core.shell:Skip shell extension 'powershell' for command environment: Not usable outside of PowerShell
[1.559s] DEBUG:colcon.colcon_core.shell:Skip shell extension 'dsv' for command environment
[1.783s] INFO:colcon.colcon_core.task.python.build:Building Python package in '/home/ambroise/hunav_ws/src/hunav_sim/hunav_behavior_tree_generator'
[1.783s] INFO:colcon.colcon_core.shell:Skip shell extension 'powershell' for command environment: Not usable outside of PowerShell
[1.783s] DEBUG:colcon.colcon_core.shell:Skip shell extension 'dsv' for command environment
[1.789s] DEBUG:colcon.colcon_core.event_handler.log_command:Invoking command in '/home/ambroise/hunav_ws/build/hunav_evaluator': CMAKE_PREFIX_PATH=/home/ambroise/hunav_ws/install/hunav_msgs:/home/ambroise/hunav_ws/install/hunav_sim:/home/ambroise/hunav_ws/install/hunav_agent_manager:/home/ambroise/hunav_ws/install/people_msgs:/home/ambroise/hunav_ws/install/hunav_rviz2_panel:/home/ambroise/hunav_ws/install/hunav_gazebo_wrapper LD_LIBRARY_PATH=/home/ambroise/hunav_ws/install/hunav_msgs/lib:/home/ambroise/hunav_ws/install/people_msgs/lib:/home/ambroise/hunav_ws/install/hunav_rviz2_panel/lib:/home/ambroise/hunav_ws/install/hunav_gazebo_wrapper/lib:/usr/lib/x86_64-linux-gnu/gazebo-11/plugins:/opt/ros/humble/opt/rviz_ogre_vendor/lib:/opt/ros/humble/lib/x86_64-linux-gnu:/opt/ros/humble/lib:/usr/lib/x86_64-linux-gnu/gazebo-11/plugins:/home/ambroise/hunav_ws/install/hunav_gazebo_wrapper/lib PYTHONPATH=/home/ambroise/hunav_ws/build/hunav_evaluator/prefix_override:/usr/lib/python3/dist-packages/colcon_core/task/python/colcon_distutils_commands:/home/ambroise/hunav_ws/install/hunav_evaluator/lib/python3.10/site-packages:${PYTHONPATH} /usr/bin/python3 -W ignore:setup.py install is deprecated -W ignore:easy_install command is deprecated setup.py develop --editable --build-directory /home/ambroise/hunav_ws/build/hunav_evaluator/build --no-deps symlink_data
[2.093s] DEBUG:colcon.colcon_core.event_handler.log_command:Invoking command in '/home/ambroise/hunav_ws/build/hunav_behavior_tree_generator': CMAKE_PREFIX_PATH=/home/ambroise/hunav_ws/install/hunav_gazebo_wrapper:/home/ambroise/hunav_ws/install/hunav_msgs:/home/ambroise/hunav_ws/install/hunav_sim:/home/ambroise/hunav_ws/install/hunav_agent_manager:/home/ambroise/hunav_ws/install/people_msgs:/home/ambroise/hunav_ws/install/hunav_rviz2_panel LD_LIBRARY_PATH=/home/ambroise/hunav_ws/install/hunav_gazebo_wrapper/lib:/home/ambroise/hunav_ws/install/hunav_msgs/lib:/home/ambroise/hunav_ws/install/people_msgs/lib:/home/ambroise/hunav_ws/install/hunav_rviz2_panel/lib:/usr/lib/x86_64-linux-gnu/gazebo-11/plugins:/opt/ros/humble/opt/rviz_ogre_vendor/lib:/opt/ros/humble/lib/x86_64-linux-gnu:/opt/ros/humble/lib:/usr/lib/x86_64-linux-gnu/gazebo-11/plugins PYTHONPATH=/home/ambroise/hunav_ws/build/hunav_behavior_tree_generator/prefix_override:/usr/lib/python3/dist-packages/colcon_core/task/python/colcon_distutils_commands:/home/ambroise/hunav_ws/install/hunav_behavior_tree_generator/lib/python3.10/site-packages:${PYTHONPATH} /usr/bin/python3 -W ignore:setup.py install is deprecated -W ignore:easy_install command is deprecated setup.py develop --editable --build-directory /home/ambroise/hunav_ws/build/hunav_behavior_tree_generator/build --no-deps symlink_data
[2.178s] Level 1:colcon.colcon_core.shell:create_environment_hook('hunav_evaluator', 'pythonpath_develop')
[2.178s] INFO:colcon.colcon_core.shell:Creating environment hook '/home/ambroise/hunav_ws/build/hunav_evaluator/share/hunav_evaluator/hook/pythonpath_develop.ps1'
[2.179s] DEBUG:colcon.colcon_core.event_handler.log_command:Invoked command in '/home/ambroise/hunav_ws/build/hunav_evaluator' returned '0': CMAKE_PREFIX_PATH=/home/ambroise/hunav_ws/install/hunav_msgs:/home/ambroise/hunav_ws/install/hunav_sim:/home/ambroise/hunav_ws/install/hunav_agent_manager:/home/ambroise/hunav_ws/install/people_msgs:/home/ambroise/hunav_ws/install/hunav_rviz2_panel:/home/ambroise/hunav_ws/install/hunav_gazebo_wrapper LD_LIBRARY_PATH=/home/ambroise/hunav_ws/install/hunav_msgs/lib:/home/ambroise/hunav_ws/install/people_msgs/lib:/home/ambroise/hunav_ws/install/hunav_rviz2_panel/lib:/home/ambroise/hunav_ws/install/hunav_gazebo_wrapper/lib:/usr/lib/x86_64-linux-gnu/gazebo-11/plugins:/opt/ros/humble/opt/rviz_ogre_vendor/lib:/opt/ros/humble/lib/x86_64-linux-gnu:/opt/ros/humble/lib:/usr/lib/x86_64-linux-gnu/gazebo-11/plugins:/home/ambroise/hunav_ws/install/hunav_gazebo_wrapper/lib PYTHONPATH=/home/ambroise/hunav_ws/build/hunav_evaluator/prefix_override:/usr/lib/python3/dist-packages/colcon_core/task/python/colcon_distutils_commands:/home/ambroise/hunav_ws/install/hunav_evaluator/lib/python3.10/site-packages:${PYTHONPATH} /usr/bin/python3 -W ignore:setup.py install is deprecated -W ignore:easy_install command is deprecated setup.py develop --editable --build-directory /home/ambroise/hunav_ws/build/hunav_evaluator/build --no-deps symlink_data
[2.179s] INFO:colcon.colcon_core.shell:Creating environment descriptor '/home/ambroise/hunav_ws/build/hunav_evaluator/share/hunav_evaluator/hook/pythonpath_develop.dsv'
[2.180s] INFO:colcon.colcon_core.shell:Creating environment hook '/home/ambroise/hunav_ws/build/hunav_evaluator/share/hunav_evaluator/hook/pythonpath_develop.sh'
[2.180s] Level 1:colcon.colcon_core.environment:checking '/home/ambroise/hunav_ws/install/hunav_evaluator' for CMake module files
[2.181s] Level 1:colcon.colcon_core.environment:checking '/home/ambroise/hunav_ws/install/hunav_evaluator' for CMake config files
[2.181s] Level 1:colcon.colcon_core.environment:checking '/home/ambroise/hunav_ws/install/hunav_evaluator/lib'
[2.181s] Level 1:colcon.colcon_core.environment:checking '/home/ambroise/hunav_ws/install/hunav_evaluator/bin'
[2.181s] Level 1:colcon.colcon_core.environment:checking '/home/ambroise/hunav_ws/install/hunav_evaluator/lib/pkgconfig/hunav_evaluator.pc'
[2.181s] Level 1:colcon.colcon_core.environment:checking '/home/ambroise/hunav_ws/install/hunav_evaluator/lib/python3.10/site-packages'
[2.181s] Level 1:colcon.colcon_core.shell:create_environment_hook('hunav_evaluator', 'pythonpath')
[2.182s] INFO:colcon.colcon_core.shell:Creating environment hook '/home/ambroise/hunav_ws/install/hunav_evaluator/share/hunav_evaluator/hook/pythonpath.ps1'
[2.182s] INFO:colcon.colcon_core.shell:Creating environment descriptor '/home/ambroise/hunav_ws/install/hunav_evaluator/share/hunav_evaluator/hook/pythonpath.dsv'
[2.182s] INFO:colcon.colcon_core.shell:Creating environment hook '/home/ambroise/hunav_ws/install/hunav_evaluator/share/hunav_evaluator/hook/pythonpath.sh'
[2.183s] Level 1:colcon.colcon_core.environment:checking '/home/ambroise/hunav_ws/install/hunav_evaluator/bin'
[2.183s] Level 1:colcon.colcon_core.environment:create_environment_scripts_only(hunav_evaluator)
[2.183s] INFO:colcon.colcon_core.shell:Creating package script '/home/ambroise/hunav_ws/install/hunav_evaluator/share/hunav_evaluator/package.ps1'
[2.184s] INFO:colcon.colcon_core.shell:Creating package descriptor '/home/ambroise/hunav_ws/install/hunav_evaluator/share/hunav_evaluator/package.dsv'
[2.184s] INFO:colcon.colcon_core.shell:Creating package script '/home/ambroise/hunav_ws/install/hunav_evaluator/share/hunav_evaluator/package.sh'
[2.184s] INFO:colcon.colcon_core.shell:Creating package script '/home/ambroise/hunav_ws/install/hunav_evaluator/share/hunav_evaluator/package.bash'
[2.185s] INFO:colcon.colcon_core.shell:Creating package script '/home/ambroise/hunav_ws/install/hunav_evaluator/share/hunav_evaluator/package.zsh'
[2.185s] Level 1:colcon.colcon_core.environment:create_file_with_runtime_dependencies(/home/ambroise/hunav_ws/install/hunav_evaluator/share/colcon-core/packages/hunav_evaluator)
[2.185s] INFO:colcon.colcon_ros.task.ament_cmake.build:Building ROS package in '/home/ambroise/hunav_ws/src/hunav_sim/hunav_sim' with build type 'ament_cmake'
[2.185s] INFO:colcon.colcon_cmake.task.cmake.build:Building CMake package in '/home/ambroise/hunav_ws/src/hunav_sim/hunav_sim'
[2.186s] INFO:colcon.colcon_core.shell:Skip shell extension 'powershell' for command environment: Not usable outside of PowerShell
[2.186s] DEBUG:colcon.colcon_core.shell:Skip shell extension 'dsv' for command environment
[2.204s] DEBUG:colcon.colcon_core.event_handler.log_command:Invoking command in '/home/ambroise/hunav_ws/build/hunav_sim': AMENT_PREFIX_PATH=/home/ambroise/hunav_ws/install/hunav_evaluator:/home/ambroise/hunav_ws/install/hunav_sim:/home/ambroise/hunav_ws/install/hunav_agent_manager:/home/ambroise/hunav_ws/install/people_msgs:/home/ambroise/hunav_ws/install/hunav_rviz2_panel:/home/ambroise/hunav_ws/install/hunav_behavior_tree_generator:/home/ambroise/hunav_ws/install/hunav_gazebo_wrapper:/home/ambroise/hunav_ws/install/hunav_msgs:/opt/ros/humble CMAKE_PREFIX_PATH=/home/ambroise/hunav_ws/install/hunav_rviz2_panel:/home/ambroise/hunav_ws/install/hunav_agent_manager:/home/ambroise/hunav_ws/install/people_msgs:/home/ambroise/hunav_ws/install/hunav_msgs:/home/ambroise/hunav_ws/install/hunav_sim:/home/ambroise/hunav_ws/install/hunav_gazebo_wrapper:/home/ambroise/hunav_ws/install/hunav_behavior_tree_generator:/home/ambroise/hunav_ws/install/hunav_evaluator:/opt/ros/humble LD_LIBRARY_PATH=/home/ambroise/hunav_ws/install/hunav_rviz2_panel/lib:/home/ambroise/hunav_ws/install/people_msgs/lib:/home/ambroise/hunav_ws/install/hunav_msgs/lib:/home/ambroise/hunav_ws/install/hunav_gazebo_wrapper/lib:/usr/lib/x86_64-linux-gnu/gazebo-11/plugins:/opt/ros/humble/opt/rviz_ogre_vendor/lib:/opt/ros/humble/lib/x86_64-linux-gnu:/opt/ros/humble/lib:/usr/lib/x86_64-linux-gnu/gazebo-11/plugins:/home/ambroise/hunav_ws/install/hunav_gazebo_wrapper/lib PYTHONPATH=/home/ambroise/hunav_ws/build/hunav_evaluator:/home/ambroise/hunav_ws/install/hunav_evaluator/lib/python3.10/site-packages:/home/ambroise/hunav_ws/install/people_msgs/local/lib/python3.10/dist-packages:/home/ambroise/hunav_ws/build/hunav_behavior_tree_generator:/home/ambroise/hunav_ws/install/hunav_behavior_tree_generator/lib/python3.10/site-packages:/home/ambroise/hunav_ws/install/hunav_msgs/local/lib/python3.10/dist-packages:/opt/ros/humble/lib/python3.10/site-packages:/opt/ros/humble/local/lib/python3.10/dist-packages /usr/bin/cmake --build /home/ambroise/hunav_ws/build/hunav_sim -- -j16 -l16
[2.241s] DEBUG:colcon.colcon_core.event_handler.log_command:Invoked command in '/home/ambroise/hunav_ws/build/hunav_sim' returned '0': AMENT_PREFIX_PATH=/home/ambroise/hunav_ws/install/hunav_evaluator:/home/ambroise/hunav_ws/install/hunav_sim:/home/ambroise/hunav_ws/install/hunav_agent_manager:/home/ambroise/hunav_ws/install/people_msgs:/home/ambroise/hunav_ws/install/hunav_rviz2_panel:/home/ambroise/hunav_ws/install/hunav_behavior_tree_generator:/home/ambroise/hunav_ws/install/hunav_gazebo_wrapper:/home/ambroise/hunav_ws/install/hunav_msgs:/opt/ros/humble CMAKE_PREFIX_PATH=/home/ambroise/hunav_ws/install/hunav_rviz2_panel:/home/ambroise/hunav_ws/install/hunav_agent_manager:/home/ambroise/hunav_ws/install/people_msgs:/home/ambroise/hunav_ws/install/hunav_msgs:/home/ambroise/hunav_ws/install/hunav_sim:/home/ambroise/hunav_ws/install/hunav_gazebo_wrapper:/home/ambroise/hunav_ws/install/hunav_behavior_tree_generator:/home/ambroise/hunav_ws/install/hunav_evaluator:/opt/ros/humble LD_LIBRARY_PATH=/home/ambroise/hunav_ws/install/hunav_rviz2_panel/lib:/home/ambroise/hunav_ws/install/people_msgs/lib:/home/ambroise/hunav_ws/install/hunav_msgs/lib:/home/ambroise/hunav_ws/install/hunav_gazebo_wrapper/lib:/usr/lib/x86_64-linux-gnu/gazebo-11/plugins:/opt/ros/humble/opt/rviz_ogre_vendor/lib:/opt/ros/humble/lib/x86_64-linux-gnu:/opt/ros/humble/lib:/usr/lib/x86_64-linux-gnu/gazebo-11/plugins:/home/ambroise/hunav_ws/install/hunav_gazebo_wrapper/lib PYTHONPATH=/home/ambroise/hunav_ws/build/hunav_evaluator:/home/ambroise/hunav_ws/install/hunav_evaluator/lib/python3.10/site-packages:/home/ambroise/hunav_ws/install/people_msgs/local/lib/python3.10/dist-packages:/home/ambroise/hunav_ws/build/hunav_behavior_tree_generator:/home/ambroise/hunav_ws/install/hunav_behavior_tree_generator/lib/python3.10/site-packages:/home/ambroise/hunav_ws/install/hunav_msgs/local/lib/python3.10/dist-packages:/opt/ros/humble/lib/python3.10/site-packages:/opt/ros/humble/local/lib/python3.10/dist-packages /usr/bin/cmake --build /home/ambroise/hunav_ws/build/hunav_sim -- -j16 -l16
[2.243s] DEBUG:colcon.colcon_core.event_handler.log_command:Invoking command in '/home/ambroise/hunav_ws/build/hunav_sim': AMENT_PREFIX_PATH=/home/ambroise/hunav_ws/install/hunav_evaluator:/home/ambroise/hunav_ws/install/hunav_sim:/home/ambroise/hunav_ws/install/hunav_agent_manager:/home/ambroise/hunav_ws/install/people_msgs:/home/ambroise/hunav_ws/install/hunav_rviz2_panel:/home/ambroise/hunav_ws/install/hunav_behavior_tree_generator:/home/ambroise/hunav_ws/install/hunav_gazebo_wrapper:/home/ambroise/hunav_ws/install/hunav_msgs:/opt/ros/humble CMAKE_PREFIX_PATH=/home/ambroise/hunav_ws/install/hunav_rviz2_panel:/home/ambroise/hunav_ws/install/hunav_agent_manager:/home/ambroise/hunav_ws/install/people_msgs:/home/ambroise/hunav_ws/install/hunav_msgs:/home/ambroise/hunav_ws/install/hunav_sim:/home/ambroise/hunav_ws/install/hunav_gazebo_wrapper:/home/ambroise/hunav_ws/install/hunav_behavior_tree_generator:/home/ambroise/hunav_ws/install/hunav_evaluator:/opt/ros/humble LD_LIBRARY_PATH=/home/ambroise/hunav_ws/install/hunav_rviz2_panel/lib:/home/ambroise/hunav_ws/install/people_msgs/lib:/home/ambroise/hunav_ws/install/hunav_msgs/lib:/home/ambroise/hunav_ws/install/hunav_gazebo_wrapper/lib:/usr/lib/x86_64-linux-gnu/gazebo-11/plugins:/opt/ros/humble/opt/rviz_ogre_vendor/lib:/opt/ros/humble/lib/x86_64-linux-gnu:/opt/ros/humble/lib:/usr/lib/x86_64-linux-gnu/gazebo-11/plugins:/home/ambroise/hunav_ws/install/hunav_gazebo_wrapper/lib PYTHONPATH=/home/ambroise/hunav_ws/build/hunav_evaluator:/home/ambroise/hunav_ws/install/hunav_evaluator/lib/python3.10/site-packages:/home/ambroise/hunav_ws/install/people_msgs/local/lib/python3.10/dist-packages:/home/ambroise/hunav_ws/build/hunav_behavior_tree_generator:/home/ambroise/hunav_ws/install/hunav_behavior_tree_generator/lib/python3.10/site-packages:/home/ambroise/hunav_ws/install/hunav_msgs/local/lib/python3.10/dist-packages:/opt/ros/humble/lib/python3.10/site-packages:/opt/ros/humble/local/lib/python3.10/dist-packages /usr/bin/cmake --install /home/ambroise/hunav_ws/build/hunav_sim
[2.267s] Level 1:colcon.colcon_core.environment:create_environment_scripts_only(hunav_sim)
[2.268s] Level 1:colcon.colcon_core.environment:checking '/home/ambroise/hunav_ws/install/hunav_sim' for CMake module files
[2.268s] DEBUG:colcon.colcon_core.event_handler.log_command:Invoked command in '/home/ambroise/hunav_ws/build/hunav_sim' returned '0': AMENT_PREFIX_PATH=/home/ambroise/hunav_ws/install/hunav_evaluator:/home/ambroise/hunav_ws/install/hunav_sim:/home/ambroise/hunav_ws/install/hunav_agent_manager:/home/ambroise/hunav_ws/install/people_msgs:/home/ambroise/hunav_ws/install/hunav_rviz2_panel:/home/ambroise/hunav_ws/install/hunav_behavior_tree_generator:/home/ambroise/hunav_ws/install/hunav_gazebo_wrapper:/home/ambroise/hunav_ws/install/hunav_msgs:/opt/ros/humble CMAKE_PREFIX_PATH=/home/ambroise/hunav_ws/install/hunav_rviz2_panel:/home/ambroise/hunav_ws/install/hunav_agent_manager:/home/ambroise/hunav_ws/install/people_msgs:/home/ambroise/hunav_ws/install/hunav_msgs:/home/ambroise/hunav_ws/install/hunav_sim:/home/ambroise/hunav_ws/install/hunav_gazebo_wrapper:/home/ambroise/hunav_ws/install/hunav_behavior_tree_generator:/home/ambroise/hunav_ws/install/hunav_evaluator:/opt/ros/humble LD_LIBRARY_PATH=/home/ambroise/hunav_ws/install/hunav_rviz2_panel/lib:/home/ambroise/hunav_ws/install/people_msgs/lib:/home/ambroise/hunav_ws/install/hunav_msgs/lib:/home/ambroise/hunav_ws/install/hunav_gazebo_wrapper/lib:/usr/lib/x86_64-linux-gnu/gazebo-11/plugins:/opt/ros/humble/opt/rviz_ogre_vendor/lib:/opt/ros/humble/lib/x86_64-linux-gnu:/opt/ros/humble/lib:/usr/lib/x86_64-linux-gnu/gazebo-11/plugins:/home/ambroise/hunav_ws/install/hunav_gazebo_wrapper/lib PYTHONPATH=/home/ambroise/hunav_ws/build/hunav_evaluator:/home/ambroise/hunav_ws/install/hunav_evaluator/lib/python3.10/site-packages:/home/ambroise/hunav_ws/install/people_msgs/local/lib/python3.10/dist-packages:/home/ambroise/hunav_ws/build/hunav_behavior_tree_generator:/home/ambroise/hunav_ws/install/hunav_behavior_tree_generator/lib/python3.10/site-packages:/home/ambroise/hunav_ws/install/hunav_msgs/local/lib/python3.10/dist-packages:/opt/ros/humble/lib/python3.10/site-packages:/opt/ros/humble/local/lib/python3.10/dist-packages /usr/bin/cmake --install /home/ambroise/hunav_ws/build/hunav_sim
[2.269s] Level 1:colcon.colcon_core.environment:checking '/home/ambroise/hunav_ws/install/hunav_sim' for CMake config files
[2.269s] Level 1:colcon.colcon_core.shell:create_environment_hook('hunav_sim', 'cmake_prefix_path')
[2.269s] INFO:colcon.colcon_core.shell:Creating environment hook '/home/ambroise/hunav_ws/install/hunav_sim/share/hunav_sim/hook/cmake_prefix_path.ps1'
[2.270s] INFO:colcon.colcon_core.shell:Creating environment descriptor '/home/ambroise/hunav_ws/install/hunav_sim/share/hunav_sim/hook/cmake_prefix_path.dsv'
[2.270s] INFO:colcon.colcon_core.shell:Creating environment hook '/home/ambroise/hunav_ws/install/hunav_sim/share/hunav_sim/hook/cmake_prefix_path.sh'
[2.271s] Level 1:colcon.colcon_core.environment:checking '/home/ambroise/hunav_ws/install/hunav_sim/bin'
[2.271s] Level 1:colcon.colcon_core.environment:checking '/home/ambroise/hunav_ws/install/hunav_sim/lib/pkgconfig/hunav_sim.pc'
[2.271s] Level 1:colcon.colcon_core.environment:checking '/home/ambroise/hunav_ws/install/hunav_sim/lib/python3.10/site-packages'
[2.271s] Level 1:colcon.colcon_core.environment:checking '/home/ambroise/hunav_ws/install/hunav_sim/bin'
[2.272s] INFO:colcon.colcon_core.shell:Creating package script '/home/ambroise/hunav_ws/install/hunav_sim/share/hunav_sim/package.ps1'
[2.272s] INFO:colcon.colcon_core.shell:Creating package descriptor '/home/ambroise/hunav_ws/install/hunav_sim/share/hunav_sim/package.dsv'
[2.273s] INFO:colcon.colcon_core.shell:Creating package script '/home/ambroise/hunav_ws/install/hunav_sim/share/hunav_sim/package.sh'
[2.273s] INFO:colcon.colcon_core.shell:Creating package script '/home/ambroise/hunav_ws/install/hunav_sim/share/hunav_sim/package.bash'
[2.273s] INFO:colcon.colcon_core.shell:Creating package script '/home/ambroise/hunav_ws/install/hunav_sim/share/hunav_sim/package.zsh'
[2.274s] Level 1:colcon.colcon_core.environment:create_file_with_runtime_dependencies(/home/ambroise/hunav_ws/install/hunav_sim/share/colcon-core/packages/hunav_sim)
[2.274s] Level 1:colcon.colcon_core.environment:create_environment_scripts_only(hunav_sim)
[2.274s] Level 1:colcon.colcon_core.environment:checking '/home/ambroise/hunav_ws/install/hunav_sim' for CMake module files
[2.275s] Level 1:colcon.colcon_core.environment:checking '/home/ambroise/hunav_ws/install/hunav_sim' for CMake config files
[2.275s] Level 1:colcon.colcon_core.shell:create_environment_hook('hunav_sim', 'cmake_prefix_path')
[2.275s] INFO:colcon.colcon_core.shell:Creating environment hook '/home/ambroise/hunav_ws/install/hunav_sim/share/hunav_sim/hook/cmake_prefix_path.ps1'
[2.275s] INFO:colcon.colcon_core.shell:Creating environment descriptor '/home/ambroise/hunav_ws/install/hunav_sim/share/hunav_sim/hook/cmake_prefix_path.dsv'
[2.275s] INFO:colcon.colcon_core.shell:Creating environment hook '/home/ambroise/hunav_ws/install/hunav_sim/share/hunav_sim/hook/cmake_prefix_path.sh'
[2.276s] Level 1:colcon.colcon_core.environment:checking '/home/ambroise/hunav_ws/install/hunav_sim/bin'
[2.276s] Level 1:colcon.colcon_core.environment:checking '/home/ambroise/hunav_ws/install/hunav_sim/lib/pkgconfig/hunav_sim.pc'
[2.276s] Level 1:colcon.colcon_core.environment:checking '/home/ambroise/hunav_ws/install/hunav_sim/lib/python3.10/site-packages'
[2.276s] Level 1:colcon.colcon_core.environment:checking '/home/ambroise/hunav_ws/install/hunav_sim/bin'
[2.276s] INFO:colcon.colcon_core.shell:Creating package script '/home/ambroise/hunav_ws/install/hunav_sim/share/hunav_sim/package.ps1'
[2.277s] INFO:colcon.colcon_core.shell:Creating package descriptor '/home/ambroise/hunav_ws/install/hunav_sim/share/hunav_sim/package.dsv'
[2.278s] INFO:colcon.colcon_core.shell:Creating package script '/home/ambroise/hunav_ws/install/hunav_sim/share/hunav_sim/package.sh'
[2.278s] INFO:colcon.colcon_core.shell:Creating package script '/home/ambroise/hunav_ws/install/hunav_sim/share/hunav_sim/package.bash'
[2.278s] INFO:colcon.colcon_core.shell:Creating package script '/home/ambroise/hunav_ws/install/hunav_sim/share/hunav_sim/package.zsh'
[2.279s] Level 1:colcon.colcon_core.environment:create_file_with_runtime_dependencies(/home/ambroise/hunav_ws/install/hunav_sim/share/colcon-core/packages/hunav_sim)
[2.463s] Level 1:colcon.colcon_core.shell:create_environment_hook('hunav_behavior_tree_generator', 'pythonpath_develop')
[2.464s] INFO:colcon.colcon_core.shell:Creating environment hook '/home/ambroise/hunav_ws/build/hunav_behavior_tree_generator/share/hunav_behavior_tree_generator/hook/pythonpath_develop.ps1'
[2.465s] DEBUG:colcon.colcon_core.event_handler.log_command:Invoked command in '/home/ambroise/hunav_ws/build/hunav_behavior_tree_generator' returned '0': CMAKE_PREFIX_PATH=/home/ambroise/hunav_ws/install/hunav_gazebo_wrapper:/home/ambroise/hunav_ws/install/hunav_msgs:/home/ambroise/hunav_ws/install/hunav_sim:/home/ambroise/hunav_ws/install/hunav_agent_manager:/home/ambroise/hunav_ws/install/people_msgs:/home/ambroise/hunav_ws/install/hunav_rviz2_panel LD_LIBRARY_PATH=/home/ambroise/hunav_ws/install/hunav_gazebo_wrapper/lib:/home/ambroise/hunav_ws/install/hunav_msgs/lib:/home/ambroise/hunav_ws/install/people_msgs/lib:/home/ambroise/hunav_ws/install/hunav_rviz2_panel/lib:/usr/lib/x86_64-linux-gnu/gazebo-11/plugins:/opt/ros/humble/opt/rviz_ogre_vendor/lib:/opt/ros/humble/lib/x86_64-linux-gnu:/opt/ros/humble/lib:/usr/lib/x86_64-linux-gnu/gazebo-11/plugins PYTHONPATH=/home/ambroise/hunav_ws/build/hunav_behavior_tree_generator/prefix_override:/usr/lib/python3/dist-packages/colcon_core/task/python/colcon_distutils_commands:/home/ambroise/hunav_ws/install/hunav_behavior_tree_generator/lib/python3.10/site-packages:${PYTHONPATH} /usr/bin/python3 -W ignore:setup.py install is deprecated -W ignore:easy_install command is deprecated setup.py develop --editable --build-directory /home/ambroise/hunav_ws/build/hunav_behavior_tree_generator/build --no-deps symlink_data
[2.465s] INFO:colcon.colcon_core.shell:Creating environment descriptor '/home/ambroise/hunav_ws/build/hunav_behavior_tree_generator/share/hunav_behavior_tree_generator/hook/pythonpath_develop.dsv'
[2.466s] INFO:colcon.colcon_core.shell:Creating environment hook '/home/ambroise/hunav_ws/build/hunav_behavior_tree_generator/share/hunav_behavior_tree_generator/hook/pythonpath_develop.sh'
[2.466s] Level 1:colcon.colcon_core.environment:checking '/home/ambroise/hunav_ws/install/hunav_behavior_tree_generator' for CMake module files
[2.467s] Level 1:colcon.colcon_core.environment:checking '/home/ambroise/hunav_ws/install/hunav_behavior_tree_generator' for CMake config files
[2.467s] Level 1:colcon.colcon_core.environment:checking '/home/ambroise/hunav_ws/install/hunav_behavior_tree_generator/lib'
[2.467s] Level 1:colcon.colcon_core.environment:checking '/home/ambroise/hunav_ws/install/hunav_behavior_tree_generator/bin'
[2.467s] Level 1:colcon.colcon_core.environment:checking '/home/ambroise/hunav_ws/install/hunav_behavior_tree_generator/lib/pkgconfig/hunav_behavior_tree_generator.pc'
[2.467s] Level 1:colcon.colcon_core.environment:checking '/home/ambroise/hunav_ws/install/hunav_behavior_tree_generator/lib/python3.10/site-packages'
[2.467s] Level 1:colcon.colcon_core.shell:create_environment_hook('hunav_behavior_tree_generator', 'pythonpath')
[2.468s] INFO:colcon.colcon_core.shell:Creating environment hook '/home/ambroise/hunav_ws/install/hunav_behavior_tree_generator/share/hunav_behavior_tree_generator/hook/pythonpath.ps1'
[2.468s] INFO:colcon.colcon_core.shell:Creating environment descriptor '/home/ambroise/hunav_ws/install/hunav_behavior_tree_generator/share/hunav_behavior_tree_generator/hook/pythonpath.dsv'
[2.468s] INFO:colcon.colcon_core.shell:Creating environment hook '/home/ambroise/hunav_ws/install/hunav_behavior_tree_generator/share/hunav_behavior_tree_generator/hook/pythonpath.sh'
[2.469s] Level 1:colcon.colcon_core.environment:checking '/home/ambroise/hunav_ws/install/hunav_behavior_tree_generator/bin'
[2.469s] Level 1:colcon.colcon_core.environment:create_environment_scripts_only(hunav_behavior_tree_generator)
[2.469s] INFO:colcon.colcon_core.shell:Creating package script '/home/ambroise/hunav_ws/install/hunav_behavior_tree_generator/share/hunav_behavior_tree_generator/package.ps1'
[2.470s] INFO:colcon.colcon_core.shell:Creating package descriptor '/home/ambroise/hunav_ws/install/hunav_behavior_tree_generator/share/hunav_behavior_tree_generator/package.dsv'
[2.470s] INFO:colcon.colcon_core.shell:Creating package script '/home/ambroise/hunav_ws/install/hunav_behavior_tree_generator/share/hunav_behavior_tree_generator/package.sh'
[2.470s] INFO:colcon.colcon_core.shell:Creating package script '/home/ambroise/hunav_ws/install/hunav_behavior_tree_generator/share/hunav_behavior_tree_generator/package.bash'
[2.471s] INFO:colcon.colcon_core.shell:Creating package script '/home/ambroise/hunav_ws/install/hunav_behavior_tree_generator/share/hunav_behavior_tree_generator/package.zsh'
[2.471s] Level 1:colcon.colcon_core.environment:create_file_with_runtime_dependencies(/home/ambroise/hunav_ws/install/hunav_behavior_tree_generator/share/colcon-core/packages/hunav_behavior_tree_generator)
[2.833s] DEBUG:colcon.colcon_core.event_handler.log_command:Invoked command in '/home/ambroise/hunav_ws/build/nav2_social_costmap_plugin' returned '0': CMAKE_PREFIX_PATH=/home/ambroise/hunav_ws/install/people_msgs:/home/ambroise/hunav_ws/install/hunav_sim:/home/ambroise/hunav_ws/install/hunav_agent_manager:/home/ambroise/hunav_ws/install/hunav_rviz2_panel:/home/ambroise/hunav_ws/install/hunav_gazebo_wrapper:/home/ambroise/hunav_ws/install/hunav_msgs:/home/ambroise/hunav_ws/install/hunav_behavior_tree_generator:/home/ambroise/hunav_ws/install/hunav_evaluator:/opt/ros/humble /usr/bin/cmake /home/ambroise/hunav_ws/src/nav2_social_costmap_plugin -DAMENT_CMAKE_SYMLINK_INSTALL=1 -DCMAKE_INSTALL_PREFIX=/home/ambroise/hunav_ws/install/nav2_social_costmap_plugin
[2.834s] DEBUG:colcon.colcon_core.event_handler.log_command:Invoking command in '/home/ambroise/hunav_ws/build/nav2_social_costmap_plugin': CMAKE_PREFIX_PATH=/home/ambroise/hunav_ws/install/people_msgs:/home/ambroise/hunav_ws/install/hunav_sim:/home/ambroise/hunav_ws/install/hunav_agent_manager:/home/ambroise/hunav_ws/install/hunav_rviz2_panel:/home/ambroise/hunav_ws/install/hunav_gazebo_wrapper:/home/ambroise/hunav_ws/install/hunav_msgs:/home/ambroise/hunav_ws/install/hunav_behavior_tree_generator:/home/ambroise/hunav_ws/install/hunav_evaluator:/opt/ros/humble /usr/bin/cmake --build /home/ambroise/hunav_ws/build/nav2_social_costmap_plugin -- -j16 -l16
[13.174s] DEBUG:colcon.colcon_core.event_handler.log_command:Invoked command in '/home/ambroise/hunav_ws/build/nav2_social_costmap_plugin' returned '0': CMAKE_PREFIX_PATH=/home/ambroise/hunav_ws/install/people_msgs:/home/ambroise/hunav_ws/install/hunav_sim:/home/ambroise/hunav_ws/install/hunav_agent_manager:/home/ambroise/hunav_ws/install/hunav_rviz2_panel:/home/ambroise/hunav_ws/install/hunav_gazebo_wrapper:/home/ambroise/hunav_ws/install/hunav_msgs:/home/ambroise/hunav_ws/install/hunav_behavior_tree_generator:/home/ambroise/hunav_ws/install/hunav_evaluator:/opt/ros/humble /usr/bin/cmake --build /home/ambroise/hunav_ws/build/nav2_social_costmap_plugin -- -j16 -l16
[13.175s] DEBUG:colcon.colcon_core.event_handler.log_command:Invoking command in '/home/ambroise/hunav_ws/build/nav2_social_costmap_plugin': CMAKE_PREFIX_PATH=/home/ambroise/hunav_ws/install/people_msgs:/home/ambroise/hunav_ws/install/hunav_sim:/home/ambroise/hunav_ws/install/hunav_agent_manager:/home/ambroise/hunav_ws/install/hunav_rviz2_panel:/home/ambroise/hunav_ws/install/hunav_gazebo_wrapper:/home/ambroise/hunav_ws/install/hunav_msgs:/home/ambroise/hunav_ws/install/hunav_behavior_tree_generator:/home/ambroise/hunav_ws/install/hunav_evaluator:/opt/ros/humble /usr/bin/cmake --install /home/ambroise/hunav_ws/build/nav2_social_costmap_plugin
[13.360s] Level 1:colcon.colcon_core.environment:create_environment_scripts_only(nav2_social_costmap_plugin)
[13.360s] DEBUG:colcon.colcon_core.event_handler.log_command:Invoked command in '/home/ambroise/hunav_ws/build/nav2_social_costmap_plugin' returned '0': CMAKE_PREFIX_PATH=/home/ambroise/hunav_ws/install/people_msgs:/home/ambroise/hunav_ws/install/hunav_sim:/home/ambroise/hunav_ws/install/hunav_agent_manager:/home/ambroise/hunav_ws/install/hunav_rviz2_panel:/home/ambroise/hunav_ws/install/hunav_gazebo_wrapper:/home/ambroise/hunav_ws/install/hunav_msgs:/home/ambroise/hunav_ws/install/hunav_behavior_tree_generator:/home/ambroise/hunav_ws/install/hunav_evaluator:/opt/ros/humble /usr/bin/cmake --install /home/ambroise/hunav_ws/build/nav2_social_costmap_plugin
[13.361s] Level 1:colcon.colcon_core.environment:checking '/home/ambroise/hunav_ws/install/nav2_social_costmap_plugin' for CMake module files
[13.361s] Level 1:colcon.colcon_core.environment:checking '/home/ambroise/hunav_ws/install/nav2_social_costmap_plugin' for CMake config files
[13.362s] Level 1:colcon.colcon_core.shell:create_environment_hook('nav2_social_costmap_plugin', 'cmake_prefix_path')
[13.362s] INFO:colcon.colcon_core.shell:Creating environment hook '/home/ambroise/hunav_ws/install/nav2_social_costmap_plugin/share/nav2_social_costmap_plugin/hook/cmake_prefix_path.ps1'
[13.362s] INFO:colcon.colcon_core.shell:Creating environment descriptor '/home/ambroise/hunav_ws/install/nav2_social_costmap_plugin/share/nav2_social_costmap_plugin/hook/cmake_prefix_path.dsv'
[13.362s] INFO:colcon.colcon_core.shell:Creating environment hook '/home/ambroise/hunav_ws/install/nav2_social_costmap_plugin/share/nav2_social_costmap_plugin/hook/cmake_prefix_path.sh'
[13.363s] Level 1:colcon.colcon_core.environment:checking '/home/ambroise/hunav_ws/install/nav2_social_costmap_plugin/lib'
[13.363s] Level 1:colcon.colcon_core.shell:create_environment_hook('nav2_social_costmap_plugin', 'ld_library_path_lib')
[13.363s] INFO:colcon.colcon_core.shell:Creating environment hook '/home/ambroise/hunav_ws/install/nav2_social_costmap_plugin/share/nav2_social_costmap_plugin/hook/ld_library_path_lib.ps1'
[13.363s] INFO:colcon.colcon_core.shell:Creating environment descriptor '/home/ambroise/hunav_ws/install/nav2_social_costmap_plugin/share/nav2_social_costmap_plugin/hook/ld_library_path_lib.dsv'
[13.363s] INFO:colcon.colcon_core.shell:Creating environment hook '/home/ambroise/hunav_ws/install/nav2_social_costmap_plugin/share/nav2_social_costmap_plugin/hook/ld_library_path_lib.sh'
[13.364s] Level 1:colcon.colcon_core.environment:checking '/home/ambroise/hunav_ws/install/nav2_social_costmap_plugin/bin'
[13.364s] Level 1:colcon.colcon_core.environment:checking '/home/ambroise/hunav_ws/install/nav2_social_costmap_plugin/lib/pkgconfig/nav2_social_costmap_plugin.pc'
[13.364s] Level 1:colcon.colcon_core.environment:checking '/home/ambroise/hunav_ws/install/nav2_social_costmap_plugin/lib/python3.10/site-packages'
[13.365s] Level 1:colcon.colcon_core.environment:checking '/home/ambroise/hunav_ws/install/nav2_social_costmap_plugin/bin'
[13.365s] INFO:colcon.colcon_core.shell:Creating package script '/home/ambroise/hunav_ws/install/nav2_social_costmap_plugin/share/nav2_social_costmap_plugin/package.ps1'
[13.365s] INFO:colcon.colcon_core.shell:Creating package descriptor '/home/ambroise/hunav_ws/install/nav2_social_costmap_plugin/share/nav2_social_costmap_plugin/package.dsv'
[13.365s] INFO:colcon.colcon_core.shell:Creating package script '/home/ambroise/hunav_ws/install/nav2_social_costmap_plugin/share/nav2_social_costmap_plugin/package.sh'
[13.366s] INFO:colcon.colcon_core.shell:Creating package script '/home/ambroise/hunav_ws/install/nav2_social_costmap_plugin/share/nav2_social_costmap_plugin/package.bash'
[13.366s] INFO:colcon.colcon_core.shell:Creating package script '/home/ambroise/hunav_ws/install/nav2_social_costmap_plugin/share/nav2_social_costmap_plugin/package.zsh'
[13.366s] Level 1:colcon.colcon_core.environment:create_file_with_runtime_dependencies(/home/ambroise/hunav_ws/install/nav2_social_costmap_plugin/share/colcon-core/packages/nav2_social_costmap_plugin)
[13.367s] Level 1:colcon.colcon_core.environment:create_environment_scripts_only(nav2_social_costmap_plugin)
[13.367s] Level 1:colcon.colcon_core.environment:checking '/home/ambroise/hunav_ws/install/nav2_social_costmap_plugin' for CMake module files
[13.367s] Level 1:colcon.colcon_core.environment:checking '/home/ambroise/hunav_ws/install/nav2_social_costmap_plugin' for CMake config files
[13.367s] Level 1:colcon.colcon_core.shell:create_environment_hook('nav2_social_costmap_plugin', 'cmake_prefix_path')
[13.367s] INFO:colcon.colcon_core.shell:Creating environment hook '/home/ambroise/hunav_ws/install/nav2_social_costmap_plugin/share/nav2_social_costmap_plugin/hook/cmake_prefix_path.ps1'
[13.368s] INFO:colcon.colcon_core.shell:Creating environment descriptor '/home/ambroise/hunav_ws/install/nav2_social_costmap_plugin/share/nav2_social_costmap_plugin/hook/cmake_prefix_path.dsv'
[13.368s] INFO:colcon.colcon_core.shell:Creating environment hook '/home/ambroise/hunav_ws/install/nav2_social_costmap_plugin/share/nav2_social_costmap_plugin/hook/cmake_prefix_path.sh'
[13.368s] Level 1:colcon.colcon_core.environment:checking '/home/ambroise/hunav_ws/install/nav2_social_costmap_plugin/lib'
[13.368s] Level 1:colcon.colcon_core.shell:create_environment_hook('nav2_social_costmap_plugin', 'ld_library_path_lib')
[13.368s] INFO:colcon.colcon_core.shell:Creating environment hook '/home/ambroise/hunav_ws/install/nav2_social_costmap_plugin/share/nav2_social_costmap_plugin/hook/ld_library_path_lib.ps1'
[13.369s] INFO:colcon.colcon_core.shell:Creating environment descriptor '/home/ambroise/hunav_ws/install/nav2_social_costmap_plugin/share/nav2_social_costmap_plugin/hook/ld_library_path_lib.dsv'
[13.369s] INFO:colcon.colcon_core.shell:Creating environment hook '/home/ambroise/hunav_ws/install/nav2_social_costmap_plugin/share/nav2_social_costmap_plugin/hook/ld_library_path_lib.sh'
[13.369s] Level 1:colcon.colcon_core.environment:checking '/home/ambroise/hunav_ws/install/nav2_social_costmap_plugin/bin'
[13.369s] Level 1:colcon.colcon_core.environment:checking '/home/ambroise/hunav_ws/install/nav2_social_costmap_plugin/lib/pkgconfig/nav2_social_costmap_plugin.pc'
[13.369s] Level 1:colcon.colcon_core.environment:checking '/home/ambroise/hunav_ws/install/nav2_social_costmap_plugin/lib/python3.10/site-packages'
[13.370s] Level 1:colcon.colcon_core.environment:checking '/home/ambroise/hunav_ws/install/nav2_social_costmap_plugin/bin'
[13.370s] INFO:colcon.colcon_core.shell:Creating package script '/home/ambroise/hunav_ws/install/nav2_social_costmap_plugin/share/nav2_social_costmap_plugin/package.ps1'
[13.370s] INFO:colcon.colcon_core.shell:Creating package descriptor '/home/ambroise/hunav_ws/install/nav2_social_costmap_plugin/share/nav2_social_costmap_plugin/package.dsv'
[13.370s] INFO:colcon.colcon_core.shell:Creating package script '/home/ambroise/hunav_ws/install/nav2_social_costmap_plugin/share/nav2_social_costmap_plugin/package.sh'
[13.371s] INFO:colcon.colcon_core.shell:Creating package script '/home/ambroise/hunav_ws/install/nav2_social_costmap_plugin/share/nav2_social_costmap_plugin/package.bash'
[13.371s] INFO:colcon.colcon_core.shell:Creating package script '/home/ambroise/hunav_ws/install/nav2_social_costmap_plugin/share/nav2_social_costmap_plugin/package.zsh'
[13.371s] Level 1:colcon.colcon_core.environment:create_file_with_runtime_dependencies(/home/ambroise/hunav_ws/install/nav2_social_costmap_plugin/share/colcon-core/packages/nav2_social_costmap_plugin)
[13.371s] DEBUG:colcon.colcon_parallel_executor.executor.parallel:closing loop
[13.372s] DEBUG:colcon.colcon_parallel_executor.executor.parallel:loop closed
[13.372s] DEBUG:colcon.colcon_parallel_executor.executor.parallel:run_until_complete finished with '0'
[13.372s] DEBUG:colcon.colcon_core.event_reactor:joining thread
[13.383s] INFO:colcon.colcon_core.plugin_system:Skipping extension 'colcon_notification.desktop_notification.terminal_notifier': Not used on non-Darwin systems
[13.383s] INFO:colcon.colcon_core.plugin_system:Skipping extension 'colcon_notification.desktop_notification.win32': Not used on non-Windows systems
[13.384s] INFO:colcon.colcon_notification.desktop_notification:Sending desktop notification using 'notify2'
[13.395s] DEBUG:colcon.colcon_core.event_reactor:joined thread
[13.395s] INFO:colcon.colcon_core.shell:Creating prefix script '/home/ambroise/hunav_ws/install/local_setup.ps1'
[13.396s] INFO:colcon.colcon_core.shell:Creating prefix util module '/home/ambroise/hunav_ws/install/_local_setup_util_ps1.py'
[13.398s] INFO:colcon.colcon_core.shell:Creating prefix chain script '/home/ambroise/hunav_ws/install/setup.ps1'
[13.399s] INFO:colcon.colcon_core.shell:Creating prefix script '/home/ambroise/hunav_ws/install/local_setup.sh'
[13.400s] INFO:colcon.colcon_core.shell:Creating prefix util module '/home/ambroise/hunav_ws/install/_local_setup_util_sh.py'
[13.400s] INFO:colcon.colcon_core.shell:Creating prefix chain script '/home/ambroise/hunav_ws/install/setup.sh'
[13.401s] INFO:colcon.colcon_core.shell:Creating prefix script '/home/ambroise/hunav_ws/install/local_setup.bash'
[13.402s] INFO:colcon.colcon_core.shell:Creating prefix chain script '/home/ambroise/hunav_ws/install/setup.bash'
[13.403s] INFO:colcon.colcon_core.shell:Creating prefix script '/home/ambroise/hunav_ws/install/local_setup.zsh'
[13.404s] INFO:colcon.colcon_core.shell:Creating prefix chain script '/home/ambroise/hunav_ws/install/setup.zsh'
